{
  "description": "D435i-Panda hand-eye calibration samples. ChArUco: 5x7, 30mm squares, DICT_5X5_100. Units: meters. Quaternion order: xyzw.",
  "samples": [
    {
      "name": "pose_001",
      "gripper_wrt_base": {
        "translation": [
          0.3355645741933167,
          -0.13873864946860442,
          0.27262758133418896
        ],
        "quaternion_xyzw": [
          0.9939388099531846,
          0.03386549437244337,
          -0.0026199482862916106,
          -0.10455575656430467
        ]
      },
      "target_wrt_camera": {
        "translation": [
          -0.10352235876395169,
          0.08623459377311925,
          0.3846991881694249
        ],
        "quaternion_xyzw": [
          0.993164389345195,
          0.022163743252313385,
          -0.11308792738519975,
          -0.01855761033514855
        ]
      }
    },
    {
      "name": "pose_002",
      "gripper_wrt_base": {
        "translation": [
          0.3287081111962268,
          -0.16298505204148594,
          0.2067298585838865
        ],
        "quaternion_xyzw": [
          0.9829404377576597,
          -0.030510212640250802,
          0.01154488555710214,
          -0.18100811684258847
        ]
      },
      "target_wrt_camera": {
        "translation": [
          -0.08807893193210559,
          0.11060956344177986,
          0.3459127197597829
        ],
        "quaternion_xyzw": [
          0.9807486376069521,
          -0.042379465203212556,
          -0.1905968407660484,
          -0.0029891555995941468
        ]
      }
    },
    {
      "name": "pose_003",
      "gripper_wrt_base": {
        "translation": [
          0.2878634924914093,
          -0.07358379680472961,
          0.3338426805615673
        ],
        "quaternion_xyzw": [
          0.9932819919223993,
          0.08641885252762228,
          0.06971203026667888,
          0.03260213622720864
        ]
      },
      "target_wrt_camera": {
        "translation": [
          -0.13066194679987686,
          0.07601193051371766,
          0.3958841277129016
        ],
        "quaternion_xyzw": [
          0.9950394528139833,
          0.07426376253961348,
          0.028799286636238815,
          0.059598506745994685
        ]
      }
    },
    {
      "name": "pose_004",
      "gripper_wrt_base": {
        "translation": [
          0.215429985915655,
          -0.057935903636241376,
          0.33002997785986404
        ],
        "quaternion_xyzw": [
          0.9795004121611124,
          -0.07810690120876583,
          0.14553606167837765,
          -0.11531482693445191
        ]
      },
      "target_wrt_camera": {
        "translation": [
          -0.0020236617293962174,
          0.09940458871444308,
          0.4256699166653317
        ],
        "quaternion_xyzw": [
          0.9788160181178164,
          -0.08967050754506146,
          -0.12494632955630428,
          0.13515479082519094
        ]
      }
    },
    {
      "name": "pose_005",
      "gripper_wrt_base": {
        "translation": [
          0.4995667707847244,
          -0.07293132865797564,
          0.3586280254630069
        ],
        "quaternion_xyzw": [
          0.972730280668625,
          -0.06509932122182176,
          -0.22028539485528606,
          0.03212824707709651
        ]
      },
      "target_wrt_camera": {
        "translation": [
          -0.118224050840315,
          0.09490148910650731,
          0.4802845907738857
        ],
        "quaternion_xyzw": [
          0.9675558761778174,
          -0.07435833406864269,
          0.030095056160604903,
          -0.2395845408681506
        ]
      }
    },
    {
      "name": "pose_006",
      "gripper_wrt_base": {
        "translation": [
          0.32308933392974637,
          -0.25934630961474225,
          0.34238843563707355
        ],
        "quaternion_xyzw": [
          0.9088165378707743,
          -0.16897971703304648,
          -0.02991290554002146,
          -0.38026776593101436
        ]
      },
      "target_wrt_camera": {
        "translation": [
          0.0881558240725808,
          0.10140064398418219,
          0.533398697119552
        ],
        "quaternion_xyzw": [
          0.9051632638046242,
          -0.17903993107160027,
          -0.38213172208369267,
          -0.050985448098340554
        ]
      }
    },
    {
      "name": "pose_007",
      "gripper_wrt_base": {
        "translation": [
          0.3316929121044898,
          -0.24603449269810385,
          0.24179822923625907
        ],
        "quaternion_xyzw": [
          0.8820813496781097,
          -0.15969485771469727,
          -0.01444196524825648,
          -0.44296893187817926
        ]
      },
      "target_wrt_camera": {
        "translation": [
          0.0880645326692268,
          0.12508979291525563,
          0.4475284854094007
        ],
        "quaternion_xyzw": [
          0.8779672943889347,
          -0.16921575610401923,
          -0.44627259544377457,
          -0.03715142561727496
        ]
      }
    },
    {
      "name": "pose_008",
      "gripper_wrt_base": {
        "translation": [
          0.2827869325343164,
          0.09916765866803565,
          0.30888269578020494
        ],
        "quaternion_xyzw": [
          0.9393261661357606,
          -0.2655156738355594,
          0.07042384219796129,
          0.20544649671001683
        ]
      },
      "target_wrt_camera": {
        "translation": [
          -0.06447361385410781,
          0.11332746187218615,
          0.36079559038927395
        ],
        "quaternion_xyzw": [
          0.9362642177219582,
          -0.27735835548893606,
          0.20646227419633387,
          0.06208853829524705
        ]
      }
    },
    {
      "name": "pose_009",
      "gripper_wrt_base": {
        "translation": [
          0.17093256696296005,
          0.174721603805646,
          0.2656242052872983
        ],
        "quaternion_xyzw": [
          0.9608088782524136,
          -0.01029679824229949,
          0.18933383543011226,
          0.20222011319010647
        ]
      },
      "target_wrt_camera": {
        "translation": [
          0.0005794531179649171,
          0.05426920030865934,
          0.3755101978432749
        ],
        "quaternion_xyzw": [
          0.9627632792048888,
          -0.02373717781439748,
          0.1981296169224267,
          0.1823953659011915
        ]
      }
    },
    {
      "name": "pose_010",
      "gripper_wrt_base": {
        "translation": [
          0.31665633530023923,
          0.05818396921086991,
          0.5034428988161093
        ],
        "quaternion_xyzw": [
          0.9978053834898013,
          -0.01864420408244702,
          -0.015408585618280535,
          0.06163915818817411
        ]
      },
      "target_wrt_camera": {
        "translation": [
          -0.046836781465618316,
          0.062389979075191004,
          0.5729062381547246
        ],
        "quaternion_xyzw": [
          0.9972697028241642,
          -0.029855044849623147,
          0.06074299313078803,
          -0.029531422443617845
        ]
      }
    },
    {
      "name": "pose_011",
      "gripper_wrt_base": {
        "translation": [
          0.3477431879129689,
          -0.09415903168178602,
          0.36004733917161236
        ],
        "quaternion_xyzw": [
          0.9952407286099586,
          -0.07707325753868915,
          -0.04865181350740877,
          -0.034476167576080845
        ]
      },
      "target_wrt_camera": {
        "translation": [
          -0.08768614377097221,
          0.09525989366644527,
          0.45004220092276387
        ],
        "quaternion_xyzw": [
          0.9928469328540562,
          -0.08982764565784204,
          -0.04150261752817387,
          -0.06680939107769658
        ]
      }
    },
    {
      "name": "pose_012",
      "gripper_wrt_base": {
        "translation": [
          0.34952341141224547,
          -0.11305869569855662,
          0.4011718414559454
        ],