time,x,y,z,gripper_deg,button,K_trans,K_rot,damping_ratio,K_fb,deadband,scale
0.0009,0.039193,0.003438,0.072885,-28.29,0,200.0,10.0,1.00,0.500,0.300,3.00
0.0062,0.039174,0.003485,0.073038,-28.29,0,200.0,10.0,1.00,0.500,0.300,3.00
0.0112,0.039235,0.003364,0.073196,-28.29,0,199.8,10.0,1.00,0.500,0.300,3.00
0.0162,0.039268,0.002881,0.073341,-28.29,0,199.8,10.0,1.00,0.500,0.300,3.00
0.0212,0.039191,0.002803,0.073506,-28.29,0,199.3,10.0,1.00,0.500,0.300,3.00
0.0264,0.039045,0.002711,0.073662,-28.29,0,199.3,10.0,1.00,0.500,0.300,3.00
0.0315,0.038952,0.002689,0.073751,-28.29,0,198.4,10.0,1.00,0.500,0.300,3.00
0.0364,0.038933,0.002499,0.073848,-28.29,0,198.4,10.0,1.00,0.500,0.300,3.00
0.0417,0.038992,0.002221,0.073913,-28.29,0,197.2,10.0,1.00,0.500,0.300,3.00
0.0466,0.039023,0.001983,0.073987,-28.29,0,197.2,10.0,1.00,0.500,0.300,3.00
0.0517,0.039023,0.001785,0.074046,-28.29,0,195.8,10.0,1.00,0.500,0.300,3.00
0.0569,0.038991,0.001675,0.074119,-28.29,0,195.8,10.0,1.00,0.500,0.300,3.00
0.0619,0.038984,0.001470,0.074181,-28.29,0,194.1,10.0,1.00,0.500,0.300,3.00
0.0669,0.038995,0.001280,0.074264,-28.29,0,194.1,10.0,1.00,0.500,0.300,3.00
0.0722,0.039006,0.001003,0.074344,-28.29,0,192.2,10.0,1.00,0.500,0.300,3.00
0.0772,0.039006,0.000845,0.074414,-28.29,0,192.2,10.0,1.00,0.500,0.300,3.00
0.0822,0.038952,0.000687,0.074522,-28.29,0,190.1,10.0,1.00,0.500,0.300,3.00
0.0872,0.038892,0.000545,0.074636,-28.29,0,190.1,10.0,1.00,0.500,0.300,3.00
0.0925,0.038793,0.000395,0.074802,-28.29,0,187.8,10.0,1.00,0.500,0.300,3.00
0.0974,0.038715,0.000277,0.074937,-28.29,0,187.8,10.0,1.00,0.500,0.300,3.00
0.1027,0.038614,0.000166,0.075091,-28.29,0,185.4,10.0,1.00,0.500,0.300,3.00
0.1077,0.038515,0.000087,0.075224,-28.29,0,185.4,10.0,1.00,0.500,0.300,3.00
0.1129,0.038408,0.000048,0.075356,-28.29,0,182.9,10.0,1.00,0.500,0.300,3.00
0.1179,0.038318,0.000008,0.075464,-28.29,0,182.9,10.0,1.00,0.500,0.300,3.00
0.1229,0.038233,0.000024,0.075559,-28.29,0,180.3,10.0,1.00,0.500,0.300,3.00
0.1282,0.038133,0.000048,0.075655,-28.29,0,180.3,10.0,1.00,0.500,0.300,3.00
0.1332,0.038021,0.000119,0.075758,-28.29,0,177.7,10.0,1.00,0.500,0.300,3.00
0.1382,0.037897,0.000191,0.075869,-28.29,0,177.7,10.0,1.00,0.500,0.300,3.00
0.1432,0.037784,0.000255,0.075970,-28.29,0,175.0,10.0,1.00,0.500,0.300,3.00
0.1484,0.037659,0.000343,0.076080,-28.29,0,175.0,10.0,1.00,0.500,0.300,3.00
0.1535,0.037545,0.000431,0.076173,-28.29,0,172.3,10.0,1.00,0.500,0.300,3.00
0.1588,0.037410,0.000583,0.076271,-28.29,0,172.3,10.0,1.00,0.500,0.300,3.00
0.1637,0.037286,0.000735,0.076351,-28.29,0,169.7,10.0,1.00,0.500,0.300,3.00
0.1687,0.037178,0.000896,0.076409,-28.29,0,169.7,10.0,1.00,0.500,0.300,3.00
0.1739,0.037048,0.001065,0.076495,-28.29,0,167.1,10.0,1.00,0.500,0.300,3.00
0.1789,0.036921,0.001242,0.076567,-28.29,0,167.1,10.0,1.00,0.500,0.300,3.00
0.1840,0.036799,0.001428,0.076630,-28.29,0,164.6,10.0,1.00,0.500,0.300,3.00
0.1891,0.036682,0.001630,0.076682,-28.29,0,164.6,10.0,1.00,0.500,0.300,3.00
0.1942,0.036564,0.001824,0.076735,-28.29,0,162.2,10.0,1.00,0.500,0.300,3.00
0.1992,0.036450,0.002035,0.076773,-28.29,0,162.2,10.0,1.00,0.500,0.300,3.00
0.2045,0.036342,0.002262,0.076804,-28.29,0,159.9,10.0,1.00,0.500,0.300,3.00
0.2094,0.036238,0.002489,0.076829,-28.29,0,159.9,10.0,1.00,0.500,0.300,3.00
0.2144,0.036153,0.002708,0.076837,-28.29,0,157.8,10.0,1.00,0.500,0.300,3.00
0.2197,0.036055,0.002919,0.076860,-28.29,0,157.8,10.0,1.00,0.500,0.300,3.00
0.2247,0.035965,0.003107,0.076884,-28.29,0,155.9,10.0,1.00,0.500,0.300,3.00
0.2297,0.035886,0.003302,0.076893,-28.29,0,155.9,10.0,1.00,0.500,0.300,3.00
0.2349,0.035825,0.003489,0.076886,-28.29,0,154.2,10.0,1.00,0.500,0.300,3.00
0.2399,0.035780,0.003676,0.076860,-28.29,0,154.2,10.0,1.00,0.500,0.300,3.00
0.2450,0.035755,0.003847,0.076820,-28.29,0,152.8,10.0,1.00,0.500,0.300,3.00
0.2501,0.035741,0.004017,0.076769,-28.29,0,152.8,10.0,1.00,0.500,0.300,3.00
0.2551,0.035740,0.004162,0.076712,-28.29,0,151.6,10.0,1.00,0.500,0.300,3.00
0.2602,0.035740,0.004291,0.076660,-28.29,0,151.6,10.0,1.00,0.500,0.300,3.00
0.2652,0.035751,0.004437,0.076591,-28.29,0,150.7,10.0,1.00,0.500,0.300,3.00
0.2705,0.035767,0.004582,0.076515,-28.29,0,150.7,10.0,1.00,0.500,0.300,3.00
0.2754,0.035789,0.004710,0.076433,-28.29,0,150.2,10.0,1.00,0.500,0.300,3.00
0.2804,0.035825,0.004830,0.076347,-28.29,0,150.2,10.0,1.00,0.500,0.300,3.00
0.2857,0.035871,0.004950,0.076243,-28.29,0,150.0,10.0,1.00,0.500,0.300,3.00
0.2907,0.035923,0.005078,0.076135,-28.29,0,150.0,10.0,1.00,0.500,0.300,3.00
0.2957,0.035970,0.005181,0.076036,-28.29,0,150.0,10.0,1.00,0.500,0.300,3.00
0.3009,0.036035,0.005292,0.075921,-28.29,0,150.0,10.0,1.00,0.500,0.300,3.00
0.3059,0.036111,0.005386,0.075793,-28.29,0,150.0,10.0,1.00,0.500,0.300,3.00
0.3109,0.036201,0.005472,0.075661,-28.29,0,150.0,10.0,1.00,0.500,0.300,3.00
0.3161,0.036301,0.005557,0.075511,-28.29,0,150.0,10.0,1.00,0.500,0.300,3.00
0.3212,0.036394,0.005666,0.075364,-28.29,0,150.0,10.0,1.00,0.500,0.300,3.00
0.3262,0.036487,0.005768,0.075215,-28.29,0,150.0,10.0,1.00,0.500,0.300,3.00
0.3312,0.036608,0.005876,0.075037,-28.29,0,150.0,10.0,1.00,0.500,0.300,3.00
0.3364,0.036746,0.005975,0.074837,-28.29,0,150.0,10.0,1.00,0.500,0.300,3.00
0.3414,0.036865,0.006091,0.074657,-28.29,0,150.0,10.0,1.00,0.500,0.300,3.00
0.3464,0.037003,0.006190,0.074457,-28.29,0,150.0,10.0,1.00,0.500,0.300,3.00
0.3517,0.037144,0.006313,0.074248,-28.29,0,150.0,10.0,1.00,0.500,0.300,3.00
0.3567,0.037267,0.006428,0.074055,-28.29,0,150.0,10.0,1.00,0.500,0.300,3.00
0.3620,0.037394,0.006559,0.073850,-28.29,0,150.0,10.0,1.00,0.500,0.300,3.00
0.3669,0.037524,0.006666,0.073653,-28.29,0,150.0,10.0,1.00,0.500,0.300,3.00
0.3719,0.037639,0.006781,0.073461,-28.29,0,150.0,10.0,1.00,0.500,0.300,3.00
0.3772,0.037752,0.006928,0.073263,-28.29,0,150.0,10.0,1.00,0.500,0.300,3.00
0.3821,0.037870,0.007074,0.073059,-28.29,0,150.0,10.0,1.00,0.500,0.300,3.00
0.3872,0.037975,0.007229,0.072864,-28.29,0,150.0,10.0,1.00,0.500,0.300,3.00
0.3922,0.038077,0.007400,0.072659,-28.29,0,150.0,10.0,1.00,0.500,0.300,3.00
0.3974,0.038187,0.007586,0.072431,-28.29,0,150.0,10.0,1.00,0.500,0.300,3.00
0.4024,0.038303,0.007740,0.072192,-28.29,0,150.0,10.0,1.00,0.500,0.300,3.00
0.4074,0.038393,0.007894,0.071966,-28.29,0,150.0,10.0,1.00,0.500,0.300,3.00
0.4127,0.038476,0.008073,0.071713,-28.29,0,150.0,10.0,1.00,0.500,0.300,3.00
0.4177,0.038558,0.008236,0.071453,-28.29,0,150.0,10.0,1.00,0.500,0.300,3.00
0.4229,0.038626,0.008424,0.071171,-28.29,0,150.0,10.0,1.00,0.500,0.300,3.00
0.4279,0.038683,0.008588,0.070903,-28.29,0,150.0,10.0,1.00,0.500,0.300,3.00
0.4329,0.038728,0.008768,0.070615,-28.29,0,150.0,10.0,1.00,0.500,0.300,3.00
0.4382,0.038769,0.008957,0.070312,-28.29,0,150.0,10.0,1.00,0.500,0.300,3.00
0.4432,0.038798,0.009130,0.070016,-28.29,0,150.0,10.0,1.00,0.500,0.300,3.00
0.4482,0.038807,0.009351,0.069716,-28.29,0,150.0,10.0,1.00,0.500,0.300,3.00
0.4532,0.038799,0.009533,0.069420,-28.29,0,150.0,10.0,1.00,0.500,0.300,3.00
0.4584,0.038780,0.009700,0.069107,-28.29,0,150.0,10.0,1.00,0.500,0.300,3.00
0.4634,0.038734,0.009931,0.068790,-28.29,0,150.0,10.0,1.00,0.500,0.300,3.00
0.4684,0.038671,0.010139,0.068488,-28.29,0,150.0,10.0,1.00,0.500,0.300,3.00
0.4737,0.038600,0.010315,0.068144,-28.29,0,150.0,10.0,1.00,0.500,0.300,3.00
0.4786,0.038505,0.010547,0.067810,-28.29,0,150.0,10.0,1.00,0.500,0.300,3.00
0.4836,0.038414,0.010738,0.067486,-28.29,0,150.0,10.0,1.00,0.500,0.300,3.00
0.4889,0.038303,0.010977,0.067127,-28.29,0,150.0,10.0,1.00,0.500,0.300,3.00
0.4939,0.038189,0.011192,0.066780,-28.29,0,150.0,10.0,1.00,0.500,0.300,3.00
0.4992,0.038070,0.011406,0.066418,-28.29,0,150.0,10.0,1.00,0.500,0.300,3.00
0.5042,0.037951,0.011620,0.066066,-28.29,0,150.0,10.0,1.00,0.500,0.300,3.00
0.5092,0.037818,0.011864,0.065699,-28.29,0,150.0,10.0,1.00,0.500,0.300,3.00
0.5142,0.037687,0.012061,0.065329,-28.29,0,150.0,10.0,1.00,0.500,0.300,3.00
0.5194,0.037541,0.012311,0.064924,-28.29,0,150.0,10.0,1.00,0.500,0.300,3.00
0.5244,0.037391,0.012514,0.064552,-28.29,0,150.0,10.0,1.00,0.500,0.300,3.00
0.5294,0.037235,0.012763,0.064177,-28.29,0,150.0,10.0,1.00,0.500,0.300,3.00
0.5347,0.037061,0.013027,0.063769,-28.29,0,150.0,10.0,1.00,0.500,0.300,3.00
0.5397,0.036890,0.013219,0.063384,-28.29,0,150.0,10.0,1.00,0.500,0.300,3.00
0.5447,0.036699,0.013466,0.063001,-28.29,0,150.0,10.0,1.00,0.500,0.300,3.00
0.5499,0.036496,0.013719,0.062611,-28.29,0,150.0,10.0,1.00,0.500,0.300,3.00
0.5549,0.036292,0.013971,0.062225,-28.29,0,150.0,10.0,1.00,0.500,0.300,3.00
0.5602,0.036077,0.014206,0.061822,-28.29,0,150.0,10.0,1.00,0.500,0.300,3.00
0.5652,0.035865,0.014425,0.061435,-28.29,0,150.0,10.0,1.00,0.500,0.300,3.00
0.5702,0.035644,0.014619,0.061061,-28.29,0,150.0,10.0,1.00,0.500,0.300,3.00
0.5752,0.035409,0.014905,0.060652,-28.29,0,150.0,10.0,1.00,0.500,0.300,3.00
0.5802,0.035171,0.015120,0.060269,-28.29,0,150.0,10.0,1.00,0.500,0.300,3.00
0.5855,0.034908,0.015348,0.059856,-28.29,0,150.0,10.0,1.00,0.500,0.300,3.00
0.5904,0.034658,0.015568,0.059469,-28.29,0,150.0,10.0,1.00,0.500,0.300,3.00
0.5957,0.034398,0.015809,0.059063,-28.29,0,150.0,10.0,1.00,0.500,0.300,3.00
0.6006,0.034134,0.016049,0.058673,-28.29,0,150.0,10.0,1.00,0.500,0.300,3.00
0.6057,0.033869,0.016242,0.058294,-28.29,0,150.0,10.0,1.00,0.500,0.300,3.00
0.6109,0.033588,0.016470,0.057881,-28.29,0,150.0,10.0,1.00,0.500,0.300,3.00
0.6159,0.033330,0.016723,0.057511,-28.29,0,150.0,10.0,1.00,0.500,0.300,3.00
0.6210,0.033079,0.016942,0.057112,-28.29,0,150.0,10.0,1.00,0.500,0.300,3.00
0.6262,0.032811,0.017150,0.056686,-28.29,0,150.0,10.0,1.00,0.500,0.300,3.00
0.6312,0.032550,0.017390,0.056298,-28.29,0,150.0,10.0,1.00,0.500,0.300,3.00
0.6362,0.032283,0.017605,0.055912,-28.29,0,150.0,10.0,1.00,0.500,0.300,3.00
0.6415,0.031994,0.017848,0.055522,-28.29,0,150.0,10.0,1.00,0.500,0.300,3.00
0.6464,0.031717,0.018076,0.055144,-28.29,0,150.0,10.0,1.00,0.500,0.300,3.00
0.6514,0.031443,0.018241,0.054756,-28.29,0,150.0,10.0,1.00,0.500,0.300,3.00
0.6564,0.031143,0.018457,0.054382,-28.29,0,150.0,10.0,1.00,0.500,0.300,3.00
0.6617,0.030832,0.018665,0.054022,-28.29,0,150.0,10.0,1.00,0.500,0.300,3.00
0.6666,0.030539,0.018865,0.053672,-28.29,0,150.0,10.0,1.00,0.500,0.300,3.00
0.6719,0.030236,0.019078,0.053306,-28.29,0,150.0,10.0,1.00,0.500,0.300,3.00
0.6769,0.029949,0.019284,0.052965,-28.29,0,150.0,10.0,1.00,0.500,0.300,3.00
0.6821,0.029636,0.019495,0.052622,-28.29,0,150.0,10.0,1.00,0.500,0.300,3.00
0.6872,0.029342,0.019698,0.052291,-28.29,0,150.0,10.0,1.00,0.500,0.300,3.00
0.6924,0.029047,0.019930,0.051952,-28.29,0,150.0,10.0,1.00,0.500,0.300,3.00
0.6975,0.028764,0.020140,0.051623,-28.29,0,150.0,10.0,1.00,0.500,0.300,3.00
0.7027,0.028469,0.020332,0.051298,-28.29,0,150.0,10.0,1.00,0.500,0.300,3.00
0.7077,0.028192,0.020570,0.050983,-28.29,0,150.0,10.0,1.00,0.500,0.300,3.00
0.7127,0.027940,0.020756,0.050679,-28.29,0,150.0,10.0,1.00,0.500,0.300,3.00
0.7180,0.027656,0.020997,0.050337,-28.29,0,150.0,10.0,1.00,0.500,0.300,3.00
0.7229,0.027396,0.021181,0.050038,-28.29,0,150.0,10.0,1.00,0.500,0.300,3.00
0.7283,0.027120,0.021371,0.049759,-28.29,0,150.0,10.0,1.00,0.500,0.300,3.00
0.7332,0.026845,0.021583,0.049478,-28.29,0,150.0,10.0,1.00,0.500,0.300,3.00
0.7382,0.026589,0.021714,0.049233,-28.29,0,150.0,10.0,1.00,0.500,0.300,3.00
0.7432,0.026339,0.021852,0.048972,-28.29,0,150.0,10.0,1.00,0.500,0.300,3.00
0.7482,0.026084,0.021998,0.048741,-28.29,0,150.0,10.0,1.00,0.500,0.300,3.00
0.7534,0.025812,0.022156,0.048494,-28.29,0,150.0,10.0,1.00,0.500,0.300,3.00
0.7585,0.025568,0.022279,0.048266,-28.29,0,150.0,10.0,1.00,0.500,0.300,3.00
0.7634,0.025343,0.022366,0.048036,-28.29,0,150.0,10.0,1.00,0.500,0.300,3.00
0.7687,0.025089,0.022479,0.047802,-28.29,0,150.0,10.0,1.00,0.500,0.300,3.00
0.7737,0.024869,0.022573,0.047589,-28.29,0,150.0,10.0,1.00,0.500,0.300,3.00
0.7787,0.024649,0.022647,0.047407,-28.29,0,150.0,10.0,1.00,0.500,0.300,3.00
0.7839,0.024425,0.022717,0.047195,-28.29,0,150.0,10.0,1.00,0.500,0.300,3.00
0.7889,0.024225,0.022776,0.047000,-28.29,0,150.0,10.0,1.00,0.500,0.300,3.00
0.7943,0.024012,0.022832,0.046797,-28.29,0,150.0,10.0,1.00,0.500,0.300,3.00
0.7992,0.023817,0.022899,0.046620,-28.29,0,150.0,10.0,1.00,0.500,0.300,3.00
0.8042,0.023603,0.022986,0.046444,-28.29,0,150.0,10.0,1.00,0.500,0.300,3.00
0.8094,0.023398,0.023036,0.046258,-28.29,0,150.0,10.0,1.00,0.500,0.300,3.00
0.8144,0.023217,0.023074,0.046088,-28.29,0,150.0,10.0,1.00,0.500,0.300,3.00
0.8197,0.023025,0.023132,0.045901,-28.29,0,150.0,10.0,1.00,0.500,0.300,3.00
0.8247,0.022843,0.023198,0.045725,-28.29,0,150.0,10.0,1.00,0.500,0.300,3.00
0.8297,0.022657,0.023258,0.045573,-28.29,0,150.0,10.0,1.00,0.500,0.300,3.00
0.8350,0.022471,0.023296,0.045430,-28.29,0,150.0,10.0,1.00,0.500,0.300,3.00
0.8399,0.022308,0.023329,0.045286,-28.29,0,150.0,10.0,1.00,0.500,0.300,3.00
0.8449,0.022127,0.023382,0.045145,-28.29,0,150.0,10.0,1.00,0.500,0.300,3.00
0.8501,0.021960,0.023420,0.044976,-28.29,0,150.0,10.0,1.00,0.500,0.300,3.00
0.8552,0.021807,0.023459,0.044825,-28.29,0,150.0,10.0,1.00,0.500,0.300,3.00
0.8602,0.021652,0.023479,0.044695,-28.29,0,150.0,10.0,1.00,0.500,0.300,3.00
0.8652,0.021492,0.023505,0.044576,-28.29,0,150.0,10.0,1.00,0.500,0.300,3.00
0.8705,0.021314,0.023523,0.044463,-28.29,0,150.0,10.0,1.00,0.500,0.300,3.00
0.8754,0.021165,0.023530,0.044362,-28.29,0,150.0,10.0,1.00,0.500,0.300,3.00
0.8804,0.021011,0.023522,0.044259,-28.29,0,150.0,10.0,1.00,0.500,0.300,3.00
0.8854,0.020865,0.023472,0.044175,-28.29,0,150.0,10.0,1.00,0.500,0.300,3.00
0.8906,0.020714,0.023443,0.044089,-28.29,0,150.0,10.0,1.00,0.500,0.300,3.00
0.8956,0.020563,0.023393,0.044011,-28.29,0,150.0,10.0,1.00,0.500,0.300,3.00
0.9007,0.020406,0.023356,0.043926,-28.29,0,150.0,10.0,1.00,0.500,0.300,3.00
0.9059,0.020246,0.023289,0.043825,-28.29,0,150.0,10.0,1.00,0.500,0.300,3.00
0.9109,0.020090,0.023223,0.043732,-28.29,0,150.0,10.0,1.00,0.500,0.300,3.00
0.9159,0.019942,0.023137,0.043649,-28.29,0,150.0,10.0,1.00,0.500,0.300,3.00
0.9212,0.019799,0.023051,0.043560,-28.29,0,150.0,10.0,1.00,0.500,0.300,3.00
0.9262,0.019667,0.022951,0.043472,-28.29,0,150.0,10.0,1.00,0.500,0.300,3.00
0.9312,0.019559,0.022839,0.043368,-28.29,0,150.0,10.0,1.00,0.500,0.300,3.00
0.9364,0.019451,0.022719,0.043259,-28.29,0,150.0,10.0,1.00,0.500,0.300,3.00
0.9414,0.019337,0.022591,0.043152,-28.29,0,150.0,10.0,1.00,0.500,0.300,3.00
0.9464,0.019221,0.022478,0.043046,-28.29,0,150.0,10.0,1.00,0.500,0.300,3.00
0.9517,0.019089,0.022357,0.042953,-28.29,0,150.0,10.0,1.00,0.500,0.300,3.00
0.9567,0.018962,0.022231,0.042872,-28.29,0,150.0,10.0,1.00,0.500,0.300,3.00
0.9617,0.018836,0.022104,0.042790,-28.29,0,150.0,10.0,1.00,0.500,0.300,3.00
0.9669,0.018704,0.021978,0.042715,-28.29,0,150.0,10.0,1.00,0.500,0.300,3.00
0.9719,0.018580,0.021853,0.042641,-28.29,0,150.0,10.0,1.00,0.500,0.300,3.00
0.9769,0.018451,0.021764,0.042584,-28.29,0,150.0,10.0,1.00,0.500,0.300,3.00
0.9822,0.018312,0.021660,0.042519,-28.29,0,150.0,10.0,1.00,0.500,0.300,3.00
0.9872,0.018182,0.021564,0.042458,-28.29,0,150.0,10.0,1.00,0.500,0.300,3.00
0.9922,0.018058,0.021454,0.042392,-28.29,0,150.0,10.0,1.00,0.500,0.300,3.00
0.9971,0.017927,0.021371,0.042318,-28.29,0,150.0,10.0,1.00,0.500,0.300,3.00
1.0024,0.017785,0.021273,0.042235,-28.29,0,150.0,10.0,1.00,0.500,0.300,3.00
1.0074,0.017652,0.021204,0.042161,-28.29,0,150.0,10.0,1.00,0.500,0.300,3.00
1.0124,0.017516,0.021121,0.042080,-28.29,0,150.0,10.0,1.00,0.500,0.300,3.00
1.0174,0.017386,0.021045,0.041996,-28.29,0,150.0,10.0,1.00,0.500,0.300,3.00
1.0226,0.017254,0.020968,0.041891,-28.29,0,150.0,10.0,1.00,0.500,0.300,3.00
1.0277,0.017131,0.020890,0.041775,-28.29,0,150.0,10.0,1.00,0.500,0.300,3.00
1.0329,0.016992,0.020811,0.041641,-28.29,0,150.0,10.0,1.00,0.500,0.300,3.00
1.0379,0.016854,0.020725,0.041525,-28.29,0,150.0,10.0,1.00,0.500,0.300,3.00
1.0432,0.016702,0.020644,0.041395,-28.29,0,150.0,10.0,1.00,0.500,0.300,3.00
1.0482,0.016551,0.020577,0.041260,-28.29,0,150.0,10.0,1.00,0.500,0.300,3.00
1.0532,0.016406,0.020490,0.041128,-28.29,0,150.0,10.0,1.00,0.500,0.300,3.00
1.0582,0.016260,0.020410,0.041000,-28.29,0,150.0,10.0,1.00,0.500,0.300,3.00
1.0634,0.016110,0.020330,0.040878,-28.29,0,150.0,10.0,1.00,0.500,0.300,3.00
1.0684,0.015957,0.020264,0.040756,-28.29,0,150.0,10.0,1.00,0.500,0.300,3.00
1.0734,0.015805,0.020185,0.040647,-28.29,0,150.0,10.0,1.00,0.500,0.300,3.00
1.0787,0.015624,0.020102,0.040512,-28.29,0,150.0,10.0,1.00,0.500,0.300,3.00
1.0837,0.015449,0.020046,0.040366,-28.29,0,150.0,10.0,1.00,0.500,0.300,3.00
1.0889,0.015274,0.019983,0.040202,-28.29,0,150.0,10.0,1.00,0.500,0.300,3.00
1.0939,0.015105,0.019941,0.040044,-28.29,0,150.0,10.0,1.00,0.500,0.300,3.00
1.0989,0.014941,0.019920,0.039884,-28.29,0,150.0,10.0,1.00,0.500,0.300,3.00
1.1042,0.014759,0.019905,0.039725,-28.29,0,150.0,10.0,1.00,0.500,0.300,3.00
1.1092,0.014578,0.019909,0.039543,-28.29,0,150.0,10.0,1.00,0.500,0.300,3.00
1.1142,0.014404,0.019928,0.039363,-28.29,0,150.0,10.0,1.00,0.500,0.300,3.00
1.1192,0.014236,0.019960,0.039172,-28.29,0,150.0,10.0,1.00,0.500,0.300,3.00
1.1242,0.014074,0.019999,0.038979,-28.29,0,150.0,10.0,1.00,0.500,0.300,3.00
1.1295,0.013902,0.020070,0.038762,-28.29,0,150.0,10.0,1.00,0.500,0.300,3.00
1.1344,0.013720,0.020141,0.038556,-28.29,0,150.0,10.0,1.00,0.500,0.300,3.00
1.1397,0.013529,0.020229,0.038340,-28.29,0,150.0,10.0,1.00,0.500,0.300,3.00
1.1447,0.013347,0.020306,0.038138,-28.29,0,150.0,10.0,1.00,0.500,0.300,3.00
1.1497,0.013146,0.020428,0.037932,-28.29,0,150.0,10.0,1.00,0.500,0.300,3.00
1.1547,0.012942,0.020549,0.037718,-28.29,0,150.0,10.0,1.00,0.500,0.300,3.00
1.1599,0.012712,0.020680,0.037507,-28.29,0,150.0,10.0,1.00,0.500,0.300,3.00
1.1649,0.012495,0.020804,0.037275,-28.29,0,150.0,10.0,1.00,0.500,0.300,3.00
1.1702,0.012255,0.020937,0.037032,-28.29,0,150.0,10.0,1.00,0.500,0.300,3.00
1.1752,0.012020,0.021056,0.036783,-28.29,0,150.0,10.0,1.00,0.500,0.300,3.00
1.1802,0.011773,0.021178,0.036516,-28.29,0,150.0,10.0,1.00,0.500,0.300,3.00
1.1855,0.011503,0.021336,0.036232,-28.29,0,150.0,10.0,1.00,0.500,0.300,3.00
1.1904,0.011243,0.021462,0.035959,-28.29,0,150.0,10.0,1.00,0.500,0.300,3.00
1.1954,0.010977,0.021625,0.035674,-28.29,0,150.0,10.0,1.00,0.500,0.300,3.00
1.2006,0.010678,0.021794,0.035350,-28.29,0,150.0,10.0,1.00,0.500,0.300,3.00
1.2057,0.010405,0.021946,0.035041,-28.29,0,150.0,10.0,1.00,0.500,0.300,3.00
1.2109,0.010104,0.022104,0.034700,-28.29,0,150.0,10.0,1.00,0.500,0.300,3.00
1.2159,0.009809,0.022255,0.034358,-28.29,0,150.0,10.0,1.00,0.500,0.300,3.00
1.2209,0.009500,0.022402,0.034006,-28.29,0,150.0,10.0,1.00,0.500,0.300,3.00
1.2262,0.009168,0.022572,0.033652,-28.29,0,150.0,10.0,1.00,0.500,0.300,3.00
1.2312,0.008819,0.022778,0.033311,-28.29,0,150.0,10.0,1.00,0.500,0.300,3.00
1.2361,0.008478,0.022938,0.032973,-28.29,0,150.0,10.0,1.00,0.500,0.300,3.00
1.2412,0.008102,0.023122,0.032614,-28.29,0,150.0,10.0,1.00,0.500,0.300,3.00
1.2465,0.007726,0.023304,0.032242,-28.29,0,150.0,10.0,1.00,0.500,0.300,3.00
1.2514,0.007352,0.023537,0.031869,-28.29,0,150.0,10.0,1.00,0.500,0.300,3.00
1.2564,0.006988,0.023757,0.031511,-28.29,0,150.0,10.0,1.00,0.500,0.300,3.00
1.2614,0.006620,0.023986,0.031127,-28.29,0,150.0,10.0,1.00,0.500,0.300,3.00
1.2667,0.006236,0.024252,0.030708,-28.29,0,150.0,10.0,1.00,0.500,0.300,3.00
1.2717,0.005884,0.024510,0.030315,-28.29,0,150.0,10.0,1.00,0.500,0.300,3.00
1.2767,0.005520,0.024782,0.029900,-28.29,0,150.0,10.0,1.00,0.500,0.300,3.00
1.2819,0.005124,0.025048,0.029437,-28.29,0,150.0,10.0,1.00,0.500,0.300,3.00
1.2869,0.004752,0.025312,0.029003,-28.29,0,150.0,10.0,1.00,0.500,0.300,3.00
1.2922,0.004357,0.025602,0.028571,-28.29,0,150.0,10.0,1.00,0.500,0.300,3.00
1.2972,0.003969,0.025898,0.028160,-28.29,0,150.0,10.0,1.00,0.500,0.300,3.00
1.3022,0.003588,0.026187,0.027760,-28.29,0,150.0,10.0,1.00,0.500,0.300,3.00
1.3072,0.003205,0.026473,0.027361,-28.29,0,150.0,10.0,1.00,0.500,0.300,3.00
1.3125,0.002791,0.026786,0.026941,-28.29,0,150.0,10.0,1.00,0.500,0.300,3.00
1.3174,0.002401,0.027068,0.026577,-28.29,0,150.0,10.0,1.00,0.500,0.300,3.00
1.3224,0.001998,0.027383,0.026207,-28.29,0,150.0,10.0,1.00,0.500,0.300,3.00
1.3277,0.001594,0.027699,0.025830,-28.29,0,150.0,10.0,1.00,0.500,0.300,3.00
1.3329,0.001197,0.028013,0.025442,-28.29,0,150.0,10.0,1.00,0.500,0.300,3.00
1.3379,0.000831,0.028318,0.025055,-28.29,0,150.0,10.0,1.00,0.500,0.300,3.00
1.3432,0.000447,0.028655,0.024621,-28.29,0,150.0,10.0,1.00,0.500,0.300,3.00
1.3482,0.000098,0.028975,0.024225,-28.29,0,150.0,10.0,1.00,0.500,0.300,3.00
1.3532,-0.000241,0.029289,0.023835,-28.29,0,150.0,10.0,1.00,0.500,0.300,3.00
1.3582,-0.000595,0.029617,0.023455,-28.29,0,150.0,10.0,1.00,0.500,0.300,3.00
1.3635,-0.000954,0.029953,0.023077,-28.29,0,150.0,10.0,1.00,0.500,0.300,3.00
1.3684,-0.001306,0.030272,0.022729,-28.29,0,150.0,10.0,1.00,0.500,0.300,3.00
1.3734,-0.001656,0.030578,0.022393,-28.29,0,150.0,10.0,1.00,0.500,0.300,3.00
1.3784,-0.002009,0.030895,0.022073,-28.29,0,150.0,10.0,1.00,0.500,0.300,3.00
1.3836,-0.002378,0.031199,0.021754,-28.29,0,150.0,10.0,1.00,0.500,0.300,3.00
1.3887,-0.002733,0.031506,0.021457,-28.29,0,150.0,10.0,1.00,0.500,0.300,3.00
1.3939,-0.003100,0.031820,0.021160,-28.29,0,150.0,10.0,1.00,0.500,0.300,3.00
1.3989,-0.003437,0.032134,0.020885,-28.29,0,150.0,10.0,1.00,0.500,0.300,3.00
1.4039,-0.003753,0.032452,0.020621,-28.29,0,150.0,10.0,1.00,0.500,0.300,3.00
1.4092,-0.004074,0.032783,0.020337,-28.29,0,150.0,10.0,1.00,0.500,0.300,3.00
1.4142,-0.004358,0.033104,0.020068,-28.29,0,150.0,10.0,1.00,0.500,0.300,3.00
1.4191,-0.004625,0.033423,0.019811,-28.29,0,150.0,10.0,1.00,0.500,0.300,3.00
1.4241,-0.004888,0.033748,0.019566,-28.29,0,150.0,10.0,1.00,0.500,0.300,3.00
1.4292,-0.005152,0.034067,0.019331,-28.29,0,150.0,10.0,1.00,0.500,0.300,3.00
1.4344,-0.005420,0.034383,0.019102,-28.29,0,150.0,10.0,1.00,0.500,0.300,3.00
1.4394,-0.005680,0.034684,0.018901,-28.29,0,150.0,10.0,1.00,0.500,0.300,3.00
1.4444,-0.005952,0.034983,0.018717,-28.29,0,150.0,10.0,1.00,0.500,0.300,3.00
1.4497,-0.006229,0.035284,0.018531,-28.29,0,150.0,10.0,1.00,0.500,0.300,3.00
1.4547,-0.006490,0.035572,0.018362,-28.29,0,150.0,10.0,1.00,0.500,0.300,3.00
1.4599,-0.006742,0.035878,0.018182,-28.29,0,150.0,10.0,1.00,0.500,0.300,3.00
1.4649,-0.006974,0.036171,0.018012,-28.29,0,150.0,10.0,1.00,0.500,0.300,3.00
1.4700,-0.007202,0.036472,0.017854,-28.29,0,150.0,10.0,1.00,0.500,0.300,3.00
1.4751,-0.007436,0.036803,0.017681,-28.29,0,150.0,10.0,1.00,0.500,0.300,3.00
1.4801,-0.007647,0.037101,0.017535,-28.29,0,150.0,10.0,1.00,0.500,0.300,3.00
1.4851,-0.007846,0.037380,0.017408,-28.29,0,150.0,10.0,1.00,0.500,0.300,3.00
1.4902,-0.008057,0.037685,0.017279,-28.29,0,150.0,10.0,1.00,0.500,0.300,3.00
1.4952,-0.008263,0.037979,0.017162,-28.29,0,150.0,10.0,1.00,0.500,0.300,3.00
1.5004,-0.008462,0.038263,0.017052,-28.29,0,150.0,10.0,1.00,0.500,0.300,3.00
1.5054,-0.008661,0.038553,0.016946,-28.29,0,150.0,10.0,1.00,0.500,0.300,3.00
1.5104,-0.008854,0.038836,0.016826,-28.29,0,150.0,10.0,1.00,0.500,0.300,3.00
1.5157,-0.009051,0.039117,0.016711,-28.29,0,150.0,10.0,1.00,0.500,0.300,3.00
1.5207,-0.009215,0.039375,0.016617,-28.29,0,150.0,10.0,1.00,0.500,0.300,3.00
1.5257,-0.009384,0.039644,0.016523,-28.29,0,150.0,10.0,1.00,0.500,0.300,3.00
1.5309,-0.009577,0.039931,0.016420,-28.29,0,150.0,10.0,1.00,0.500,0.300,3.00
1.5359,-0.009726,0.040177,0.016342,-28.29,0,150.0,10.0,1.00,0.500,0.300,3.00
1.5412,-0.009887,0.040430,0.016263,-28.29,0,150.0,10.0,1.00,0.500,0.300,3.00
1.5461,-0.010030,0.040653,0.016184,-28.29,0,150.0,10.0,1.00,0.500,0.300,3.00
1.5511,-0.010171,0.040869,0.016095,-28.29,0,150.0,10.0,1.00,0.500,0.300,3.00
1.5562,-0.010293,0.041062,0.016009,-28.29,0,150.0,10.0,1.00,0.500,0.300,3.00
1.5612,-0.010423,0.041263,0.015918,-28.29,0,150.0,10.0,1.00,0.500,0.300,3.00
1.5664,-0.010550,0.041460,0.015829,-28.29,0,150.0,10.0,1.00,0.500,0.300,3.00
1.5715,-0.010656,0.041640,0.015747,-28.29,0,150.0,10.0,1.00,0.500,0.300,3.00
1.5764,-0.010751,0.041808,0.015674,-28.29,0,150.0,10.0,1.00,0.500,0.300,3.00
1.5816,-0.010842,0.041971,0.015604,-28.29,0,150.0,10.0,1.00,0.500,0.300,3.00
1.5867,-0.010921,0.042116,0.015538,-28.29,0,150.0,10.0,1.00,0.500,0.300,3.00
1.5917,-0.010993,0.042257,0.015471,-28.29,0,150.0,10.0,1.00,0.500,0.300,3.00
1.5969,-0.011061,0.042383,0.015411,-28.29,0,150.0,10.0,1.00,0.500,0.300,3.00
1.6019,-0.011117,0.042485,0.015364,-28.29,0,150.0,10.0,1.00,0.500,0.300,3.00
1.6072,-0.011181,0.042580,0.015324,-28.29,0,150.0,10.0,1.00,0.500,0.300,3.00
1.6121,-0.011240,0.042666,0.015296,-28.29,0,150.0,10.0,1.00,0.500,0.300,3.00
1.6172,-0.011294,0.042739,0.015288,-28.29,0,150.0,10.0,1.00,0.500,0.300,3.00
1.6224,-0.011344,0.042819,0.015278,-28.29,0,150.0,10.0,1.00,0.500,0.300,3.00
1.6274,-0.011385,0.042880,0.015278,-28.29,0,150.0,10.0,1.00,0.500,0.300,3.00
1.6324,-0.011416,0.042926,0.015275,-28.29,0,150.0,10.0,1.00,0.500,0.300,3.00
1.6377,-0.011437,0.042972,0.015281,-28.29,0,150.0,10.0,1.00,0.500,0.300,3.00
1.6426,-0.011453,0.043001,0.015277,-28.29,0,150.0,10.0,1.00,0.500,0.300,3.00
1.6477,-0.011462,0.043028,0.015289,-28.29,0,150.0,10.0,1.00,0.500,0.300,3.00
1.6529,-0.011465,0.043045,0.015293,-28.29,0,150.0,10.0,1.00,0.500,0.300,3.00
1.6579,-0.011464,0.043065,0.015305,-28.29,0,150.0,10.0,1.00,0.500,0.300,3.00
1.6629,-0.011462,0.043085,0.015316,-28.29,0,150.0,10.0,1.00,0.500,0.300,3.00
1.6682,-0.011451,0.043114,0.015333,-28.29,0,150.0,10.0,1.00,0.500,0.300,3.00
1.6732,-0.011437,0.043133,0.015348,-28.29,0,150.0,10.0,1.00,0.500,0.300,3.00
1.6782,-0.011423,0.043146,0.015360,-28.29,0,150.0,10.0,1.00,0.500,0.300,3.00
1.6834,-0.011401,0.043168,0.015377,-28.29,0,150.0,10.0,1.00,0.500,0.300,3.00
1.6885,-0.011379,0.043184,0.015390,-28.29,0,150.0,10.0,1.00,0.500,0.300,3.00
1.6934,-0.011356,0.043195,0.015411,-28.29,0,150.0,10.0,1.00,0.500,0.300,3.00
1.6984,-0.011326,0.043214,0.015425,-28.29,0,150.0,10.0,1.00,0.500,0.300,3.00
1.7037,-0.011295,0.043235,0.015452,-28.29,0,150.0,10.0,1.00,0.500,0.300,3.00
1.7087,-0.011260,0.043256,0.015472,-28.29,0,150.0,10.0,1.00,0.500,0.300,3.00
1.7139,-0.011217,0.043281,0.015495,-28.29,0,150.0,10.0,1.00,0.500,0.300,3.00
1.7189,-0.011166,0.043302,0.015514,-28.29,0,150.0,10.0,1.00,0.500,0.300,3.00
1.7239,-0.011112,0.043329,0.015520,-28.29,0,150.0,10.0,1.00,0.500,0.300,3.00
1.7292,-0.011054,0.043358,0.015532,-28.29,0,150.0,10.0,1.00,0.500,0.300,3.00
1.7342,-0.010992,0.043387,0.015539,-28.29,0,150.0,10.0,1.00,0.500,0.300,3.00
1.7392,-0.010930,0.043417,0.015546,-28.29,0,150.0,10.0,1.00,0.500,0.300,3.00
1.7444,-0.010859,0.043456,0.015557,-28.29,0,150.0,10.0,1.00,0.500,0.300,3.00
1.7494,-0.010793,0.043493,0.015563,-28.29,0,150.0,10.0,1.00,0.500,0.300,3.00
1.7544,-0.010734,0.043529,0.015579,-28.29,0,150.0,10.0,1.00,0.500,0.300,3.00
1.7597,-0.010666,0.043574,0.015600,-28.29,0,150.0,10.0,1.00,0.500,0.300,3.00
1.7647,-0.010595,0.043618,0.015603,-28.29,0,150.0,10.0,1.00,0.500,0.300,3.00
1.7697,-0.010518,0.043663,0.015596,-28.29,0,150.0,10.0,1.00,0.500,0.300,3.00
1.7749,-0.010440,0.043708,0.015588,-28.29,0,150.0,10.0,1.00,0.500,0.300,3.00
1.7799,-0.010367,0.043757,0.015577,-28.29,0,150.0,10.0,1.00,0.500,0.300,3.00
1.7852,-0.010290,0.043796,0.015566,-28.29,0,150.0,10.0,1.00,0.500,0.300,3.00
1.7902,-0.010213,0.043834,0.015554,-28.29,0,150.0,10.0,1.00,0.500,0.300,3.00
1.7952,-0.010138,0.043875,0.015521,-28.29,0,150.0,10.0,1.00,0.500,0.300,3.00
1.8005,-0.010062,0.043929,0.015496,-28.29,0,150.0,10.0,1.00,0.500,0.300,3.00
1.8054,-0.009982,0.043984,0.015466,-28.29,0,150.0,10.0,1.00,0.500,0.300,3.00
1.8107,-0.009907,0.044036,0.015429,-28.29,0,150.0,10.0,1.00,0.500,0.300,3.00
1.8157,-0.009835,0.044094,0.015401,-28.29,0,150.0,10.0,1.00,0.500,0.300,3.00
1.8207,-0.009776,0.044153,0.015369,-28.29,0,150.0,10.0,1.00,0.500,0.300,3.00
1.8257,-0.009705,0.044209,0.015328,-28.29,0,150.0,10.0,1.00,0.500,0.300,3.00
1.8309,-0.009635,0.044270,0.015279,-28.29,0,150.0,10.0,1.00,0.500,0.300,3.00
1.8359,-0.009572,0.044340,0.015237,-28.29,0,150.0,10.0,1.00,0.500,0.300,3.00
1.8409,-0.009517,0.044403,0.015201,-28.29,0,150.0,10.0,1.00,0.500,0.300,3.00
1.8462,-0.009461,0.044467,0.015166,-28.29,0,150.0,10.0,1.00,0.500,0.300,3.00
1.8512,-0.009410,0.044529,0.015136,-28.29,0,150.0,10.0,1.00,0.500,0.300,3.00
1.8562,-0.009357,0.044605,0.015115,-28.29,0,150.0,10.0,1.00,0.500,0.300,3.00
1.8614,-0.009303,0.044666,0.015067,-28.29,0,150.0,10.0,1.00,0.500,0.300,3.00
1.8664,-0.009256,0.044715,0.015035,-28.29,0,150.0,10.0,1.00,0.500,0.300,3.00
1.8714,-0.009211,0.044755,0.014987,-28.29,0,150.0,10.0,1.00,0.500,0.300,3.00
1.8766,-0.009171,0.044792,0.014931,-28.29,0,150.0,10.0,1.00,0.500,0.300,3.00
1.8817,-0.009134,0.044810,0.014883,-28.29,0,150.0,10.0,1.00,0.500,0.300,3.00
1.8866,-0.009099,0.044827,0.014821,-28.29,0,150.0,10.0,1.00,0.500,0.300,3.00
1.8919,-0.009061,0.044837,0.014750,-28.29,0,150.0,10.0,1.00,0.500,0.300,3.00
1.8969,-0.009027,0.044841,0.014681,-28.29,0,150.0,10.0,1.00,0.500,0.300,3.00
1.9022,-0.008993,0.044837,0.014608,-28.29,0,150.0,10.0,1.00,0.500,0.300,3.00
1.9072,-0.008964,0.044826,0.014537,-28.29,0,150.0,10.0,1.00,0.500,0.300,3.00
1.9121,-0.008935,0.044797,0.014466,-28.29,0,150.0,10.0,1.00,0.500,0.300,3.00
1.9172,-0.008913,0.044761,0.014403,-28.29,0,150.0,10.0,1.00,0.500,0.300,3.00
1.9222,-0.008893,0.044711,0.014332,-28.29,0,150.0,10.0,1.00,0.500,0.300,3.00
1.9274,-0.008880,0.044632,0.014238,-28.29,0,150.0,10.0,1.00,0.500,0.300,3.00
1.9324,-0.008865,0.044554,0.014157,-28.29,0,150.0,10.0,1.00,0.500,0.300,3.00
1.9377,-0.008856,0.044468,0.014066,-28.29,0,150.0,10.0,1.00,0.500,0.300,3.00
1.9426,-0.008847,0.044370,0.013979,-28.29,0,150.0,10.0,1.00,0.500,0.300,3.00
1.9477,-0.008834,0.044280,0.013890,-28.29,0,150.0,10.0,1.00,0.500,0.300,3.00
1.9529,-0.008826,0.044193,0.013798,-28.29,0,150.0,10.0,1.00,0.500,0.300,3.00
1.9579,-0.008820,0.044120,0.013720,-28.29,0,150.0,10.0,1.00,0.500,0.300,3.00
1.9629,-0.008819,0.044037,0.013632,-28.29,0,150.0,10.0,1.00,0.500,0.300,3.00
1.9682,-0.008814,0.043962,0.013541,-28.29,0,150.0,10.0,1.00,0.500,0.300,3.00
1.9731,-0.008814,0.043897,0.013451,-28.29,0,150.0,10.0,1.00,0.500,0.300,3.00
1.9782,-0.008821,0.043840,0.013356,-28.29,0,150.0,10.0,1.00,0.500,0.300,3.00
1.9832,-0.008834,0.043781,0.013254,-28.29,0,150.0,10.0,1.00,0.500,0.300,3.00
1.9885,-0.008842,0.043735,0.013154,-28.29,0,150.0,10.0,1.00,0.500,0.300,3.00
1.9934,-0.008859,0.043698,0.013048,-28.29,0,150.0,10.0,1.00,0.500,0.300,3.00
1.9987,-0.008881,0.043669,0.012931,-28.29,0,150.0,10.0,1.00,0.500,0.300,3.00
2.0037,-0.008889,0.043646,0.012822,-28.29,0,150.0,10.0,1.00,0.500,0.300,3.00
2.0089,-0.008901,0.043618,0.012687,-28.29,0,150.0,10.0,1.00,0.500,0.300,3.00
2.0139,-0.008920,0.043601,0.012559,-28.29,0,150.0,10.0,1.00,0.500,0.300,3.00
2.0189,-0.008931,0.043581,0.012429,-28.29,0,150.0,10.0,1.00,0.500,0.300,3.00
2.0239,-0.008947,0.043564,0.012295,-28.29,0,150.0,10.0,1.00,0.500,0.300,3.00
2.0292,-0.008962,0.043554,0.012166,-28.29,0,150.0,10.0,1.00,0.500,0.300,3.00
2.0342,-0.008973,0.043533,0.012035,-28.29,0,150.0,10.0,1.00,0.500,0.300,3.00
2.0392,-0.008977,0.043515,0.011906,-28.29,0,150.0,10.0,1.00,0.500,0.300,3.00
2.0442,-0.008981,0.043491,0.011772,-28.29,0,150.0,10.0,1.00,0.500,0.300,3.00
2.0494,-0.008984,0.043474,0.011642,-28.29,0,150.0,10.0,1.00,0.500,0.300,3.00
2.0544,-0.008979,0.043443,0.011527,-28.29,0,150.0,10.0,1.00,0.500,0.300,3.00
2.0597,-0.008982,0.043404,0.011407,-28.29,0,150.0,10.0,1.00,0.500,0.300,3.00
2.0647,-0.008978,0.043360,0.011284,-28.29,0,150.0,10.0,1.00,0.500,0.300,3.00
2.0697,-0.008978,0.043316,0.011166,-28.29,0,150.0,10.0,1.00,0.500,0.300,3.00
2.0749,-0.008980,0.043264,0.011033,-28.29,0,150.0,10.0,1.00,0.500,0.300,3.00
2.0799,-0.008985,0.043228,0.010904,-28.29,0,150.0,10.0,1.00,0.500,0.300,3.00
2.0849,-0.008978,0.043185,0.010775,-28.29,0,150.0,10.0,1.00,0.500,0.300,3.00
2.0902,-0.008969,0.043148,0.010631,-28.29,0,150.0,10.0,1.00,0.500,0.300,3.00
2.0952,-0.008965,0.043122,0.010507,-28.29,0,150.0,10.0,1.00,0.500,0.300,3.00
2.1001,-0.008962,0.043096,0.010383,-28.29,0,150.0,10.0,1.00,0.500,0.300,3.00
2.1054,-0.008960,0.043069,0.010246,-28.29,0,150.0,10.0,1.00,0.500,0.300,3.00
2.1104,-0.008957,0.043054,0.010117,-28.29,0,150.0,10.0,1.00,0.500,0.300,3.00
2.1154,-0.008954,0.043033,0.009984,-28.29,0,150.0,10.0,1.00,0.500,0.300,3.00
2.1204,-0.008959,0.043022,0.009858,-28.29,0,150.0,10.0,1.00,0.500,0.300,3.00
2.1256,-0.008967,0.043010,0.009737,-28.29,0,150.0,10.0,1.00,0.500,0.300,3.00
2.1306,-0.008973,0.043018,0.009628,-28.29,0,150.0,10.0,1.00,0.500,0.300,3.00
2.1357,-0.008978,0.043033,0.009523,-28.29,0,150.0,10.0,1.00,0.500,0.300,3.00
2.1409,-0.008985,0.043050,0.009437,-28.29,0,150.0,10.0,1.00,0.500,0.300,3.00
2.1459,-0.008986,0.043078,0.009333,-28.29,0,150.0,10.0,1.00,0.500,0.300,3.00
2.1509,-0.008980,0.043101,0.009214,-28.29,0,150.0,10.0,1.00,0.500,0.300,3.00
2.1562,-0.008968,0.043131,0.009088,-28.29,0,150.0,10.0,1.00,0.500,0.300,3.00
2.1611,-0.008959,0.043154,0.008963,-28.29,0,150.0,10.0,1.00,0.500,0.300,3.00
2.1662,-0.008959,0.043175,0.008837,-28.29,0,150.0,10.0,1.00,0.500,0.300,3.00
2.1715,-0.008958,0.043211,0.008692,-28.29,0,150.0,10.0,1.00,0.500,0.300,3.00
2.1764,-0.008956,0.043236,0.008551,-28.29,0,150.0,10.0,1.00,0.500,0.300,3.00
2.1814,-0.008962,0.043264,0.008414,-28.29,0,150.0,10.0,1.00,0.500,0.300,3.00
2.1867,-0.008967,0.043299,0.008281,-28.29,0,150.0,10.0,1.00,0.500,0.300,3.00
2.1917,-0.008968,0.043319,0.008155,-28.29,0,150.0,10.0,1.00,0.500,0.300,3.00
2.1967,-0.008975,0.043338,0.008041,-28.29,0,150.0,10.0,1.00,0.500,0.300,3.00
2.2019,-0.008979,0.043349,0.007898,-28.29,0,150.0,10.0,1.00,0.500,0.300,3.00
2.2069,-0.008983,0.043360,0.007756,-28.29,0,150.0,10.0,1.00,0.500,0.300,3.00
2.2119,-0.008992,0.043379,0.007602,-28.29,0,150.0,10.0,1.00,0.500,0.300,3.00
2.2172,-0.009005,0.043398,0.007454,-28.29,0,150.0,10.0,1.00,0.500,0.300,3.00
2.2221,-0.009011,0.043413,0.007303,-28.29,0,150.0,10.0,1.00,0.500,0.300,3.00
2.2272,-0.009022,0.043437,0.007140,-28.29,0,150.0,10.0,1.00,0.500,0.300,3.00
2.2324,-0.009027,0.043450,0.006971,-28.29,0,150.0,10.0,1.00,0.500,0.300,3.00
2.2374,-0.009036,0.043468,0.006798,-28.29,0,150.0,10.0,1.00,0.500,0.300,3.00
2.2424,-0.009054,0.043490,0.006647,-28.29,0,150.0,10.0,1.00,0.500,0.300,3.00
2.2476,-0.009080,0.043519,0.006472,-28.29,0,150.0,10.0,1.00,0.500,0.300,3.00
2.2527,-0.009085,0.043532,0.006302,-28.29,0,150.0,10.0,1.00,0.500,0.300,3.00
2.2579,-0.009093,0.043543,0.006120,-28.29,0,150.0,10.0,1.00,0.500,0.300,3.00
2.2629,-0.009105,0.043555,0.005962,-28.29,0,150.0,10.0,1.00,0.500,0.300,3.00
2.2679,-0.009118,0.043567,0.005803,-28.29,0,150.0,10.0,1.00,0.500,0.300,3.00
2.2732,-0.009139,0.043576,0.005645,-28.29,0,150.0,10.0,1.00,0.500,0.300,3.00
2.2782,-0.009150,0.043565,0.005478,-28.29,0,150.0,10.0,1.00,0.500,0.300,3.00
2.2832,-0.009171,0.043574,0.005319,-28.29,0,150.0,10.0,1.00,0.500,0.300,3.00
2.2882,-0.009193,0.043572,0.005165,-28.29,0,150.0,10.0,1.00,0.500,0.300,3.00
2.2934,-0.009215,0.043563,0.005008,-28.29,0,150.0,10.0,1.00,0.500,0.300,3.00
2.2984,-0.009245,0.043547,0.004859,-28.29,0,150.0,10.0,1.00,0.500,0.300,3.00
2.3034,-0.009276,0.043535,0.004701,-28.29,0,150.0,10.0,1.00,0.500,0.300,3.00
2.3086,-0.009316,0.043531,0.004537,-28.29,0,150.0,10.0,1.00,0.500,0.300,3.00
2.3137,-0.009343,0.043515,0.004382,-28.29,0,150.0,10.0,1.00,0.500,0.300,3.00
2.3189,-0.009374,0.043492,0.004229,-28.29,0,150.0,10.0,1.00,0.500,0.300,3.00
2.3239,-0.009408,0.043476,0.004086,-28.29,0,150.0,10.0,1.00,0.500,0.300,3.00
2.3292,-0.009442,0.043452,0.003939,-28.29,0,150.0,10.0,1.00,0.500,0.300,3.00
2.3341,-0.009463,0.043435,0.003799,-28.29,0,150.0,10.0,1.00,0.500,0.300,3.00
2.3392,-0.009482,0.043411,0.003649,-28.29,0,150.0,10.0,1.00,0.500,0.300,3.00
2.3442,-0.009494,0.043402,0.003495,-28.29,0,150.0,10.0,1.00,0.500,0.300,3.00
2.3494,-0.009514,0.043389,0.003340,-28.29,0,150.0,10.0,1.00,0.500,0.300,3.00
2.3544,-0.009528,0.043368,0.003196,-28.29,0,150.0,10.0,1.00,0.500,0.300,3.00
2.3594,-0.009541,0.043353,0.003057,-28.29,0,150.0,10.0,1.00,0.500,0.300,3.00
2.3647,-0.009558,0.043338,0.002923,-28.29,0,150.0,10.0,1.00,0.500,0.300,3.00
2.3697,-0.009576,0.043328,0.002781,-28.29,0,150.0,10.0,1.00,0.500,0.300,3.00
2.3747,-0.009589,0.043320,0.002645,-28.29,0,150.0,10.0,1.00,0.500,0.300,3.00
2.3799,-0.009603,0.043316,0.002500,-28.29,0,150.0,10.0,1.00,0.500,0.300,3.00
2.3852,-0.009621,0.043312,0.002362,-28.29,0,150.0,10.0,1.00,0.500,0.300,3.00
2.3901,-0.009636,0.043321,0.002231,-28.29,0,150.0,10.0,1.00,0.500,0.300,3.00
2.3952,-0.009651,0.043336,0.002103,-28.29,0,150.0,10.0,1.00,0.500,0.300,3.00
2.4004,-0.009662,0.043358,0.001973,-28.29,0,150.0,10.0,1.00,0.500,0.300,3.00
2.4054,-0.009669,0.043387,0.001841,-28.29,0,150.0,10.0,1.00,0.500,0.300,3.00
2.4106,-0.009676,0.043423,0.001713,-28.29,0,150.0,10.0,1.00,0.500,0.300,3.00
2.4159,-0.009671,0.043453,0.001602,-28.29,0,150.0,10.0,1.00,0.500,0.300,3.00
2.4209,-0.009656,0.043482,0.001500,-28.29,0,150.0,10.0,1.00,0.500,0.300,3.00
2.4262,-0.009647,0.043519,0.001387,-28.29,0,150.0,10.0,1.00,0.500,0.300,3.00
2.4312,-0.009636,0.043558,0.001286,-28.29,0,150.0,10.0,1.00,0.500,0.300,3.00
2.4362,-0.009623,0.043592,0.001176,-28.29,0,150.0,10.0,1.00,0.500,0.300,3.00
2.4412,-0.009611,0.043627,0.001083,-28.29,0,150.0,10.0,1.00,0.500,0.300,3.00
2.4465,-0.009597,0.043668,0.000995,-28.29,0,150.0,10.0,1.00,0.500,0.300,3.00
2.4514,-0.009594,0.043712,0.000916,-28.29,0,150.0,10.0,1.00,0.500,0.300,3.00
2.4564,-0.009578,0.043756,0.000840,-28.29,0,150.0,10.0,1.00,0.500,0.300,3.00
2.4617,-0.009565,0.043817,0.000769,-28.29,0,150.0,10.0,1.00,0.500,0.300,3.00
2.4667,-0.009548,0.043867,0.000697,-28.29,0,150.0,10.0,1.00,0.500,0.300,3.00
2.4719,-0.009533,0.043930,0.000638,-28.29,0,150.0,10.0,1.00,0.500,0.300,3.00
2.4769,-0.009519,0.043981,0.000591,-28.29,0,150.0,10.0,1.00,0.500,0.300,3.00
2.4819,-0.009503,0.044033,0.000538,-28.29,0,150.0,10.0,1.00,0.500,0.300,3.00
2.4871,-0.009496,0.044095,0.000497,-28.29,0,150.0,10.0,1.00,0.500,0.300,3.00
2.4922,-0.009486,0.044146,0.000456,-28.29,0,150.0,10.0,1.00,0.500,0.300,3.00
2.4972,-0.009471,0.044194,0.000418,-28.29,0,150.0,10.0,1.00,0.500,0.300,3.00
2.5021,-0.009457,0.044241,0.000379,-28.29,0,150.0,10.0,1.00,0.500,0.300,3.00
2.5075,-0.009441,0.044295,0.000344,-28.29,0,150.0,10.0,1.00,0.500,0.300,3.00
2.5124,-0.009424,0.044345,0.000318,-28.29,0,150.0,10.0,1.00,0.500,0.300,3.00
2.5174,-0.009405,0.044388,0.000282,-28.29,0,150.0,10.0,1.00,0.500,0.300,3.00
2.5226,-0.009388,0.044449,0.000251,-28.29,0,150.0,10.0,1.00,0.500,0.300,3.00
2.5277,-0.009371,0.044498,0.000225,-28.29,0,150.0,10.0,1.00,0.500,0.300,3.00
2.5329,-0.009362,0.044562,0.000197,-28.29,0,150.0,10.0,1.00,0.500,0.300,3.00
2.5379,-0.009349,0.044616,0.000168,-28.29,0,150.0,10.0,1.00,0.500,0.300,3.00
2.5430,-0.009343,0.044679,0.000147,-28.29,0,150.0,10.0,1.00,0.500,0.300,3.00
2.5481,-0.009335,0.044754,0.000115,-28.29,0,150.0,10.0,1.00,0.500,0.300,3.00
2.5531,-0.009334,0.044821,0.000091,-28.29,0,150.0,10.0,1.00,0.500,0.300,3.00
2.5581,-0.009328,0.044895,0.000064,-28.29,0,150.0,10.0,1.00,0.500,0.300,3.00
2.5631,-0.009324,0.044980,0.000033,-28.29,0,150.0,10.0,1.00,0.500,0.300,3.00
2.5684,-0.009318,0.045059,-0.000008,-28.29,0,150.0,10.0,1.00,0.500,0.300,3.00
2.5734,-0.009313,0.045144,-0.000040,-28.29,0,150.0,10.0,1.00,0.500,0.300,3.00
2.5784,-0.009316,0.045230,-0.000086,-28.29,0,150.0,10.0,1.00,0.500,0.300,3.00
2.5837,-0.009318,0.045323,-0.000129,-28.29,0,150.0,10.0,1.00,0.500,0.300,3.00
2.5886,-0.009321,0.045409,-0.000175,-28.29,0,150.0,10.0,1.00,0.500,0.300,3.00
2.5936,-0.009328,0.045506,-0.000221,-28.29,0,150.0,10.0,1.00,0.500,0.300,3.00
2.5989,-0.009329,0.045603,-0.000279,-28.29,0,150.0,10.0,1.00,0.500,0.300,3.00
2.6040,-0.009334,0.045693,-0.000334,-28.29,0,150.0,10.0,1.00,0.500,0.300,3.00
2.6089,-0.009338,0.045788,-0.000404,-28.29,0,150.0,10.0,1.00,0.500,0.300,3.00
2.6141,-0.009349,0.045884,-0.000490,-28.29,0,150.0,10.0,1.00,0.500,0.300,3.00
2.6191,-0.009363,0.045980,-0.000569,-28.29,0,150.0,10.0,1.00,0.500,0.300,3.00
2.6241,-0.009386,0.046073,-0.000649,-28.29,0,150.0,10.0,1.00,0.500,0.300,3.00
2.6292,-0.009416,0.046168,-0.000724,-28.29,0,150.0,10.0,1.00,0.500,0.300,3.00
2.6342,-0.009449,0.046251,-0.000808,-28.29,0,150.0,10.0,1.00,0.500,0.300,3.00
2.6394,-0.009486,0.046337,-0.000893,-28.29,0,150.0,10.0,1.00,0.500,0.300,3.00
2.6444,-0.009525,0.046421,-0.000992,-28.29,0,150.0,10.0,1.00,0.500,0.300,3.00
2.6494,-0.009569,0.046497,-0.001088,-28.29,0,150.0,10.0,1.00,0.500,0.300,3.00
2.6547,-0.009617,0.046578,-0.001186,-28.29,0,150.0,10.0,1.00,0.500,0.300,3.00
2.6599,-0.009662,0.046647,-0.001286,-28.29,0,150.0,10.0,1.00,0.500,0.300,3.00
2.6649,-0.009707,0.046711,-0.001389,-28.29,0,150.0,10.0,1.00,0.500,0.300,3.00
2.6699,-0.009765,0.046781,-0.001491,-28.29,0,150.0,10.0,1.00,0.500,0.300,3.00
2.6752,-0.009823,0.046848,-0.001612,-28.29,0,150.0,10.0,1.00,0.500,0.300,3.00
2.6802,-0.009872,0.046909,-0.001728,-28.29,0,150.0,10.0,1.00,0.500,0.300,3.00
2.6851,-0.009930,0.046976,-0.001849,-28.29,0,150.0,10.0,1.00,0.500,0.300,3.00
2.6901,-0.009986,0.047038,-0.001980,-28.29,0,150.0,10.0,1.00,0.500,0.300,3.00
2.6954,-0.010044,0.047103,-0.002120,-28.29,0,150.0,10.0,1.00,0.500,0.300,3.00
2.7004,-0.010108,0.047168,-0.002247,-28.29,0,150.0,10.0,1.00,0.500,0.300,3.00
2.7057,-0.010168,0.047222,-0.002375,-28.29,0,150.0,10.0,1.00,0.500,0.300,3.00
2.7107,-0.010234,0.047279,-0.002506,-28.29,0,150.0,10.0,1.00,0.500,0.300,3.00
2.7159,-0.010309,0.047337,-0.002645,-28.29,0,150.0,10.0,1.00,0.500,0.300,3.00
2.7212,-0.010379,0.047396,-0.002797,-28.29,0,150.0,10.0,1.00,0.500,0.300,3.00
2.7262,-0.010453,0.047450,-0.002927,-28.29,0,150.0,10.0,1.00,0.500,0.300,3.00
2.7311,-0.010527,0.047486,-0.003056,-28.29,0,150.0,10.0,1.00,0.500,0.300,3.00
2.7364,-0.010600,0.047529,-0.003182,-28.29,0,150.0,10.0,1.00,0.500,0.300,3.00
2.7414,-0.010682,0.047562,-0.003310,-28.29,0,150.0,10.0,1.00,0.500,0.300,3.00
2.7464,-0.010753,0.047584,-0.003425,-28.29,0,150.0,10.0,1.00,0.500,0.300,3.00
2.7516,-0.010838,0.047599,-0.003546,-28.29,0,150.0,10.0,1.00,0.500,0.300,3.00
2.7566,-0.010934,0.047627,-0.003662,-28.29,0,150.0,10.0,1.00,0.500,0.300,3.00
2.7617,-0.011017,0.047638,-0.003774,-28.29,0,150.0,10.0,1.00,0.500,0.300,3.00
2.7669,-0.011102,0.047643,-0.003890,-28.29,0,150.0,10.0,1.00,0.500,0.300,3.00
2.7719,-0.011175,0.047647,-0.003997,-28.29,0,150.0,10.0,1.00,0.500,0.300,3.00
2.7772,-0.011252,0.047650,-0.004097,-28.29,0,150.0,10.0,1.00,0.500,0.300,3.00
2.7822,-0.011320,0.047640,-0.004196,-28.29,0,150.0,10.0,1.00,0.500,0.300,3.00
2.7871,-0.011388,0.047636,-0.004292,-28.29,0,150.0,10.0,1.00,0.500,0.300,3.00
2.7922,-0.011439,0.047622,-0.004386,-28.29,0,150.0,10.0,1.00,0.500,0.300,3.00
2.7971,-0.011491,0.047618,-0.004486,-28.29,0,150.0,10.0,1.00,0.500,0.300,3.00
2.8024,-0.011543,0.047612,-0.004604,-28.29,0,150.0,10.0,1.00,0.500,0.300,3.00
2.8074,-0.011597,0.047619,-0.004708,-28.29,0,150.0,10.0,1.00,0.500,0.300,3.00
2.8124,-0.011643,0.047622,-0.004817,-28.29,0,150.0,10.0,1.00,0.500,0.300,3.00
2.8176,-0.011693,0.047629,-0.004927,-28.29,0,150.0,10.0,1.00,0.500,0.300,3.00
2.8227,-0.011730,0.047630,-0.005046,-28.29,0,150.0,10.0,1.00,0.500,0.300,3.00
2.8277,-0.011772,0.047640,-0.005156,-28.29,0,150.0,10.0,1.00,0.500,0.300,3.00
2.8329,-0.011809,0.047658,-0.005276,-28.29,0,150.0,10.0,1.00,0.500,0.300,3.00
2.8379,-0.011848,0.047675,-0.005390,-28.29,0,150.0,10.0,1.00,0.500,0.300,3.00
2.8432,-0.011887,0.047699,-0.005499,-28.29,0,150.0,10.0,1.00,0.500,0.300,3.00
2.8482,-0.011936,0.047718,-0.005602,-28.29,0,150.0,10.0,1.00,0.500,0.300,3.00
2.8532,-0.011980,0.047741,-0.005699,-28.29,0,150.0,10.0,1.00,0.500,0.300,3.00
2.8584,-0.012032,0.047764,-0.005810,-28.29,0,150.0,10.0,1.00,0.500,0.300,3.00
2.8634,-0.012088,0.047793,-0.005905,-28.29,0,150.0,10.0,1.00,0.500,0.300,3.00
2.8684,-0.012154,0.047823,-0.006009,-28.29,0,150.0,10.0,1.00,0.500,0.300,3.00
2.8736,-0.012216,0.047866,-0.006111,-28.29,0,150.0,10.0,1.00,0.500,0.300,3.00
2.8787,-0.012272,0.047911,-0.006207,-28.29,0,150.0,10.0,1.00,0.500,0.300,3.00
2.8839,-0.012322,0.047964,-0.006312,-28.29,0,150.0,10.0,1.00,0.500,0.300,3.00
2.8889,-0.012373,0.048017,-0.006417,-28.29,0,150.0,10.0,1.00,0.500,0.300,3.00
2.8939,-0.012415,0.048073,-0.006523,-28.29,0,150.0,10.0,1.00,0.500,0.300,3.00
2.8993,-0.012467,0.048136,-0.006633,-28.29,0,150.0,10.0,1.00,0.500,0.300,3.00
2.9042,-0.012505,0.048188,-0.006736,-28.29,0,150.0,10.0,1.00,0.500,0.300,3.00
2.9092,-0.012543,0.048241,-0.006839,-28.29,0,150.0,10.0,1.00,0.500,0.300,3.00
2.9142,-0.012587,0.048300,-0.006953,-28.29,0,150.0,10.0,1.00,0.500,0.300,3.00
2.9194,-0.012633,0.048358,-0.007085,-28.29,0,150.0,10.0,1.00,0.500,0.300,3.00
2.9244,-0.012674,0.048414,-0.007197,-28.29,0,150.0,10.0,1.00,0.500,0.300,3.00
2.9294,-0.012721,0.048473,-0.007305,-28.29,0,150.0,10.0,1.00,0.500,0.300,3.00
2.9347,-0.012769,0.048532,-0.007412,-28.29,0,150.0,10.0,1.00,0.500,0.300,3.00
2.9397,-0.012818,0.048584,-0.007523,-28.29,0,150.0,10.0,1.00,0.500,0.300,3.00
2.9446,-0.012866,0.048643,-0.007631,-28.29,0,150.0,10.0,1.00,0.500,0.300,3.00
2.9499,-0.012912,0.048701,-0.007745,-28.29,0,150.0,10.0,1.00,0.500,0.300,3.00
2.9549,-0.012948,0.048754,-0.007854,-28.29,0,150.0,10.0,1.00,0.500,0.300,3.00
2.9602,-0.012988,0.048803,-0.007975,-28.29,0,150.0,10.0,1.00,0.500,0.300,3.00
2.9651,-0.013025,0.048855,-0.008085,-28.29,0,150.0,10.0,1.00,0.500,0.300,3.00
2.9702,-0.013066,0.048906,-0.008181,-28.29,0,150.0,10.0,1.00,0.500,0.300,3.00
2.9752,-0.013113,0.048961,-0.008279,-28.29,0,150.0,10.0,1.00,0.500,0.300,3.00
2.9802,-0.013154,0.049011,-0.008376,-28.29,0,150.0,10.0,1.00,0.500,0.300,3.00
2.9854,-0.013194,0.049063,-0.008478,-28.29,0,150.0,10.0,1.00,0.500,0.300,3.00
2.9904,-0.013226,0.049107,-0.008570,-28.29,0,150.0,10.0,1.00,0.500,0.300,3.00
2.9954,-0.013266,0.049158,-0.008673,-28.29,0,150.0,10.0,1.00,0.500,0.300,3.00
3.0006,-0.013301,0.049206,-0.008773,-28.29,0,150.0,10.0,1.00,0.500,0.300,3.00
3.0057,-0.013334,0.049250,-0.008865,-28.29,0,150.0,10.0,1.00,0.500,0.300,3.00
3.0109,-0.013365,0.049304,-0.008968,-28.29,0,150.0,10.0,1.00,0.500,0.300,3.00
3.0159,-0.013396,0.049344,-0.009051,-28.29,0,150.0,10.0,1.00,0.500,0.300,3.00
3.0212,-0.013427,0.049389,-0.009149,-28.29,0,150.0,10.0,1.00,0.500,0.300,3.00
3.0261,-0.013457,0.049433,-0.009247,-28.29,0,150.0,10.0,1.00,0.500,0.300,3.00
3.0314,-0.013495,0.049484,-0.009356,-28.29,0,150.0,10.0,1.00,0.500,0.300,3.00
3.0364,-0.013528,0.049532,-0.009463,-28.29,0,150.0,10.0,1.00,0.500,0.300,3.00
3.0414,-0.013560,0.049569,-0.009564,-28.29,0,150.0,10.0,1.00,0.500,0.300,3.00
3.0466,-0.013589,0.049614,-0.009669,-28.29,0,150.0,10.0,1.00,0.500,0.300,3.00
3.0517,-0.013620,0.049657,-0.009767,-28.29,0,150.0,10.0,1.00,0.500,0.300,3.00
3.0569,-0.013648,0.049708,-0.009868,-28.29,0,150.0,10.0,1.00,0.500,0.300,3.00
3.0619,-0.013665,0.049746,-0.009974,-28.29,0,150.0,10.0,1.00,0.500,0.300,3.00
3.0672,-0.013687,0.049787,-0.010083,-28.29,0,150.0,10.0,1.00,0.500,0.300,3.00
3.0722,-0.013702,0.049821,-0.010181,-28.29,0,150.0,10.0,1.00,0.500,0.300,3.00
3.0772,-0.013712,0.049852,-0.010277,-28.29,0,150.0,10.0,1.00,0.500,0.300,3.00
3.0822,-0.013722,0.049883,-0.010373,-28.29,0,150.0,10.0,1.00,0.500,0.300,3.00
3.0875,-0.013732,0.049914,-0.010468,-28.29,0,150.0,10.0,1.00,0.500,0.300,3.00
3.0924,-0.013735,0.049944,-0.010550,-28.29,0,150.0,10.0,1.00,0.500,0.300,3.00
3.0974,-0.013733,0.049969,-0.010648,-28.29,0,150.0,10.0,1.00,0.500,0.300,3.00
3.1027,-0.013731,0.050000,-0.010742,-28.29,0,150.0,10.0,1.00,0.500,0.300,3.00
3.1077,-0.013727,0.050021,-0.010831,-28.29,0,150.0,10.0,1.00,0.500,0.300,3.00
3.1126,-0.013730,0.050051,-0.010913,-28.29,0,150.0,10.0,1.00,0.500,0.300,3.00
3.1179,-0.013733,0.050075,-0.010998,-28.29,0,150.0,10.0,1.00,0.500,0.300,3.00
3.1229,-0.013732,0.050095,-0.011081,-28.29,0,150.0,10.0,1.00,0.500,0.300,3.00
3.1279,-0.013733,0.050115,-0.011157,-28.29,0,150.0,10.0,1.00,0.500,0.300,3.00
3.1332,-0.013723,0.050123,-0.011239,-28.29,0,150.0,10.0,1.00,0.500,0.300,3.00
3.1382,-0.013715,0.050136,-0.011312,-28.29,0,150.0,10.0,1.00,0.500,0.300,3.00
3.1432,-0.013699,0.050143,-0.011373,-28.29,0,150.0,10.0,1.00,0.500,0.300,3.00
3.1482,-0.013683,0.050156,-0.011430,-28.29,0,150.0,10.0,1.00,0.500,0.300,3.00
3.1532,-0.013660,0.050156,-0.011481,-28.29,0,150.0,10.0,1.00,0.500,0.300,3.00
3.1584,-0.013642,0.050159,-0.011533,-28.29,0,150.0,10.0,1.00,0.500,0.300,3.00
3.1634,-0.013616,0.050155,-0.011575,-28.29,0,150.0,10.0,1.00,0.500,0.300,3.00
3.1684,-0.013598,0.050154,-0.011612,-28.29,0,150.0,10.0,1.00,0.500,0.300,3.00
3.1737,-0.013570,0.050150,-0.011660,-28.29,0,150.0,10.0,1.00,0.500,0.300,3.00
3.1787,-0.013543,0.050146,-0.011709,-28.29,0,150.0,10.0,1.00,0.500,0.300,3.00
3.1837,-0.013510,0.050139,-0.011755,-28.29,0,150.0,10.0,1.00,0.500,0.300,3.00
3.1889,-0.013479,0.050126,-0.011805,-28.29,0,150.0,10.0,1.00,0.500,0.300,3.00
3.1939,-0.013449,0.050119,-0.011844,-28.29,0,150.0,10.0,1.00,0.500,0.300,3.00
3.1992,-0.013418,0.050112,-0.011884,-28.29,0,150.0,10.0,1.00,0.500,0.300,3.00
3.2042,-0.013390,0.050104,-0.011917,-28.29,0,150.0,10.0,1.00,0.500,0.300,3.00
3.2092,-0.013363,0.050096,-0.011950,-28.29,0,150.0,10.0,1.00,0.500,0.300,3.00
3.2141,-0.013337,0.050088,-0.011977,-28.29,0,150.0,10.0,1.00,0.500,0.300,3.00
3.2191,-0.013315,0.050090,-0.012002,-28.29,0,150.0,10.0,1.00,0.500,0.300,3.00
3.2244,-0.013292,0.050085,-0.012037,-28.29,0,150.0,10.0,1.00,0.500,0.300,3.00
3.2294,-0.013271,0.050085,-0.012081,-28.29,0,150.0,10.0,1.00,0.500,0.300,3.00
3.2344,-0.013253,0.050084,-0.012118,-28.29,0,150.0,10.0,1.00,0.500,0.300,3.00
3.2396,-0.013233,0.050083,-0.012163,-28.29,0,150.0,10.0,1.00,0.500,0.300,3.00
3.2447,-0.013214,0.050082,-0.012200,-28.29,0,150.0,10.0,1.00,0.500,0.300,3.00
3.2499,-0.013193,0.050091,-0.012256,-28.29,0,150.0,10.0,1.00,0.500,0.300,3.00
3.2549,-0.013178,0.050094,-0.012302,-28.29,0,150.0,10.0,1.00,0.500,0.300,3.00
3.2602,-0.013162,0.050100,-0.012364,-28.29,0,150.0,10.0,1.00,0.500,0.300,3.00
3.2652,-0.013149,0.050106,-0.012419,-28.29,0,150.0,10.0,1.00,0.500,0.300,3.00
3.2702,-0.013133,0.050106,-0.012491,-28.29,0,150.0,10.0,1.00,0.500,0.300,3.00
3.2752,-0.013118,0.050113,-0.012553,-28.29,0,150.0,10.0,1.00,0.500,0.300,3.00
3.2804,-0.013109,0.050116,-0.012621,-28.29,0,150.0,10.0,1.00,0.500,0.300,3.00
3.2854,-0.013091,0.050123,-0.012690,-28.29,0,150.0,10.0,1.00,0.500,0.300,3.00
3.2904,-0.013078,0.050127,-0.012771,-28.29,0,150.0,10.0,1.00,0.500,0.300,3.00
3.2957,-0.013058,0.050134,-0.012846,-28.29,0,150.0,10.0,1.00,0.500,0.300,3.00
3.3007,-0.013046,0.050144,-0.012917,-28.28,0,150.0,10.0,1.00,0.500,0.300,3.00
3.3059,-0.013032,0.050147,-0.012998,-28.28,0,150.0,10.0,1.00,0.500,0.300,3.00
3.3109,-0.013018,0.050147,-0.013064,-28.27,0,150.0,10.0,1.00,0.500,0.300,3.00
3.3159,-0.013010,0.050156,-0.013122,-28.27,0,150.0,10.0,1.00,0.500,0.300,3.00
3.3212,-0.012994,0.050157,-0.013194,-28.26,0,150.0,10.0,1.00,0.500,0.300,3.00
3.3262,-0.012979,0.050163,-0.013256,-28.25,0,150.0,10.0,1.00,0.500,0.300,3.00
3.3312,-0.012964,0.050169,-0.013319,-28.24,0,150.0,10.0,1.00,0.500,0.300,3.00
3.3362,-0.012943,0.050172,-0.013385,-28.24,0,150.0,10.0,1.00,0.500,0.300,3.00
3.3411,-0.012918,0.050172,-0.013443,-28.23,0,150.0,10.0,1.00,0.500,0.300,3.00
3.3464,-0.012899,0.050175,-0.013504,-28.22,0,150.0,10.0,1.00,0.500,0.300,3.00
3.3514,-0.012877,0.050178,-0.013570,-28.22,0,150.0,10.0,1.00,0.500,0.300,3.00
3.3564,-0.012850,0.050178,-0.013635,-28.22,0,150.0,10.0,1.00,0.500,0.300,3.00
3.3616,-0.012831,0.050181,-0.013695,-28.22,0,150.0,10.0,1.00,0.500,0.300,3.00
3.3666,-0.012808,0.050178,-0.013773,-28.22,0,150.0,10.0,1.00,0.500,0.300,3.00
3.3717,-0.012777,0.050179,-0.013851,-28.22,0,150.0,10.0,1.00,0.500,0.300,3.00
3.3769,-0.012749,0.050183,-0.013938,-28.22,0,150.0,10.0,1.00,0.500,0.300,3.00
3.3819,-0.012726,0.050190,-0.014028,-28.21,0,150.0,10.0,1.00,0.500,0.300,3.00
3.3869,-0.012698,0.050195,-0.014115,-28.21,0,150.0,10.0,1.00,0.500,0.300,3.00
3.3922,-0.012672,0.050198,-0.014196,-28.21,0,150.0,10.0,1.00,0.500,0.300,3.00
3.3972,-0.012652,0.050199,-0.014282,-28.19,0,150.0,10.0,1.00,0.500,0.300,3.00
3.4022,-0.012630,0.050200,-0.014376,-28.19,0,150.0,10.0,1.00,0.500,0.300,3.00
3.4071,-0.012609,0.050201,-0.014469,-28.17,0,150.0,10.0,1.00,0.500,0.300,3.00
3.4124,-0.012589,0.050201,-0.014556,-28.15,0,150.0,10.0,1.00,0.500,0.300,3.00
3.4174,-0.012578,0.050204,-0.014631,-28.13,0,150.0,10.0,1.00,0.500,0.300,3.00
3.4227,-0.012563,0.050214,-0.014716,-28.11,0,150.0,10.0,1.00,0.500,0.300,3.00
3.4276,-0.012552,0.050218,-0.014792,-28.10,0,150.0,10.0,1.00,0.500,0.300,3.00
3.4329,-0.012543,0.050227,-0.014857,-28.08,0,150.0,10.0,1.00,0.500,0.300,3.00
3.4379,-0.012537,0.050240,-0.014931,-28.05,0,150.0,10.0,1.00,0.500,0.300,3.00
3.4429,-0.012522,0.050256,-0.015006,-28.03,0,150.0,10.0,1.00,0.500,0.300,3.00
3.4482,-0.012509,0.050266,-0.015085,-28.01,0,150.0,10.0,1.00,0.500,0.300,3.00
3.4531,-0.012501,0.050285,-0.015155,-27.98,0,150.0,10.0,1.00,0.500,0.300,3.00
3.4581,-0.012490,0.050295,-0.015227,-27.95,0,150.0,10.0,1.00,0.500,0.300,3.00
3.4632,-0.012487,0.050313,-0.015284,-27.92,0,150.0,10.0,1.00,0.500,0.300,3.00
3.4684,-0.012480,0.050322,-0.015342,-27.88,0,150.0,10.0,1.00,0.500,0.300,3.00
3.4734,-0.012476,0.050335,-0.015410,-27.84,0,150.0,10.0,1.00,0.500,0.300,3.00
3.4784,-0.012474,0.050347,-0.015470,-27.81,0,150.0,10.0,1.00,0.500,0.300,3.00
3.4836,-0.012468,0.050349,-0.015533,-27.78,0,150.0,10.0,1.00,0.500,0.300,3.00
3.4886,-0.012469,0.050355,-0.015590,-27.76,0,150.0,10.0,1.00,0.500,0.300,3.00
3.4937,-0.012463,0.050364,-0.015649,-27.74,0,150.0,10.0,1.00,0.500,0.300,3.00
3.4989,-0.012464,0.050369,-0.015706,-27.72,0,150.0,10.0,1.00,0.500,0.300,3.00
3.5039,-0.012466,0.050368,-0.015768,-27.70,0,150.0,10.0,1.00,0.500,0.300,3.00
3.5092,-0.012465,0.050370,-0.015817,-27.69,0,150.0,10.0,1.00,0.500,0.300,3.00
3.5141,-0.012471,0.050368,-0.015864,-27.67,0,150.0,10.0,1.00,0.500,0.300,3.00
3.5191,-0.012473,0.050363,-0.015910,-27.65,0,150.0,10.0,1.00,0.500,0.300,3.00
3.5241,-0.012480,0.050368,-0.015947,-27.62,0,150.0,10.0,1.00,0.500,0.300,3.00
3.5294,-0.012484,0.050362,-0.015986,-27.58,0,150.0,10.0,1.00,0.500,0.300,3.00
3.5344,-0.012494,0.050367,-0.016017,-27.55,0,150.0,10.0,1.00,0.500,0.300,3.00
3.5394,-0.012501,0.050367,-0.016038,-27.52,0,150.0,10.0,1.00,0.500,0.300,3.00
3.5444,-0.012511,0.050378,-0.016058,-27.47,0,150.0,10.0,1.00,0.500,0.300,3.00
3.5497,-0.012518,0.050378,-0.016080,-27.42,0,150.0,10.0,1.00,0.500,0.300,3.00
3.5547,-0.012524,0.050386,-0.016097,-27.38,0,150.0,10.0,1.00,0.500,0.300,3.00
3.5599,-0.012531,0.050392,-0.016108,-27.33,0,150.0,10.0,1.00,0.500,0.300,3.00
3.5649,-0.012540,0.050405,-0.016109,-27.26,0,150.0,10.0,1.00,0.500,0.300,3.00
3.5699,-0.012549,0.050418,-0.016109,-27.20,0,150.0,10.0,1.00,0.500,0.300,3.00
3.5752,-0.012559,0.050425,-0.016114,-27.14,0,150.0,10.0,1.00,0.500,0.300,3.00
3.5801,-0.012563,0.050435,-0.016112,-27.08,0,150.0,10.0,1.00,0.500,0.300,3.00
3.5851,-0.012569,0.050444,-0.016103,-27.01,0,150.0,10.0,1.00,0.500,0.300,3.00
3.5902,-0.012571,0.050448,-0.016112,-26.93,0,150.0,10.0,1.00,0.500,0.300,3.00
3.5952,-0.012575,0.050457,-0.016111,-26.86,0,150.0,10.0,1.00,0.500,0.300,3.00
3.6004,-0.012580,0.050461,-0.016113,-26.79,0,150.0,10.0,1.00,0.500,0.300,3.00
3.6054,-0.012584,0.050470,-0.016111,-26.74,0,150.0,10.0,1.00,0.500,0.300,3.00
3.6106,-0.012589,0.050474,-0.016113,-26.67,0,150.0,10.0,1.00,0.500,0.300,3.00
3.6156,-0.012588,0.050480,-0.016110,-26.61,0,150.0,10.0,1.00,0.500,0.300,3.00
3.6206,-0.012593,0.050483,-0.016112,-26.57,0,150.0,10.0,1.00,0.500,0.300,3.00
3.6259,-0.012593,0.050483,-0.016112,-26.53,0,150.0,10.0,1.00,0.500,0.300,3.00
3.6309,-0.012593,0.050483,-0.016112,-26.49,0,150.0,10.0,1.00,0.500,0.300,3.00
3.6359,-0.012589,0.050486,-0.016099,-26.45,0,150.0,10.0,1.00,0.500,0.300,3.00
3.6412,-0.012588,0.050482,-0.016083,-26.42,0,150.0,10.0,1.00,0.500,0.300,3.00
3.6461,-0.012586,0.050485,-0.016064,-26.38,0,150.0,10.0,1.00,0.500,0.300,3.00
3.6512,-0.012579,0.050484,-0.016042,-26.35,0,150.0,10.0,1.00,0.500,0.300,3.00
3.6562,-0.012574,0.050490,-0.016010,-26.30,0,150.0,10.0,1.00,0.500,0.300,3.00
3.6615,-0.012568,0.050495,-0.015978,-26.26,0,150.0,10.0,1.00,0.500,0.300,3.00
3.6664,-0.012562,0.050501,-0.015946,-26.21,0,150.0,10.0,1.00,0.500,0.300,3.00
3.6714,-0.012559,0.050510,-0.015923,-26.16,0,150.0,10.0,1.00,0.500,0.300,3.00
3.6766,-0.012556,0.050519,-0.015900,-26.11,0,150.0,10.0,1.00,0.500,0.300,3.00
3.6816,-0.012555,0.050522,-0.015881,-26.06,0,150.0,10.0,1.00,0.500,0.300,3.00
3.6866,-0.012556,0.050528,-0.015870,-26.00,0,150.0,10.0,1.00,0.500,0.300,3.00
3.6919,-0.012561,0.050537,-0.015862,-25.95,0,150.0,10.0,1.00,0.500,0.300,3.00
3.6969,-0.012565,0.050547,-0.015860,-25.90,0,150.0,10.0,1.00,0.500,0.300,3.00
3.7022,-0.012573,0.050554,-0.015871,-25.85,0,150.0,10.0,1.00,0.500,0.300,3.00
3.7072,-0.012579,0.050551,-0.015877,-25.81,0,150.0,10.0,1.00,0.500,0.300,3.00
3.7121,-0.012585,0.050547,-0.015883,-25.79,0,150.0,10.0,1.00,0.500,0.300,3.00
3.7171,-0.012597,0.050541,-0.015894,-25.77,0,150.0,10.0,1.00,0.500,0.300,3.00
3.7224,-0.012603,0.050525,-0.015914,-25.76,0,150.0,10.0,1.00,0.500,0.300,3.00
3.7274,-0.012611,0.050509,-0.015928,-25.76,0,150.0,10.0,1.00,0.500,0.300,3.00
3.7324,-0.012619,0.050493,-0.015941,-25.75,0,150.0,10.0,1.00,0.500,0.300,3.00
3.7376,-0.012632,0.050480,-0.015956,-25.75,0,150.0,10.0,1.00,0.500,0.300,3.00
3.7427,-0.012639,0.050471,-0.015966,-25.75,0,150.0,10.0,1.00,0.500,0.300,3.00
3.7476,-0.012639,0.050458,-0.015980,-25.75,0,150.0,10.0,1.00,0.500,0.300,3.00
3.7529,-0.012645,0.050455,-0.015986,-25.75,0,150.0,10.0,1.00,0.500,0.300,3.00
3.7579,-0.012640,0.050452,-0.015984,-25.75,0,150.0,10.0,1.00,0.500,0.300,3.00
3.7632,-0.012640,0.050452,-0.015984,-25.75,0,150.0,10.0,1.00,0.500,0.300,3.00
3.7681,-0.012640,0.050452,-0.015984,-25.75,0,150.0,10.0,1.00,0.500,0.300,3.00
3.7732,-0.012640,0.050452,-0.015984,-25.75,0,150.0,10.0,1.00,0.500,0.300,3.00
3.7782,-0.012641,0.050445,-0.015987,-25.75,0,150.0,10.0,1.00,0.500,0.300,3.00
3.7834,-0.012641,0.050445,-0.015987,-25.75,0,150.0,10.0,1.00,0.500,0.300,3.00
3.7884,-0.012646,0.050448,-0.015990,-25.75,0,150.0,10.0,1.00,0.500,0.300,3.00
3.7934,-0.012649,0.050452,-0.015998,-25.75,0,150.0,10.0,1.00,0.500,0.300,3.00
3.7986,-0.012659,0.050458,-0.016003,-25.75,0,150.0,10.0,1.00,0.500,0.300,3.00
3.8037,-0.012673,0.050462,-0.016019,-25.75,0,150.0,10.0,1.00,0.500,0.300,3.00
3.8087,-0.012683,0.050462,-0.016027,-25.75,0,150.0,10.0,1.00,0.500,0.300,3.00
3.8139,-0.012695,0.050466,-0.016051,-25.75,0,150.0,10.0,1.00,0.500,0.300,3.00
3.8189,-0.012710,0.050463,-0.016071,-25.75,0,150.0,10.0,1.00,0.500,0.300,3.00
3.8239,-0.012718,0.050457,-0.016097,-25.75,0,150.0,10.0,1.00,0.500,0.300,3.00
3.8291,-0.012729,0.050461,-0.016120,-25.75,0,150.0,10.0,1.00,0.500,0.300,3.00
3.8341,-0.012739,0.050455,-0.016139,-25.75,0,150.0,10.0,1.00,0.500,0.300,3.00
3.8392,-0.012742,0.050459,-0.016148,-25.75,0,150.0,10.0,1.00,0.500,0.300,3.00
3.8442,-0.012748,0.050456,-0.016153,-25.75,0,150.0,10.0,1.00,0.500,0.300,3.00
3.8494,-0.012753,0.050459,-0.016155,-25.75,0,150.0,10.0,1.00,0.500,0.300,3.00
3.8544,-0.012748,0.050456,-0.016153,-25.75,0,150.0,10.0,1.00,0.500,0.300,3.00
3.8597,-0.012750,0.050455,-0.016147,-25.75,0,150.0,10.0,1.00,0.500,0.300,3.00
3.8646,-0.012745,0.050452,-0.016144,-25.75,0,150.0,10.0,1.00,0.500,0.300,3.00
3.8697,-0.012742,0.050449,-0.016136,-25.75,0,150.0,10.0,1.00,0.500,0.300,3.00
3.8746,-0.012742,0.050445,-0.016120,-25.75,0,150.0,10.0,1.00,0.500,0.300,3.00
3.8799,-0.012741,0.050441,-0.016104,-25.74,0,150.0,10.0,1.00,0.500,0.300,3.00
3.8849,-0.012741,0.050431,-0.016092,-25.74,0,150.0,10.0,1.00,0.500,0.300,3.00
3.8899,-0.012736,0.050417,-0.016078,-25.73,0,150.0,10.0,1.00,0.500,0.300,3.00
3.8951,-0.012737,0.050407,-0.016066,-25.71,0,150.0,10.0,1.00,0.500,0.300,3.00
3.9001,-0.012733,0.050387,-0.016056,-25.70,0,150.0,10.0,1.00,0.500,0.300,3.00
3.9052,-0.012732,0.050370,-0.016054,-25.67,0,150.0,10.0,1.00,0.500,0.300,3.00
3.9102,-0.012729,0.050354,-0.016060,-25.62,0,150.0,10.0,1.00,0.500,0.300,3.00
3.9154,-0.012727,0.050338,-0.016065,-25.56,0,150.0,10.0,1.00,0.500,0.300,3.00
3.9204,-0.012728,0.050319,-0.016083,-25.49,0,150.0,10.0,1.00,0.500,0.300,3.00
3.9257,-0.012729,0.050300,-0.016101,-25.40,0,150.0,10.0,1.00,0.500,0.300,3.00
3.9306,-0.012733,0.050285,-0.016127,-25.30,0,150.0,10.0,1.00,0.500,0.300,3.00
3.9357,-0.012743,0.050266,-0.016160,-25.20,0,150.0,10.0,1.00,0.500,0.300,3.00
3.9409,-0.012750,0.050254,-0.016196,-25.07,0,150.0,10.0,1.00,0.500,0.300,3.00
3.9459,-0.012758,0.050236,-0.016235,-24.93,0,150.0,10.0,1.00,0.500,0.300,3.00
3.9509,-0.012768,0.050217,-0.016268,-24.78,0,150.0,10.0,1.00,0.500,0.300,3.00
3.9562,-0.012786,0.050205,-0.016311,-24.60,0,150.0,10.0,1.00,0.500,0.300,3.00
3.9611,-0.012800,0.050190,-0.016346,-24.42,0,150.0,10.0,1.00,0.500,0.300,3.00
3.9661,-0.012821,0.050171,-0.016386,-24.23,0,150.0,10.0,1.00,0.500,0.300,3.00
3.9712,-0.012842,0.050153,-0.016427,-24.03,0,150.0,10.0,1.00,0.500,0.300,3.00
3.9764,-0.012859,0.050124,-0.016469,-23.80,0,150.0,10.0,1.00,0.500,0.300,3.00
3.9814,-0.012876,0.050102,-0.016507,-23.59,0,150.0,10.0,1.00,0.500,0.300,3.00
3.9866,-0.012891,0.050064,-0.016544,-23.38,0,150.0,10.0,1.00,0.500,0.300,3.00
3.9917,-0.012906,0.050026,-0.016581,-23.19,0,150.0,10.0,1.00,0.500,0.300,3.00
3.9967,-0.012919,0.049984,-0.016609,-22.98,0,150.0,10.0,1.00,0.500,0.300,3.00
4.0019,-0.012926,0.049939,-0.016634,-22.77,0,150.0,10.0,1.00,0.500,0.300,3.00
4.0069,-0.012934,0.049894,-0.016660,-22.56,0,150.0,10.0,1.00,0.500,0.300,3.00
4.0119,-0.012941,0.049843,-0.016696,-22.39,0,150.0,10.0,1.00,0.500,0.300,3.00
4.0172,-0.012940,0.049785,-0.016722,-22.23,0,150.0,10.0,1.00,0.500,0.300,3.00
4.0221,-0.012943,0.049725,-0.016759,-22.09,0,150.0,10.0,1.00,0.500,0.300,3.00
4.0271,-0.012946,0.049674,-0.016809,-21.96,0,150.0,10.0,1.00,0.500,0.300,3.00
4.0321,-0.012950,0.049617,-0.016863,-21.85,0,150.0,10.0,1.00,0.500,0.300,3.00
4.0374,-0.012951,0.049554,-0.016933,-21.75,0,150.0,10.0,1.00,0.500,0.300,3.00
4.0424,-0.012948,0.049505,-0.017004,-21.66,0,150.0,10.0,1.00,0.500,0.300,3.00
4.0474,-0.012948,0.049459,-0.017083,-21.58,0,150.0,10.0,1.00,0.500,0.300,3.00
4.0527,-0.012946,0.049413,-0.017169,-21.51,0,150.0,10.0,1.00,0.500,0.300,3.00
4.0576,-0.012942,0.049367,-0.017261,-21.45,0,150.0,10.0,1.00,0.500,0.300,3.00
4.0626,-0.012934,0.049325,-0.017341,-21.41,0,150.0,10.0,1.00,0.500,0.300,3.00
4.0679,-0.012930,0.049279,-0.017434,-21.36,0,150.0,10.0,1.00,0.500,0.300,3.00
4.0729,-0.012924,0.049236,-0.017508,-21.32,0,150.0,10.0,1.00,0.500,0.300,3.00
4.0779,-0.012918,0.049187,-0.017592,-21.29,0,150.0,10.0,1.00,0.500,0.300,3.00
4.0832,-0.012913,0.049138,-0.017669,-21.24,0,150.0,10.0,1.00,0.500,0.300,3.00
4.0881,-0.012909,0.049095,-0.017735,-21.20,0,150.0,10.0,1.00,0.500,0.300,3.00
4.0932,-0.012899,0.049049,-0.017806,-21.16,0,150.0,10.0,1.00,0.500,0.300,3.00
4.0982,-0.012895,0.049005,-0.017873,-21.09,0,150.0,10.0,1.00,0.500,0.300,3.00
4.1034,-0.012892,0.048962,-0.017940,-21.03,0,150.0,10.0,1.00,0.500,0.300,3.00
4.1084,-0.012881,0.048929,-0.017997,-20.96,0,150.0,10.0,1.00,0.500,0.300,3.00
4.1134,-0.012876,0.048904,-0.018046,-20.90,0,150.0,10.0,1.00,0.500,0.300,3.00
4.1186,-0.012865,0.048883,-0.018089,-20.82,0,150.0,10.0,1.00,0.500,0.300,3.00
4.1236,-0.012854,0.048862,-0.018132,-20.75,0,150.0,10.0,1.00,0.500,0.300,3.00
4.1286,-0.012835,0.048844,-0.018176,-20.67,0,150.0,10.0,1.00,0.500,0.300,3.00
4.1339,-0.012819,0.048836,-0.018219,-20.57,0,150.0,10.0,1.00,0.500,0.300,3.00
4.1389,-0.012806,0.048828,-0.018255,-20.47,0,150.0,10.0,1.00,0.500,0.300,3.00
4.1442,-0.012786,0.048822,-0.018285,-20.36,0,150.0,10.0,1.00,0.500,0.300,3.00
4.1491,-0.012771,0.048817,-0.018302,-20.23,0,150.0,10.0,1.00,0.500,0.300,3.00
4.1541,-0.012752,0.048817,-0.018321,-20.10,0,150.0,10.0,1.00,0.500,0.300,3.00
4.1594,-0.012731,0.048808,-0.018336,-19.96,0,150.0,10.0,1.00,0.500,0.300,3.00
4.1644,-0.012718,0.048802,-0.018345,-19.82,0,150.0,10.0,1.00,0.500,0.300,3.00
4.1694,-0.012701,0.048793,-0.018346,-19.68,0,150.0,10.0,1.00,0.500,0.300,3.00
4.1747,-0.012685,0.048789,-0.018336,-19.53,0,150.0,10.0,1.00,0.500,0.300,3.00
4.1796,-0.012667,0.048786,-0.018333,-19.37,0,150.0,10.0,1.00,0.500,0.300,3.00
4.1846,-0.012661,0.048789,-0.018328,-19.22,0,150.0,10.0,1.00,0.500,0.300,3.00
4.1899,-0.012651,0.048795,-0.018309,-19.05,0,150.0,10.0,1.00,0.500,0.300,3.00
4.1949,-0.012648,0.048808,-0.018302,-18.88,0,150.0,10.0,1.00,0.500,0.300,3.00
4.1999,-0.012641,0.048817,-0.018293,-18.73,0,150.0,10.0,1.00,0.500,0.300,3.00
4.2052,-0.012642,0.048834,-0.018294,-18.57,0,150.0,10.0,1.00,0.500,0.300,3.00
4.2101,-0.012638,0.048853,-0.018284,-18.45,0,150.0,10.0,1.00,0.500,0.300,3.00
4.2151,-0.012636,0.048866,-0.018276,-18.34,0,150.0,10.0,1.00,0.500,0.300,3.00
4.2201,-0.012640,0.048882,-0.018264,-18.23,0,150.0,10.0,1.00,0.500,0.300,3.00
4.2254,-0.012639,0.048900,-0.018246,-18.14,0,150.0,10.0,1.00,0.500,0.300,3.00
4.2304,-0.012637,0.048919,-0.018229,-18.06,0,150.0,10.0,1.00,0.500,0.300,3.00
4.2354,-0.012635,0.048938,-0.018211,-17.99,0,150.0,10.0,1.00,0.500,0.300,3.00
4.2404,-0.012634,0.048963,-0.018182,-17.93,0,150.0,10.0,1.00,0.500,0.300,3.00
4.2456,-0.012634,0.048989,-0.018154,-17.87,0,150.0,10.0,1.00,0.500,0.300,3.00
4.2506,-0.012638,0.049017,-0.018128,-17.82,0,150.0,10.0,1.00,0.500,0.300,3.00
4.2556,-0.012640,0.049035,-0.018096,-17.76,0,150.0,10.0,1.00,0.500,0.300,3.00
4.2609,-0.012648,0.049051,-0.018070,-17.69,0,150.0,10.0,1.00,0.500,0.300,3.00
4.2659,-0.012651,0.049069,-0.018039,-17.62,0,150.0,10.0,1.00,0.500,0.300,3.00
4.2712,-0.012651,0.049078,-0.018002,-17.54,0,150.0,10.0,1.00,0.500,0.300,3.00
4.2761,-0.012652,0.049086,-0.017965,-17.48,0,150.0,10.0,1.00,0.500,0.300,3.00
4.2811,-0.012651,0.049095,-0.017935,-17.40,0,150.0,10.0,1.00,0.500,0.300,3.00
4.2862,-0.012644,0.049100,-0.017903,-17.31,0,150.0,10.0,1.00,0.500,0.300,3.00
4.2914,-0.012636,0.049106,-0.017878,-17.21,0,150.0,10.0,1.00,0.500,0.300,3.00
4.2964,-0.012625,0.049118,-0.017856,-17.08,0,150.0,10.0,1.00,0.500,0.300,3.00
4.3014,-0.012613,0.049125,-0.017845,-16.95,0,150.0,10.0,1.00,0.500,0.300,3.00
4.3066,-0.012598,0.049127,-0.017824,-16.80,0,150.0,10.0,1.00,0.500,0.300,3.00
4.3116,-0.012584,0.049140,-0.017809,-16.64,0,150.0,10.0,1.00,0.500,0.300,3.00
4.3166,-0.012570,0.049136,-0.017793,-16.47,0,150.0,10.0,1.00,0.500,0.300,3.00
4.3219,-0.012559,0.049136,-0.017785,-16.27,0,150.0,10.0,1.00,0.500,0.300,3.00
4.3269,-0.012555,0.049139,-0.017772,-16.05,0,150.0,10.0,1.00,0.500,0.300,3.00
4.3322,-0.012558,0.049132,-0.017769,-15.82,0,150.0,10.0,1.00,0.500,0.300,3.00
4.3372,-0.012558,0.049132,-0.017769,-15.58,0,150.0,10.0,1.00,0.500,0.300,3.00
4.3421,-0.012563,0.049136,-0.017771,-15.34,0,150.0,10.0,1.00,0.500,0.300,3.00
4.3471,-0.012574,0.049136,-0.017779,-15.07,0,150.0,10.0,1.00,0.500,0.300,3.00
4.3525,-0.012583,0.049136,-0.017793,-14.80,0,150.0,10.0,1.00,0.500,0.300,3.00
4.3574,-0.012598,0.049146,-0.017800,-14.54,0,150.0,10.0,1.00,0.500,0.300,3.00
4.3624,-0.012615,0.049143,-0.017813,-14.27,0,150.0,10.0,1.00,0.500,0.300,3.00
4.3676,-0.012627,0.049137,-0.017825,-13.96,0,150.0,10.0,1.00,0.500,0.300,3.00
4.3726,-0.012639,0.049131,-0.017836,-13.68,0,150.0,10.0,1.00,0.500,0.300,3.00
4.3779,-0.012647,0.049121,-0.017845,-13.37,0,150.0,10.0,1.00,0.500,0.300,3.00
4.3829,-0.012649,0.049108,-0.017853,-13.05,0,150.0,10.0,1.00,0.500,0.300,3.00
4.3879,-0.012651,0.049095,-0.017860,-12.73,0,150.0,10.0,1.00,0.500,0.300,3.00
4.3931,-0.012643,0.049082,-0.017860,-12.40,0,150.0,10.0,1.00,0.500,0.300,3.00
4.3981,-0.012630,0.049060,-0.017861,-12.05,0,150.0,10.0,1.00,0.500,0.300,3.00
4.4032,-0.012617,0.049044,-0.017858,-11.71,0,150.0,10.0,1.00,0.500,0.300,3.00
4.4082,-0.012598,0.049024,-0.017853,-11.39,0,150.0,10.0,1.00,0.500,0.300,3.00
4.4134,-0.012585,0.049008,-0.017851,-11.04,0,150.0,10.0,1.00,0.500,0.300,3.00
4.4184,-0.012564,0.048988,-0.017853,-10.71,0,150.0,10.0,1.00,0.500,0.300,3.00
4.4234,-0.012551,0.048972,-0.017851,-10.41,0,150.0,10.0,1.00,0.500,0.300,3.00
4.4286,-0.012537,0.048956,-0.017848,-10.12,0,150.0,10.0,1.00,0.500,0.300,3.00
4.4336,-0.012521,0.048946,-0.017849,-9.87,0,150.0,10.0,1.00,0.500,0.300,3.00
4.4389,-0.012512,0.048933,-0.017848,-9.64,0,150.0,10.0,1.00,0.500,0.300,3.00
4.4439,-0.012502,0.048927,-0.017844,-9.46,0,150.0,10.0,1.00,0.500,0.300,3.00
4.4492,-0.012495,0.048924,-0.017849,-9.30,0,150.0,10.0,1.00,0.500,0.300,3.00
4.4541,-0.012493,0.048924,-0.017856,-9.17,0,150.0,10.0,1.00,0.500,0.300,3.00
4.4591,-0.012490,0.048931,-0.017859,-9.08,0,150.0,10.0,1.00,0.500,0.300,3.00
4.4642,-0.012486,0.048931,-0.017873,-9.01,0,150.0,10.0,1.00,0.500,0.300,3.00
4.4694,-0.012484,0.048931,-0.017879,-8.96,0,150.0,10.0,1.00,0.500,0.300,3.00
4.4744,-0.012480,0.048932,-0.017893,-8.94,0,150.0,10.0,1.00,0.500,0.300,3.00
4.4794,-0.012481,0.048936,-0.017909,-8.92,0,150.0,10.0,1.00,0.500,0.300,3.00
4.4847,-0.012477,0.048936,-0.017923,-8.91,0,150.0,10.0,1.00,0.500,0.300,3.00
4.4897,-0.012475,0.048930,-0.017940,-8.91,0,150.0,10.0,1.00,0.500,0.300,3.00
4.4949,-0.012476,0.048934,-0.017956,-8.91,0,150.0,10.0,1.00,0.500,0.300,3.00
4.4999,-0.012474,0.048934,-0.017963,-8.91,0,150.0,10.0,1.00,0.500,0.300,3.00
4.5049,-0.012470,0.048935,-0.017977,-8.91,0,150.0,10.0,1.00,0.500,0.300,3.00
4.5102,-0.012466,0.048935,-0.017990,-8.92,0,150.0,10.0,1.00,0.500,0.300,3.00
4.5151,-0.012463,0.048929,-0.018008,-8.93,0,150.0,10.0,1.00,0.500,0.300,3.00
4.5201,-0.012457,0.048930,-0.018028,-8.93,0,150.0,10.0,1.00,0.500,0.300,3.00
4.5251,-0.012453,0.048931,-0.018042,-8.94,0,150.0,10.0,1.00,0.500,0.300,3.00
4.5301,-0.012452,0.048935,-0.018065,-8.95,0,150.0,10.0,1.00,0.500,0.300,3.00
4.5354,-0.012447,0.048929,-0.018089,-8.96,0,150.0,10.0,1.00,0.500,0.300,3.00
4.5404,-0.012450,0.048926,-0.018109,-8.97,0,150.0,10.0,1.00,0.500,0.300,3.00
4.5456,-0.012445,0.048921,-0.018133,-8.97,0,150.0,10.0,1.00,0.500,0.300,3.00
4.5506,-0.012442,0.048915,-0.018150,-8.97,0,150.0,10.0,1.00,0.500,0.300,3.00
4.5559,-0.012444,0.048912,-0.018170,-8.97,0,150.0,10.0,1.00,0.500,0.300,3.00
4.5609,-0.012442,0.048906,-0.018187,-8.97,0,150.0,10.0,1.00,0.500,0.300,3.00
4.5659,-0.012446,0.048904,-0.018200,-8.96,0,150.0,10.0,1.00,0.500,0.300,3.00
4.5711,-0.012450,0.048901,-0.018212,-8.96,0,150.0,10.0,1.00,0.500,0.300,3.00
4.5761,-0.012448,0.048901,-0.018219,-8.95,0,150.0,10.0,1.00,0.500,0.300,3.00
4.5811,-0.012454,0.048898,-0.018225,-8.95,0,150.0,10.0,1.00,0.500,0.300,3.00
4.5861,-0.012457,0.048901,-0.018234,-8.94,0,150.0,10.0,1.00,0.500,0.300,3.00
4.5914,-0.012461,0.048899,-0.018246,-8.94,0,150.0,10.0,1.00,0.500,0.300,3.00
4.5964,-0.012464,0.048902,-0.018255,-8.94,0,150.0,10.0,1.00,0.500,0.300,3.00
4.6014,-0.012470,0.048899,-0.018261,-8.93,0,150.0,10.0,1.00,0.500,0.300,3.00
4.6066,-0.012468,0.048899,-0.018268,-8.93,0,150.0,10.0,1.00,0.500,0.300,3.00
4.6116,-0.012473,0.048903,-0.018270,-8.93,0,150.0,10.0,1.00,0.500,0.300,3.00
4.6168,-0.012468,0.048899,-0.018268,-8.93,0,150.0,10.0,1.00,0.500,0.300,3.00
4.6219,-0.012468,0.048899,-0.018268,-8.92,0,150.0,10.0,1.00,0.500,0.300,3.00
4.6271,-0.012463,0.048896,-0.018266,-8.91,0,150.0,10.0,1.00,0.500,0.300,3.00
4.6321,-0.012465,0.048890,-0.018270,-8.91,0,150.0,10.0,1.00,0.500,0.300,3.00
4.6372,-0.012460,0.048886,-0.018268,-8.91,0,150.0,10.0,1.00,0.500,0.300,3.00
4.6421,-0.012460,0.048886,-0.018268,-8.90,0,150.0,10.0,1.00,0.500,0.300,3.00
4.6474,-0.012456,0.048877,-0.018269,-8.88,0,150.0,10.0,1.00,0.500,0.300,3.00
4.6524,-0.012456,0.048877,-0.018269,-8.86,0,150.0,10.0,1.00,0.500,0.300,3.00
4.6574,-0.012457,0.048870,-0.018273,-8.84,0,150.0,10.0,1.00,0.500,0.300,3.00
4.6626,-0.012458,0.048864,-0.018276,-8.81,0,150.0,10.0,1.00,0.500,0.300,3.00
4.6676,-0.012460,0.048857,-0.018280,-8.77,0,150.0,10.0,1.00,0.500,0.300,3.00
4.6729,-0.012461,0.048851,-0.018284,-8.73,0,150.0,10.0,1.00,0.500,0.300,3.00
4.6779,-0.012462,0.048845,-0.018287,-8.69,0,150.0,10.0,1.00,0.500,0.300,3.00
4.6832,-0.012464,0.048832,-0.018295,-8.65,0,150.0,10.0,1.00,0.500,0.300,3.00
4.6881,-0.012467,0.048819,-0.018302,-8.61,0,150.0,10.0,1.00,0.500,0.300,3.00
4.6932,-0.012468,0.048813,-0.018306,-8.58,0,150.0,10.0,1.00,0.500,0.300,3.00
4.6981,-0.012470,0.048800,-0.018313,-8.53,0,150.0,10.0,1.00,0.500,0.300,3.00
4.7031,-0.012468,0.048784,-0.018318,-8.50,0,150.0,10.0,1.00,0.500,0.300,3.00
4.7084,-0.012469,0.048777,-0.018322,-8.46,0,150.0,10.0,1.00,0.500,0.300,3.00
4.7134,-0.012465,0.048768,-0.018323,-8.43,0,150.0,10.0,1.00,0.500,0.300,3.00
4.7187,-0.012462,0.048758,-0.018325,-8.40,0,150.0,10.0,1.00,0.500,0.300,3.00
4.7237,-0.012458,0.048748,-0.018326,-8.36,0,150.0,10.0,1.00,0.500,0.300,3.00
4.7286,-0.012459,0.048742,-0.018330,-8.32,0,150.0,10.0,1.00,0.500,0.300,3.00
4.7339,-0.012454,0.048738,-0.018328,-8.27,0,150.0,10.0,1.00,0.500,0.300,3.00
4.7389,-0.012454,0.048738,-0.018328,-8.23,0,150.0,10.0,1.00,0.500,0.300,3.00
4.7439,-0.012452,0.048739,-0.018335,-8.18,0,150.0,10.0,1.00,0.500,0.300,3.00
4.7492,-0.012457,0.048742,-0.018337,-8.13,0,150.0,10.0,1.00,0.500,0.300,3.00
4.7542,-0.012463,0.048739,-0.018343,-8.07,0,150.0,10.0,1.00,0.500,0.300,3.00
4.7591,-0.012466,0.048742,-0.018352,-8.01,0,150.0,10.0,1.00,0.500,0.300,3.00
4.7642,-0.012469,0.048746,-0.018361,-7.94,0,150.0,10.0,1.00,0.500,0.300,3.00
4.7694,-0.012472,0.048750,-0.018370,-7.87,0,150.0,10.0,1.00,0.500,0.300,3.00
4.7744,-0.012474,0.048747,-0.018389,-7.80,0,150.0,10.0,1.00,0.500,0.300,3.00
4.7794,-0.012475,0.048751,-0.018405,-7.73,0,150.0,10.0,1.00,0.500,0.300,3.00
4.7847,-0.012480,0.048748,-0.018417,-7.66,0,150.0,10.0,1.00,0.500,0.300,3.00
4.7896,-0.012474,0.048749,-0.018438,-7.60,0,150.0,10.0,1.00,0.500,0.300,3.00
4.7947,-0.012470,0.048749,-0.018452,-7.53,0,150.0,10.0,1.00,0.500,0.300,3.00
4.7999,-0.012466,0.048750,-0.018466,-7.47,0,150.0,10.0,1.00,0.500,0.300,3.00
4.8049,-0.012456,0.048741,-0.018488,-7.41,0,150.0,10.0,1.00,0.500,0.300,3.00
4.8099,-0.012453,0.048741,-0.018502,-7.35,0,150.0,10.0,1.00,0.500,0.300,3.00
4.8151,-0.012442,0.048739,-0.018520,-7.29,0,150.0,10.0,1.00,0.500,0.300,3.00
4.8201,-0.012433,0.048736,-0.018532,-7.24,0,150.0,10.0,1.00,0.500,0.300,3.00
4.8251,-0.012424,0.048727,-0.018554,-7.19,0,150.0,10.0,1.00,0.500,0.300,3.00
4.8301,-0.012414,0.048730,-0.018562,-7.15,0,150.0,10.0,1.00,0.500,0.300,3.00
4.8354,-0.012405,0.048728,-0.018574,-7.11,0,150.0,10.0,1.00,0.500,0.300,3.00
4.8404,-0.012396,0.048725,-0.018586,-7.07,0,150.0,10.0,1.00,0.500,0.300,3.00
4.8454,-0.012389,0.048722,-0.018591,-7.03,0,150.0,10.0,1.00,0.500,0.300,3.00
4.8506,-0.012382,0.048719,-0.018595,-6.98,0,150.0,10.0,1.00,0.500,0.300,3.00
4.8556,-0.012373,0.048716,-0.018607,-6.93,0,150.0,10.0,1.00,0.500,0.300,3.00
4.8609,-0.012367,0.048713,-0.018612,-6.86,0,150.0,10.0,1.00,0.500,0.300,3.00
4.8659,-0.012360,0.048710,-0.018617,-6.78,0,150.0,10.0,1.00,0.500,0.300,3.00
4.8709,-0.012351,0.048707,-0.018629,-6.69,0,150.0,10.0,1.00,0.500,0.300,3.00
4.8762,-0.012342,0.048704,-0.018640,-6.56,0,150.0,10.0,1.00,0.500,0.300,3.00
4.8811,-0.012333,0.048701,-0.018652,-6.43,0,150.0,10.0,1.00,0.500,0.300,3.00
4.8861,-0.012323,0.048699,-0.018671,-6.26,0,150.0,10.0,1.00,0.500,0.300,3.00
4.8911,-0.012318,0.048693,-0.018695,-6.08,0,150.0,10.0,1.00,0.500,0.300,3.00
4.8964,-0.012305,0.048691,-0.018721,-5.89,0,150.0,10.0,1.00,0.500,0.300,3.00
4.9014,-0.012293,0.048688,-0.018746,-5.70,0,150.0,10.0,1.00,0.500,0.300,3.00
4.9064,-0.012273,0.048683,-0.018777,-5.53,0,150.0,10.0,1.00,0.500,0.300,3.00
4.9114,-0.012261,0.048681,-0.018802,-5.36,0,150.0,10.0,1.00,0.500,0.300,3.00
4.9166,-0.012246,0.048679,-0.018835,-5.19,0,150.0,10.0,1.00,0.500,0.300,3.00
4.9216,-0.012227,0.048673,-0.018865,-5.04,0,150.0,10.0,1.00,0.500,0.300,3.00
4.9269,-0.012211,0.048677,-0.018894,-4.88,0,150.0,10.0,1.00,0.500,0.300,3.00
4.9319,-0.012198,0.048675,-0.018920,-4.75,0,150.0,10.0,1.00,0.500,0.300,3.00
4.9369,-0.012189,0.048682,-0.018944,-4.63,0,150.0,10.0,1.00,0.500,0.300,3.00
4.9422,-0.012182,0.048683,-0.018971,-4.53,0,150.0,10.0,1.00,0.500,0.300,3.00
4.9471,-0.012176,0.048684,-0.018992,-4.44,0,150.0,10.0,1.00,0.500,0.300,3.00
4.9521,-0.012170,0.048685,-0.019013,-4.36,0,150.0,10.0,1.00,0.500,0.300,3.00
4.9574,-0.012164,0.048679,-0.019044,-4.28,0,150.0,10.0,1.00,0.500,0.300,3.00
4.9624,-0.012163,0.048683,-0.019067,-4.20,0,150.0,10.0,1.00,0.500,0.300,3.00
4.9676,-0.012157,0.048684,-0.019088,-4.13,0,150.0,10.0,1.00,0.500,0.300,3.00
4.9726,-0.012151,0.048679,-0.019119,-4.08,0,150.0,10.0,1.00,0.500,0.300,3.00
4.9779,-0.012143,0.048679,-0.019147,-4.02,0,150.0,10.0,1.00,0.500,0.300,3.00
4.9828,-0.012132,0.048671,-0.019176,-3.96,0,150.0,10.0,1.00,0.500,0.300,3.00
4.9879,-0.012124,0.048672,-0.019204,-3.91,0,150.0,10.0,1.00,0.500,0.300,3.00
4.9932,-0.012120,0.048666,-0.019228,-3.84,0,150.0,10.0,1.00,0.500,0.300,3.00
4.9981,-0.012115,0.048660,-0.019253,-3.79,0,150.0,10.0,1.00,0.500,0.300,3.00
5.0031,-0.012114,0.048664,-0.019276,-3.74,0,150.0,10.0,1.00,0.500,0.300,3.00
5.0081,-0.012109,0.048665,-0.019296,-3.69,0,150.0,10.0,1.00,0.500,0.300,3.00
5.0135,-0.012101,0.048666,-0.019324,-3.64,0,150.0,10.0,1.00,0.500,0.300,3.00
5.0185,-0.012093,0.048667,-0.019352,-3.59,0,150.0,10.0,1.00,0.500,0.300,3.00
5.0234,-0.012088,0.048678,-0.019385,-3.54,0,150.0,10.0,1.00,0.500,0.300,3.00
5.0284,-0.012078,0.048679,-0.019420,-3.50,0,150.0,10.0,1.00,0.500,0.300,3.00
5.0336,-0.012074,0.048683,-0.019457,-3.45,0,150.0,10.0,1.00,0.500,0.300,3.00
5.0387,-0.012064,0.048684,-0.019491,-3.41,0,150.0,10.0,1.00,0.500,0.300,3.00
5.0438,-0.012058,0.048689,-0.019535,-3.37,0,150.0,10.0,1.00,0.500,0.300,3.00
5.0489,-0.012053,0.048693,-0.019572,-3.35,0,150.0,10.0,1.00,0.500,0.300,3.00
5.0539,-0.012044,0.048694,-0.019607,-3.32,0,150.0,10.0,1.00,0.500,0.300,3.00
5.0591,-0.012032,0.048696,-0.019648,-3.30,0,150.0,10.0,1.00,0.500,0.300,3.00
5.0641,-0.012025,0.048697,-0.019676,-3.29,0,150.0,10.0,1.00,0.500,0.300,3.00
5.0692,-0.012017,0.048691,-0.019715,-3.27,0,150.0,10.0,1.00,0.500,0.300,3.00
5.0744,-0.012007,0.048692,-0.019749,-3.26,0,150.0,10.0,1.00,0.500,0.300,3.00
5.0794,-0.011998,0.048694,-0.019784,-3.26,0,150.0,10.0,1.00,0.500,0.300,3.00
5.0844,-0.011987,0.048695,-0.019826,-3.25,0,150.0,10.0,1.00,0.500,0.300,3.00
5.0896,-0.011982,0.048693,-0.019873,-3.25,0,150.0,10.0,1.00,0.500,0.300,3.00
5.0946,-0.011970,0.048694,-0.019915,-3.24,0,150.0,10.0,1.00,0.500,0.300,3.00
5.0996,-0.011958,0.048690,-0.019968,-3.24,0,150.0,10.0,1.00,0.500,0.300,3.00
5.1049,-0.011953,0.048688,-0.020015,-3.24,0,150.0,10.0,1.00,0.500,0.300,3.00
5.1099,-0.011947,0.048686,-0.020070,-3.24,0,150.0,10.0,1.00,0.500,0.300,3.00
5.1149,-0.011938,0.048691,-0.020121,-3.23,0,150.0,10.0,1.00,0.500,0.300,3.00
5.1201,-0.011925,0.048686,-0.020180,-3.23,0,150.0,10.0,1.00,0.500,0.300,3.00
5.1251,-0.011918,0.048685,-0.020235,-3.24,0,150.0,10.0,1.00,0.500,0.300,3.00
5.1301,-0.011911,0.048683,-0.020289,-3.24,0,150.0,10.0,1.00,0.500,0.300,3.00
5.1354,-0.011904,0.048675,-0.020354,-3.24,0,150.0,10.0,1.00,0.500,0.300,3.00
5.1404,-0.011895,0.048674,-0.020416,-3.24,0,150.0,10.0,1.00,0.500,0.300,3.00
5.1454,-0.011892,0.048676,-0.020480,-3.24,0,150.0,10.0,1.00,0.500,0.300,3.00
5.1504,-0.011881,0.048674,-0.020548,-3.25,0,150.0,10.0,1.00,0.500,0.300,3.00
5.1556,-0.011870,0.048667,-0.020628,-3.27,0,150.0,10.0,1.00,0.500,0.300,3.00
5.1607,-0.011858,0.048666,-0.020703,-3.28,0,150.0,10.0,1.00,0.500,0.300,3.00
5.1659,-0.011844,0.048665,-0.020786,-3.30,0,150.0,10.0,1.00,0.500,0.300,3.00
5.1709,-0.011832,0.048664,-0.020862,-3.33,0,150.0,10.0,1.00,0.500,0.300,3.00
5.1759,-0.011826,0.048672,-0.020929,-3.36,0,150.0,10.0,1.00,0.500,0.300,3.00
5.1812,-0.011814,0.048671,-0.021005,-3.40,0,150.0,10.0,1.00,0.500,0.300,3.00
5.1861,-0.011802,0.048676,-0.021070,-3.44,0,150.0,10.0,1.00,0.500,0.300,3.00
5.1911,-0.011791,0.048681,-0.021135,-3.50,0,150.0,10.0,1.00,0.500,0.300,3.00
5.1964,-0.011778,0.048687,-0.021207,-3.57,0,150.0,10.0,1.00,0.500,0.300,3.00
5.2014,-0.011765,0.048692,-0.021280,-3.64,0,150.0,10.0,1.00,0.500,0.300,3.00
5.2064,-0.011749,0.048694,-0.021343,-3.73,0,150.0,10.0,1.00,0.500,0.300,3.00
5.2114,-0.011738,0.048705,-0.021398,-3.82,0,150.0,10.0,1.00,0.500,0.300,3.00
5.2166,-0.011729,0.048710,-0.021456,-3.94,0,150.0,10.0,1.00,0.500,0.300,3.00
5.2216,-0.011713,0.048711,-0.021519,-4.04,0,150.0,10.0,1.00,0.500,0.300,3.00
5.2266,-0.011703,0.048716,-0.021578,-4.13,0,150.0,10.0,1.00,0.500,0.300,3.00
5.2319,-0.011686,0.048724,-0.021638,-4.22,0,150.0,10.0,1.00,0.500,0.300,3.00
5.2369,-0.011665,0.048722,-0.021699,-4.29,0,150.0,10.0,1.00,0.500,0.300,3.00
5.2422,-0.011644,0.048731,-0.021773,-4.35,0,150.0,10.0,1.00,0.500,0.300,3.00
5.2471,-0.011619,0.048729,-0.021849,-4.38,0,150.0,10.0,1.00,0.500,0.300,3.00
5.2521,-0.011595,0.048734,-0.021913,-4.39,0,150.0,10.0,1.00,0.500,0.300,3.00
5.2574,-0.011571,0.048733,-0.021989,-4.39,0,150.0,10.0,1.00,0.500,0.300,3.00
5.2624,-0.011551,0.048725,-0.022054,-4.38,0,150.0,10.0,1.00,0.500,0.300,3.00
5.2674,-0.011535,0.048726,-0.022118,-4.36,0,150.0,10.0,1.00,0.500,0.300,3.00
5.2726,-0.011513,0.048725,-0.022187,-4.34,0,150.0,10.0,1.00,0.500,0.300,3.00
5.2776,-0.011497,0.048726,-0.022251,-4.32,0,150.0,10.0,1.00,0.500,0.300,3.00
5.2829,-0.011478,0.048728,-0.022328,-4.29,0,150.0,10.0,1.00,0.500,0.300,3.00
5.2879,-0.011460,0.048730,-0.022399,-4.27,0,150.0,10.0,1.00,0.500,0.300,3.00
5.2931,-0.011445,0.048731,-0.022463,-4.24,0,150.0,10.0,1.00,0.500,0.300,3.00
5.2982,-0.011434,0.048736,-0.022529,-4.22,0,150.0,10.0,1.00,0.500,0.300,3.00
5.3032,-0.011423,0.048741,-0.022595,-4.20,0,150.0,10.0,1.00,0.500,0.300,3.00
5.3081,-0.011409,0.048742,-0.022652,-4.19,0,150.0,10.0,1.00,0.500,0.300,3.00
5.3134,-0.011401,0.048747,-0.022710,-4.18,0,150.0,10.0,1.00,0.500,0.300,3.00
5.3184,-0.011395,0.048745,-0.022766,-4.16,0,150.0,10.0,1.00,0.500,0.300,3.00
5.3234,-0.011386,0.048749,-0.022825,-4.16,0,150.0,10.0,1.00,0.500,0.300,3.00
5.3286,-0.011377,0.048754,-0.022884,-4.15,0,150.0,10.0,1.00,0.500,0.300,3.00
5.3336,-0.011363,0.048755,-0.022940,-4.15,0,150.0,10.0,1.00,0.500,0.300,3.00
5.3386,-0.011358,0.048753,-0.022996,-4.15,0,150.0,10.0,1.00,0.500,0.300,3.00
5.3439,-0.011349,0.048758,-0.023055,-4.15,0,150.0,10.0,1.00,0.500,0.300,3.00
5.3489,-0.011344,0.048762,-0.023100,-4.15,0,150.0,10.0,1.00,0.500,0.300,3.00
5.3541,-0.011339,0.048766,-0.023144,-4.15,0,150.0,10.0,1.00,0.500,0.300,3.00
5.3591,-0.011335,0.048764,-0.023193,-4.15,0,150.0,10.0,1.00,0.500,0.300,3.00
5.3641,-0.011333,0.048768,-0.023223,-4.15,0,150.0,10.0,1.00,0.500,0.300,3.00
5.3694,-0.011331,0.048766,-0.023264,-4.15,0,150.0,10.0,1.00,0.500,0.300,3.00
5.3744,-0.011329,0.048770,-0.023295,-4.15,0,150.0,10.0,1.00,0.500,0.300,3.00
5.3794,-0.011320,0.048770,-0.023331,-4.15,0,150.0,10.0,1.00,0.500,0.300,3.00
5.3846,-0.011317,0.048774,-0.023368,-4.15,0,150.0,10.0,1.00,0.500,0.300,3.00
5.3896,-0.011313,0.048778,-0.023406,-4.15,0,150.0,10.0,1.00,0.500,0.300,3.00
5.3949,-0.011307,0.048789,-0.023447,-4.15,0,150.0,10.0,1.00,0.500,0.300,3.00
5.3999,-0.011304,0.048793,-0.023485,-4.15,0,150.0,10.0,1.00,0.500,0.300,3.00
5.4049,-0.011299,0.048803,-0.023519,-4.15,0,150.0,10.0,1.00,0.500,0.300,3.00
5.4102,-0.011297,0.048817,-0.023562,-4.15,0,150.0,10.0,1.00,0.500,0.300,3.00
5.4151,-0.011296,0.048821,-0.023593,-4.15,0,150.0,10.0,1.00,0.500,0.300,3.00
5.4201,-0.011291,0.048832,-0.023627,-4.15,0,150.0,10.0,1.00,0.500,0.300,3.00
5.4251,-0.011293,0.048845,-0.023656,-4.15,0,150.0,10.0,1.00,0.500,0.300,3.00
5.4304,-0.011297,0.048859,-0.023677,-4.15,0,150.0,10.0,1.00,0.500,0.300,3.00
5.4354,-0.011295,0.048869,-0.023697,-4.15,0,150.0,10.0,1.00,0.500,0.300,3.00
5.4404,-0.011301,0.048882,-0.023712,-4.15,0,150.0,10.0,1.00,0.500,0.300,3.00
5.4456,-0.011308,0.048889,-0.023730,-4.15,0,150.0,10.0,1.00,0.500,0.300,3.00
5.4506,-0.011316,0.048896,-0.023741,-4.15,0,150.0,10.0,1.00,0.500,0.300,3.00
5.4556,-0.011324,0.048903,-0.023752,-4.16,0,150.0,10.0,1.00,0.500,0.300,3.00
5.4609,-0.011333,0.048909,-0.023763,-4.16,0,150.0,10.0,1.00,0.500,0.300,3.00
5.4659,-0.011341,0.048916,-0.023774,-4.16,0,150.0,10.0,1.00,0.500,0.300,3.00
5.4709,-0.011348,0.048923,-0.023793,-4.16,0,150.0,10.0,1.00,0.500,0.300,3.00
5.4762,-0.011356,0.048934,-0.023827,-4.16,0,150.0,10.0,1.00,0.500,0.300,3.00
5.4811,-0.011363,0.048938,-0.023880,-4.16,0,150.0,10.0,1.00,0.500,0.300,3.00
5.4862,-0.011369,0.048942,-0.023932,-4.17,0,150.0,10.0,1.00,0.500,0.300,3.00
5.4911,-0.011374,0.048940,-0.024003,-4.18,0,150.0,10.0,1.00,0.500,0.300,3.00
5.4964,-0.011373,0.048945,-0.024084,-4.18,0,150.0,10.0,1.00,0.500,0.300,3.00
5.5014,-0.011370,0.048950,-0.024179,-4.18,0,150.0,10.0,1.00,0.500,0.300,3.00
5.5064,-0.011366,0.048943,-0.024297,-4.19,0,150.0,10.0,1.00,0.500,0.300,3.00
5.5114,-0.011361,0.048942,-0.024410,-4.19,0,150.0,10.0,1.00,0.500,0.300,3.00
5.5166,-0.011364,0.048931,-0.024533,-4.19,0,150.0,10.0,1.00,0.500,0.300,3.00
5.5216,-0.011365,0.048921,-0.024663,-4.20,0,150.0,10.0,1.00,0.500,0.300,3.00
5.5266,-0.011369,0.048908,-0.024813,-4.20,0,150.0,10.0,1.00,0.500,0.300,3.00
5.5319,-0.011385,0.048888,-0.024982,-4.19,0,150.0,10.0,1.00,0.500,0.300,3.00
5.5369,-0.011399,0.048871,-0.025123,-4.19,0,150.0,10.0,1.00,0.500,0.300,3.00
5.5419,-0.011417,0.048852,-0.025285,-4.19,0,150.0,10.0,1.00,0.500,0.300,3.00
5.5471,-0.011441,0.048825,-0.025429,-4.19,0,150.0,10.0,1.00,0.500,0.300,3.00
5.5521,-0.011461,0.048799,-0.025594,-4.19,0,150.0,10.0,1.00,0.500,0.300,3.00
5.5571,-0.011479,0.048767,-0.025777,-4.19,0,150.0,10.0,1.00,0.500,0.300,3.00
5.5621,-0.011497,0.048741,-0.025950,-4.19,0,150.0,10.0,1.00,0.500,0.300,3.00
5.5674,-0.011512,0.048705,-0.026124,-4.19,0,150.0,10.0,1.00,0.500,0.300,3.00
5.5724,-0.011523,0.048676,-0.026309,-4.19,0,150.0,10.0,1.00,0.500,0.300,3.00
5.5774,-0.011527,0.048650,-0.026489,-4.19,0,150.0,10.0,1.00,0.500,0.300,3.00
5.5826,-0.011531,0.048630,-0.026665,-4.19,0,150.0,10.0,1.00,0.500,0.300,3.00
5.5876,-0.011532,0.048607,-0.026825,-4.19,0,150.0,10.0,1.00,0.500,0.300,3.00
5.5929,-0.011528,0.048586,-0.026979,-4.19,0,150.0,10.0,1.00,0.500,0.300,3.00
5.5978,-0.011518,0.048566,-0.027155,-4.19,0,150.0,10.0,1.00,0.500,0.300,3.00
5.6029,-0.011505,0.048549,-0.027319,-4.19,0,150.0,10.0,1.00,0.500,0.300,3.00
5.6082,-0.011486,0.048528,-0.027481,-4.19,0,150.0,10.0,1.00,0.500,0.300,3.00
5.6131,-0.011456,0.048511,-0.027659,-4.19,0,150.0,10.0,1.00,0.500,0.300,3.00
5.6181,-0.011426,0.048490,-0.027814,-4.19,0,150.0,10.0,1.00,0.500,0.300,3.00
5.6234,-0.011395,0.048469,-0.027976,-4.19,0,150.0,10.0,1.00,0.500,0.300,3.00
5.6284,-0.011367,0.048454,-0.028113,-4.19,0,150.0,10.0,1.00,0.500,0.300,3.00
5.6334,-0.011334,0.048442,-0.028237,-4.19,0,150.0,10.0,1.00,0.500,0.300,3.00
5.6386,-0.011293,0.048427,-0.028374,-4.18,0,150.0,10.0,1.00,0.500,0.300,3.00
5.6436,-0.011254,0.048418,-0.028493,-4.18,0,150.0,10.0,1.00,0.500,0.300,3.00
5.6486,-0.011217,0.048409,-0.028597,-4.18,0,150.0,10.0,1.00,0.500,0.300,3.00
5.6539,-0.011181,0.048406,-0.028691,-4.17,0,150.0,10.0,1.00,0.500,0.300,3.00
5.6589,-0.011142,0.048394,-0.028779,-4.16,0,150.0,10.0,1.00,0.500,0.300,3.00
5.6642,-0.011104,0.048391,-0.028880,-4.15,0,150.0,10.0,1.00,0.500,0.300,3.00
5.6692,-0.011071,0.048381,-0.028969,-4.15,0,150.0,10.0,1.00,0.500,0.300,3.00
5.6741,-0.011038,0.048378,-0.029041,-4.14,0,150.0,10.0,1.00,0.500,0.300,3.00
5.6791,-0.011005,0.048375,-0.029120,-4.13,0,150.0,10.0,1.00,0.500,0.300,3.00
5.6841,-0.010973,0.048372,-0.029192,-4.12,0,150.0,10.0,1.00,0.500,0.300,3.00
5.6894,-0.010941,0.048369,-0.029264,-4.10,0,150.0,10.0,1.00,0.500,0.300,3.00
5.6947,-0.010910,0.048359,-0.029339,-4.08,0,150.0,10.0,1.00,0.500,0.300,3.00
5.6996,-0.010877,0.048356,-0.029418,-4.05,0,150.0,10.0,1.00,0.500,0.300,3.00
5.7047,-0.010844,0.048346,-0.029509,-4.02,0,150.0,10.0,1.00,0.500,0.300,3.00
5.7099,-0.010811,0.048337,-0.029599,-3.98,0,150.0,10.0,1.00,0.500,0.300,3.00
5.7148,-0.010779,0.048327,-0.029682,-3.94,0,150.0,10.0,1.00,0.500,0.300,3.00
5.7199,-0.010749,0.048317,-0.029758,-3.90,0,150.0,10.0,1.00,0.500,0.300,3.00
5.7252,-0.010715,0.048301,-0.029866,-3.85,0,150.0,10.0,1.00,0.500,0.300,3.00
5.7301,-0.010682,0.048292,-0.029957,-3.81,0,150.0,10.0,1.00,0.500,0.300,3.00
5.7352,-0.010653,0.048279,-0.030068,-3.77,0,150.0,10.0,1.00,0.500,0.300,3.00
5.7402,-0.010621,0.048263,-0.030170,-3.74,0,150.0,10.0,1.00,0.500,0.300,3.00
5.7451,-0.010595,0.048243,-0.030277,-3.70,0,150.0,10.0,1.00,0.500,0.300,3.00
5.7504,-0.010573,0.048234,-0.030383,-3.67,0,150.0,10.0,1.00,0.500,0.300,3.00
5.7554,-0.010547,0.048214,-0.030490,-3.64,0,150.0,10.0,1.00,0.500,0.300,3.00
5.7607,-0.010524,0.048192,-0.030625,-3.60,0,150.0,10.0,1.00,0.500,0.300,3.00
5.7656,-0.010503,0.048170,-0.030753,-3.57,0,150.0,10.0,1.00,0.500,0.300,3.00
5.7707,-0.010483,0.048147,-0.030874,-3.54,0,150.0,10.0,1.00,0.500,0.300,3.00
5.7759,-0.010469,0.048122,-0.031007,-3.51,0,150.0,10.0,1.00,0.500,0.300,3.00
5.7809,-0.010454,0.048096,-0.031141,-3.46,0,150.0,10.0,1.00,0.500,0.300,3.00
5.7859,-0.010439,0.048064,-0.031293,-3.42,0,150.0,10.0,1.00,0.500,0.300,3.00
5.7911,-0.010429,0.048036,-0.031447,-3.37,0,150.0,10.0,1.00,0.500,0.300,3.00
5.7961,-0.010421,0.048007,-0.031594,-3.32,0,150.0,10.0,1.00,0.500,0.300,3.00
5.8011,-0.010408,0.047975,-0.031739,-3.26,0,150.0,10.0,1.00,0.500,0.300,3.00
5.8064,-0.010396,0.047946,-0.031909,-3.19,0,150.0,10.0,1.00,0.500,0.300,3.00
5.8114,-0.010386,0.047911,-0.032082,-3.13,0,150.0,10.0,1.00,0.500,0.300,3.00
5.8164,-0.010368,0.047885,-0.032246,-3.05,0,150.0,10.0,1.00,0.500,0.300,3.00
5.8214,-0.010354,0.047852,-0.032399,-2.96,0,150.0,10.0,1.00,0.500,0.300,3.00
5.8267,-0.010330,0.047823,-0.032569,-2.85,0,150.0,10.0,1.00,0.500,0.300,3.00
5.8316,-0.010307,0.047794,-0.032732,-2.76,0,150.0,10.0,1.00,0.500,0.300,3.00
5.8366,-0.010281,0.047761,-0.032885,-2.67,0,150.0,10.0,1.00,0.500,0.300,3.00
5.8419,-0.010249,0.047731,-0.033026,-2.57,0,150.0,10.0,1.00,0.500,0.300,3.00
5.8469,-0.010200,0.047704,-0.033147,-2.47,0,150.0,10.0,1.00,0.500,0.300,3.00
5.8521,-0.010137,0.047682,-0.033256,-2.34,0,150.0,10.0,1.00,0.500,0.300,3.00
5.8571,-0.010064,0.047667,-0.033333,-2.21,0,150.0,10.0,1.00,0.500,0.300,3.00
5.8621,-0.009983,0.047658,-0.033361,-2.08,0,150.0,10.0,1.00,0.500,0.300,3.00
5.8675,-0.009888,0.047651,-0.033345,-1.91,0,150.0,10.0,1.00,0.500,0.300,3.00
5.8724,-0.009784,0.047645,-0.033308,-1.74,0,150.0,10.0,1.00,0.500,0.300,3.00
5.8774,-0.009674,0.047641,-0.033249,-1.57,0,150.0,10.0,1.00,0.500,0.300,3.00
5.8826,-0.009556,0.047631,-0.033180,-1.37,0,150.0,10.0,1.00,0.500,0.300,3.00
5.8876,-0.009447,0.047633,-0.033102,-1.14,0,150.0,10.0,1.00,0.500,0.300,3.00
5.8929,-0.009328,0.047629,-0.033021,-0.90,0,150.0,10.0,1.00,0.500,0.300,3.00
5.8979,-0.009214,0.047628,-0.032942,-0.66,0,150.0,10.0,1.00,0.500,0.300,3.00
5.9029,-0.009102,0.047627,-0.032855,-0.44,0,150.0,10.0,1.00,0.500,0.300,3.00
5.9082,-0.008987,0.047633,-0.032764,-0.18,0,150.0,10.0,1.00,0.500,0.300,3.00
5.9131,-0.008868,0.047635,-0.032671,0.01,0,150.0,10.0,1.00,0.500,0.300,3.00
5.9181,-0.008753,0.047624,-0.032578,-0.04,0,150.0,10.0,1.00,0.500,0.300,3.00
5.9231,-0.008646,0.047626,-0.032484,-0.07,0,150.0,10.0,1.00,0.500,0.300,3.00
5.9284,-0.008533,0.047631,-0.032385,-0.04,0,150.0,10.0,1.00,0.500,0.300,3.00
5.9334,-0.008440,0.047627,-0.032310,-0.03,0,150.0,10.0,1.00,0.500,0.300,3.00
5.9384,-0.008349,0.047617,-0.032231,-0.02,0,150.0,10.0,1.00,0.500,0.300,3.00
5.9436,-0.008272,0.047617,-0.032165,-0.02,0,150.0,10.0,1.00,0.500,0.300,3.00
5.9486,-0.008212,0.047605,-0.032107,-0.02,0,150.0,10.0,1.00,0.500,0.300,3.00
5.9536,-0.008167,0.047587,-0.032052,-0.02,0,150.0,10.0,1.00,0.500,0.300,3.00
5.9589,-0.008132,0.047559,-0.031991,-0.02,0,150.0,10.0,1.00,0.500,0.300,3.00
5.9639,-0.008112,0.047526,-0.031941,-0.02,0,150.0,10.0,1.00,0.500,0.300,3.00
5.9689,-0.008094,0.047487,-0.031888,-0.02,0,150.0,10.0,1.00,0.500,0.300,3.00
5.9741,-0.008073,0.047437,-0.031836,-0.02,0,150.0,10.0,1.00,0.500,0.300,3.00
5.9791,-0.008062,0.047395,-0.031787,-0.02,0,150.0,10.0,1.00,0.500,0.300,3.00
5.9841,-0.008053,0.047346,-0.031743,-0.02,0,150.0,10.0,1.00,0.500,0.300,3.00
5.9894,-0.008047,0.047300,-0.031708,-0.02,0,150.0,10.0,1.00,0.500,0.300,3.00
5.9944,-0.008043,0.047255,-0.031666,-0.02,0,150.0,10.0,1.00,0.500,0.300,3.00
5.9996,-0.008043,0.047212,-0.031633,-0.02,0,150.0,10.0,1.00,0.500,0.300,3.00
6.0046,-0.008043,0.047164,-0.031619,-0.02,0,150.0,10.0,1.00,0.500,0.300,3.00
6.0099,-0.008045,0.047125,-0.031603,-0.02,0,150.0,10.0,1.00,0.500,0.300,3.00
6.0149,-0.008047,0.047086,-0.031594,-0.02,0,150.0,10.0,1.00,0.500,0.300,3.00
6.0199,-0.008044,0.047054,-0.031597,-0.02,0,150.0,10.0,1.00,0.500,0.300,3.00
6.0251,-0.008047,0.047025,-0.031602,-0.02,0,150.0,10.0,1.00,0.500,0.300,3.00
6.0301,-0.008045,0.047002,-0.031619,-0.02,0,150.0,10.0,1.00,0.500,0.300,3.00
6.0351,-0.008045,0.046980,-0.031628,-0.02,0,150.0,10.0,1.00,0.500,0.300,3.00
6.0401,-0.008047,0.046967,-0.031643,-0.02,0,150.0,10.0,1.00,0.500,0.300,3.00
6.0454,-0.008047,0.046954,-0.031665,-0.02,0,150.0,10.0,1.00,0.500,0.300,3.00
6.0504,-0.008048,0.046947,-0.031676,-0.02,0,150.0,10.0,1.00,0.500,0.300,3.00
6.0556,-0.008046,0.046941,-0.031703,-0.02,0,150.0,10.0,1.00,0.500,0.300,3.00
6.0607,-0.008048,0.046944,-0.031720,-0.02,0,150.0,10.0,1.00,0.500,0.300,3.00
6.0656,-0.008050,0.046948,-0.031744,-0.02,0,150.0,10.0,1.00,0.500,0.300,3.00
6.0709,-0.008050,0.046957,-0.031765,-0.02,0,150.0,10.0,1.00,0.500,0.300,3.00
6.0759,-0.008051,0.046961,-0.031790,-0.02,0,150.0,10.0,1.00,0.500,0.300,3.00
6.0811,-0.008058,0.046967,-0.031817,-0.02,0,150.0,10.0,1.00,0.500,0.300,3.00
6.0861,-0.008057,0.046977,-0.031837,-0.02,0,150.0,10.0,1.00,0.500,0.300,3.00
6.0911,-0.008059,0.046987,-0.031851,-0.02,0,150.0,10.0,1.00,0.500,0.300,3.00
6.0961,-0.008061,0.046990,-0.031868,-0.02,0,150.0,10.0,1.00,0.500,0.300,3.00
6.1014,-0.008058,0.046997,-0.031872,-0.02,0,150.0,10.0,1.00,0.500,0.300,3.00
6.1064,-0.008057,0.047003,-0.031868,-0.02,0,150.0,10.0,1.00,0.500,0.300,3.00
6.1114,-0.008056,0.047009,-0.031857,-0.02,0,150.0,10.0,1.00,0.500,0.300,3.00
6.1167,-0.008053,0.047019,-0.031818,-0.02,0,150.0,10.0,1.00,0.500,0.300,3.00
6.1216,-0.008052,0.047029,-0.031763,-0.02,0,150.0,10.0,1.00,0.500,0.300,3.00
6.1266,-0.008048,0.047035,-0.031691,-0.02,0,150.0,10.0,1.00,0.500,0.300,3.00
6.1319,-0.008055,0.047045,-0.031591,-0.02,0,150.0,10.0,1.00,0.500,0.300,3.00
6.1369,-0.008060,0.047058,-0.031456,-0.02,0,150.0,10.0,1.00,0.500,0.300,3.00
6.1421,-0.008062,0.047074,-0.031292,-0.02,0,150.0,10.0,1.00,0.500,0.300,3.00
6.1471,-0.008066,0.047090,-0.031121,-0.02,0,150.0,10.0,1.00,0.500,0.300,3.00
6.1521,-0.008072,0.047125,-0.030901,-0.02,0,150.0,10.0,1.00,0.500,0.300,3.00
6.1571,-0.008076,0.047163,-0.030646,-0.03,0,150.0,10.0,1.00,0.500,0.300,3.00
6.1624,-0.008069,0.047201,-0.030383,-0.03,0,150.0,10.0,1.00,0.500,0.300,3.00
6.1674,-0.008061,0.047258,-0.030095,-0.03,0,150.0,10.0,1.00,0.500,0.300,3.00
6.1724,-0.008045,0.047314,-0.029777,-0.03,0,150.0,10.0,1.00,0.500,0.300,3.00
6.1776,-0.008018,0.047382,-0.029429,-0.03,0,150.0,10.0,1.00,0.500,0.300,3.00
6.1826,-0.007980,0.047456,-0.029062,-0.03,0,150.0,10.0,1.00,0.500,0.300,3.00
6.1876,-0.007920,0.047532,-0.028705,-0.03,0,150.0,10.0,1.00,0.500,0.300,3.00
6.1926,-0.007868,0.047608,-0.028310,-0.03,0,150.0,10.0,1.00,0.500,0.300,3.00
6.1979,-0.007806,0.047703,-0.027875,-0.03,0,150.0,10.0,1.00,0.500,0.300,3.00
6.2029,-0.007746,0.047787,-0.027419,-0.03,0,150.0,10.0,1.00,0.500,0.300,3.00
6.2078,-0.007673,0.047887,-0.026973,-0.03,0,150.0,10.0,1.00,0.500,0.300,3.00
6.2131,-0.007601,0.047980,-0.026478,-0.03,0,150.0,10.0,1.00,0.500,0.300,3.00
6.2182,-0.007532,0.048066,-0.025987,-0.03,0,150.0,10.0,1.00,0.500,0.300,3.00
6.2231,-0.007467,0.048145,-0.025493,-0.03,0,150.0,10.0,1.00,0.500,0.300,3.00
6.2284,-0.007409,0.048216,-0.024929,-0.03,0,150.0,10.0,1.00,0.500,0.300,3.00
6.2334,-0.007350,0.048285,-0.024415,-0.03,0,150.0,10.0,1.00,0.500,0.300,3.00
6.2384,-0.007299,0.048360,-0.023928,-0.03,0,150.0,10.0,1.00,0.500,0.300,3.00
6.2437,-0.007243,0.048428,-0.023415,-0.03,0,150.0,10.0,1.00,0.500,0.300,3.00
6.2486,-0.007196,0.048490,-0.022943,-0.03,0,150.0,10.0,1.00,0.500,0.300,3.00
6.2539,-0.007138,0.048554,-0.022488,-0.03,0,150.0,10.0,1.00,0.500,0.300,3.00
6.2589,-0.007088,0.048607,-0.022085,-0.03,0,150.0,10.0,1.00,0.500,0.300,3.00
6.2639,-0.007053,0.048653,-0.021686,-0.03,0,150.0,10.0,1.00,0.500,0.300,3.00
6.2691,-0.007018,0.048703,-0.021312,-0.03,0,150.0,10.0,1.00,0.500,0.300,3.00
6.2741,-0.006992,0.048741,-0.020983,-0.03,0,150.0,10.0,1.00,0.500,0.300,3.00
6.2792,-0.006964,0.048780,-0.020713,-0.03,0,150.0,10.0,1.00,0.500,0.300,3.00
6.2844,-0.006951,0.048819,-0.020443,-0.03,0,150.0,10.0,1.00,0.500,0.300,3.00
6.2894,-0.006946,0.048857,-0.020225,-0.03,0,150.0,10.0,1.00,0.500,0.300,3.00
6.2946,-0.006945,0.048895,-0.020043,-0.03,0,150.0,10.0,1.00,0.500,0.300,3.00
6.2996,-0.006953,0.048915,-0.019909,-0.03,0,150.0,10.0,1.00,0.500,0.300,3.00
6.3046,-0.006967,0.048936,-0.019798,-0.03,0,150.0,10.0,1.00,0.500,0.300,3.00
6.3099,-0.006992,0.048939,-0.019729,-0.03,0,150.0,10.0,1.00,0.500,0.300,3.00
6.3149,-0.007017,0.048925,-0.019702,-0.03,0,150.0,10.0,1.00,0.500,0.300,3.00
6.3201,-0.007056,0.048904,-0.019714,-0.03,0,150.0,10.0,1.00,0.500,0.300,3.00
6.3251,-0.007099,0.048876,-0.019767,-0.03,0,150.0,10.0,1.00,0.500,0.300,3.00
6.3301,-0.007143,0.048830,-0.019846,-0.03,0,150.0,10.0,1.00,0.500,0.300,3.00
6.3354,-0.007207,0.048779,-0.019959,-0.03,0,150.0,10.0,1.00,0.500,0.300,3.00
6.3404,-0.007271,0.048714,-0.020087,-0.03,0,150.0,10.0,1.00,0.500,0.300,3.00
6.3454,-0.007338,0.048641,-0.020246,-0.03,0,150.0,10.0,1.00,0.500,0.300,3.00
6.3507,-0.007406,0.048548,-0.020423,-0.03,0,150.0,10.0,1.00,0.500,0.300,3.00
6.3556,-0.007474,0.048455,-0.020607,-0.03,0,150.0,10.0,1.00,0.500,0.300,3.00
6.3609,-0.007535,0.048333,-0.020826,-0.03,0,150.0,10.0,1.00,0.500,0.300,3.00
6.3659,-0.007588,0.048221,-0.021042,-0.03,0,150.0,10.0,1.00,0.500,0.300,3.00
6.3709,-0.007624,0.048096,-0.021294,-0.03,0,150.0,10.0,1.00,0.500,0.300,3.00
6.3763,-0.007645,0.047977,-0.021540,-0.03,0,150.0,10.0,1.00,0.500,0.300,3.00
6.3811,-0.007649,0.047861,-0.021773,-0.03,0,150.0,10.0,1.00,0.500,0.300,3.00
6.3861,-0.007637,0.047750,-0.022009,-0.03,0,150.0,10.0,1.00,0.500,0.300,3.00
6.3911,-0.007601,0.047629,-0.022274,-0.03,0,150.0,10.0,1.00,0.500,0.300,3.00
6.3964,-0.007556,0.047508,-0.022525,-0.03,0,150.0,10.0,1.00,0.500,0.300,3.00
6.4014,-0.007501,0.047379,-0.022771,-0.03,0,150.0,10.0,1.00,0.500,0.300,3.00
6.4064,-0.007433,0.047263,-0.023002,-0.03,0,150.0,10.0,1.00,0.500,0.300,3.00
6.4116,-0.007353,0.047135,-0.023213,-0.03,0,150.0,10.0,1.00,0.500,0.300,3.00
6.4166,-0.007278,0.047010,-0.023374,-0.03,0,150.0,10.0,1.00,0.500,0.300,3.00
6.4219,-0.007181,0.046890,-0.023560,-0.03,0,150.0,10.0,1.00,0.500,0.300,3.00
6.4269,-0.007077,0.046776,-0.023713,-0.03,0,150.0,10.0,1.00,0.500,0.300,3.00
6.4319,-0.006970,0.046671,-0.023834,-0.03,0,150.0,10.0,1.00,0.500,0.300,3.00
6.4372,-0.006850,0.046582,-0.023957,-0.03,0,150.0,10.0,1.00,0.500,0.300,3.00
6.4421,-0.006727,0.046495,-0.024059,-0.03,0,150.0,10.0,1.00,0.500,0.300,3.00
6.4471,-0.006600,0.046418,-0.024138,-0.03,0,150.0,10.0,1.00,0.500,0.300,3.00
6.4521,-0.006472,0.046346,-0.024205,-0.03,0,150.0,10.0,1.00,0.500,0.300,3.00
6.4574,-0.006335,0.046273,-0.024257,-0.03,0,150.0,10.0,1.00,0.500,0.300,3.00
6.4624,-0.006210,0.046220,-0.024284,-0.03,0,150.0,10.0,1.00,0.500,0.300,3.00
6.4674,-0.006078,0.046164,-0.024316,-0.03,0,150.0,10.0,1.00,0.500,0.300,3.00
6.4726,-0.005945,0.046113,-0.024345,-0.03,0,150.0,10.0,1.00,0.500,0.300,3.00
6.4776,-0.005824,0.046083,-0.024348,-0.03,0,150.0,10.0,1.00,0.500,0.300,3.00
6.4826,-0.005711,0.046056,-0.024338,-0.03,0,150.0,10.0,1.00,0.500,0.300,3.00
6.4878,-0.005592,0.046031,-0.024322,-0.03,0,150.0,10.0,1.00,0.500,0.300,3.00
6.4929,-0.005486,0.046021,-0.024285,-0.03,0,150.0,10.0,1.00,0.500,0.300,3.00
6.4982,-0.005372,0.046019,-0.024238,-0.03,0,150.0,10.0,1.00,0.500,0.300,3.00
6.5032,-0.005279,0.046022,-0.024187,-0.03,0,150.0,10.0,1.00,0.500,0.300,3.00
6.5081,-0.005190,0.046029,-0.024138,-0.03,0,150.0,10.0,1.00,0.500,0.300,3.00
6.5131,-0.005103,0.046035,-0.024081,-0.03,0,150.0,10.0,1.00,0.500,0.300,3.00
6.5184,-0.005015,0.046055,-0.024009,-0.03,0,150.0,10.0,1.00,0.500,0.300,3.00
6.5234,-0.004947,0.046072,-0.023944,-0.03,0,150.0,10.0,1.00,0.500,0.300,3.00
6.5284,-0.004883,0.046100,-0.023877,-0.03,0,150.0,10.0,1.00,0.500,0.300,3.00
6.5337,-0.004827,0.046131,-0.023797,-0.03,0,150.0,10.0,1.00,0.500,0.300,3.00
6.5386,-0.004781,0.046170,-0.023722,-0.03,0,150.0,10.0,1.00,0.500,0.300,3.00
6.5436,-0.004742,0.046196,-0.023639,-0.03,0,150.0,10.0,1.00,0.500,0.300,3.00
6.5488,-0.004714,0.046235,-0.023550,-0.03,0,150.0,10.0,1.00,0.500,0.300,3.00
6.5539,-0.004687,0.046275,-0.023453,-0.03,0,150.0,10.0,1.00,0.500,0.300,3.00
6.5589,-0.004674,0.046316,-0.023357,-0.03,0,150.0,10.0,1.00,0.500,0.300,3.00
6.5641,-0.004668,0.046360,-0.023256,-0.03,0,150.0,10.0,1.00,0.500,0.300,3.00
6.5691,-0.004673,0.046405,-0.023163,-0.03,0,150.0,10.0,1.00,0.500,0.300,3.00
6.5741,-0.004675,0.046450,-0.023085,-0.03,0,150.0,10.0,1.00,0.500,0.300,3.00
6.5791,-0.004684,0.046493,-0.023013,-0.03,0,150.0,10.0,1.00,0.500,0.300,3.00
6.5844,-0.004696,0.046546,-0.022939,-0.03,0,150.0,10.0,1.00,0.500,0.300,3.00
6.5894,-0.004714,0.046596,-0.022879,-0.03,0,150.0,10.0,1.00,0.500,0.300,3.00
6.5947,-0.004735,0.046646,-0.022804,-0.03,0,150.0,10.0,1.00,0.500,0.300,3.00
6.5996,-0.004752,0.046696,-0.022744,-0.03,0,150.0,10.0,1.00,0.500,0.300,3.00
6.6046,-0.004773,0.046739,-0.022680,-0.03,0,150.0,10.0,1.00,0.500,0.300,3.00
6.6100,-0.004797,0.046793,-0.022614,-0.03,0,150.0,10.0,1.00,0.500,0.300,3.00
6.6148,-0.004822,0.046833,-0.022564,-0.03,0,150.0,10.0,1.00,0.500,0.300,3.00
6.6198,-0.004843,0.046877,-0.022500,-0.03,0,150.0,10.0,1.00,0.500,0.300,3.00
6.6251,-0.004870,0.046917,-0.022442,-0.03,0,150.0,10.0,1.00,0.500,0.300,3.00
6.6301,-0.004891,0.046954,-0.022390,-0.03,0,150.0,10.0,1.00,0.500,0.300,3.00
6.6352,-0.004908,0.046987,-0.022327,-0.03,0,150.0,10.0,1.00,0.500,0.300,3.00
6.6404,-0.004929,0.047031,-0.022264,-0.03,0,150.0,10.0,1.00,0.500,0.300,3.00
6.6454,-0.004941,0.047060,-0.022199,-0.03,0,150.0,10.0,1.00,0.500,0.300,3.00
6.6504,-0.004952,0.047096,-0.022131,-0.03,0,150.0,10.0,1.00,0.500,0.300,3.00
6.6554,-0.004963,0.047132,-0.022063,-0.03,0,150.0,10.0,1.00,0.500,0.300,3.00
6.6607,-0.004965,0.047160,-0.021983,-0.03,0,150.0,10.0,1.00,0.500,0.300,3.00
6.6656,-0.004971,0.047199,-0.021902,-0.03,0,150.0,10.0,1.00,0.500,0.300,3.00
6.6709,-0.004974,0.047228,-0.021822,-0.03,0,150.0,10.0,1.00,0.500,0.300,3.00
6.6759,-0.004976,0.047256,-0.021742,-0.03,0,150.0,10.0,1.00,0.500,0.300,3.00
6.6809,-0.004976,0.047281,-0.021653,-0.03,0,150.0,10.0,1.00,0.500,0.300,3.00
6.6862,-0.004974,0.047312,-0.021559,-0.03,0,150.0,10.0,1.00,0.500,0.300,3.00
6.6911,-0.004966,0.047326,-0.021486,-0.03,0,150.0,10.0,1.00,0.500,0.300,3.00
6.6961,-0.004962,0.047351,-0.021412,-0.03,0,150.0,10.0,1.00,0.500,0.300,3.00
6.7012,-0.004953,0.047379,-0.021324,-0.03,0,150.0,10.0,1.00,0.500,0.300,3.00
6.7064,-0.004944,0.047396,-0.021223,-0.03,0,150.0,10.0,1.00,0.500,0.300,3.00
6.7114,-0.004939,0.047417,-0.021131,-0.03,0,150.0,10.0,1.00,0.500,0.300,3.00
6.7164,-0.004925,0.047430,-0.021028,-0.03,0,150.0,10.0,1.00,0.500,0.300,3.00
6.7217,-0.004912,0.047450,-0.020914,-0.03,0,150.0,10.0,1.00,0.500,0.300,3.00
6.7267,-0.004891,0.047462,-0.020787,-0.03,0,150.0,10.0,1.00,0.500,0.300,3.00
6.7316,-0.004872,0.047485,-0.020667,-0.03,0,150.0,10.0,1.00,0.500,0.300,3.00
6.7369,-0.004841,0.047496,-0.020525,-0.03,0,150.0,10.0,1.00,0.500,0.300,3.00
6.7419,-0.004809,0.047508,-0.020391,-0.03,0,150.0,10.0,1.00,0.500,0.300,3.00
6.7472,-0.004771,0.047518,-0.020226,-0.03,0,150.0,10.0,1.00,0.500,0.300,3.00
6.7521,-0.004731,0.047518,-0.020056,-0.03,0,150.0,10.0,1.00,0.500,0.300,3.00
6.7571,-0.004682,0.047517,-0.019870,-0.03,0,150.0,10.0,1.00,0.500,0.300,3.00
6.7624,-0.004629,0.047505,-0.019686,-0.03,0,150.0,10.0,1.00,0.500,0.300,3.00
6.7674,-0.004574,0.047489,-0.019492,-0.03,0,150.0,10.0,1.00,0.500,0.300,3.00
6.7727,-0.004509,0.047462,-0.019270,-0.03,0,150.0,10.0,1.00,0.500,0.300,3.00
6.7776,-0.004451,0.047445,-0.019039,-0.03,0,150.0,10.0,1.00,0.500,0.300,3.00
6.7826,-0.004394,0.047415,-0.018823,-0.03,0,150.0,10.0,1.00,0.500,0.300,3.00
6.7878,-0.004317,0.047376,-0.018586,-0.03,0,150.0,10.0,1.00,0.500,0.300,3.00
6.7929,-0.004246,0.047330,-0.018339,-0.03,0,150.0,10.0,1.00,0.500,0.300,3.00
6.7982,-0.004165,0.047276,-0.018088,-0.03,0,150.0,10.0,1.00,0.500,0.300,3.00
6.8031,-0.004084,0.047209,-0.017858,-0.03,0,150.0,10.0,1.00,0.500,0.300,3.00
6.8081,-0.003995,0.047141,-0.017606,-0.03,0,150.0,10.0,1.00,0.500,0.300,3.00
6.8131,-0.003921,0.047062,-0.017342,-0.03,0,150.0,10.0,1.00,0.500,0.300,3.00
6.8184,-0.003841,0.046986,-0.017071,-0.03,0,150.0,10.0,1.00,0.500,0.300,3.00
6.8234,-0.003761,0.046906,-0.016784,-0.03,0,150.0,10.0,1.00,0.500,0.300,3.00
6.8284,-0.003675,0.046811,-0.016489,-0.03,0,150.0,10.0,1.00,0.500,0.300,3.00
6.8336,-0.003578,0.046714,-0.016186,-0.03,0,150.0,10.0,1.00,0.500,0.300,3.00
6.8386,-0.003484,0.046617,-0.015875,-0.03,0,150.0,10.0,1.00,0.500,0.300,3.00
6.8439,-0.003397,0.046520,-0.015543,-0.03,0,150.0,10.0,1.00,0.500,0.300,3.00
6.8488,-0.003303,0.046407,-0.015210,-0.03,0,150.0,10.0,1.00,0.500,0.300,3.00
6.8539,-0.003207,0.046296,-0.014856,-0.03,0,150.0,10.0,1.00,0.500,0.300,3.00
6.8589,-0.003108,0.046168,-0.014515,-0.03,0,150.0,10.0,1.00,0.500,0.300,3.00
6.8641,-0.003005,0.046029,-0.014111,-0.03,0,150.0,10.0,1.00,0.500,0.300,3.00
6.8691,-0.002917,0.045904,-0.013758,-0.03,0,150.0,10.0,1.00,0.500,0.300,3.00
6.8741,-0.002830,0.045777,-0.013405,-0.03,0,150.0,10.0,1.00,0.500,0.300,3.00
6.8791,-0.002732,0.045641,-0.013082,-0.03,0,150.0,10.0,1.00,0.500,0.300,3.00
6.8844,-0.002624,0.045483,-0.012705,-0.03,0,150.0,10.0,1.00,0.500,0.300,3.00
6.8894,-0.002537,0.045344,-0.012354,-0.03,0,150.0,10.0,1.00,0.500,0.300,3.00
6.8946,-0.002435,0.045180,-0.011945,-0.03,0,150.0,10.0,1.00,0.500,0.300,3.00
6.8996,-0.002320,0.045015,-0.011607,-0.03,0,150.0,10.0,1.00,0.500,0.300,3.00
6.9047,-0.002200,0.044840,-0.011249,-0.03,0,150.0,10.0,1.00,0.500,0.300,3.00
6.9099,-0.002104,0.044676,-0.010878,-0.03,0,150.0,10.0,1.00,0.500,0.300,3.00
6.9149,-0.002008,0.044518,-0.010502,-0.03,0,150.0,10.0,1.00,0.500,0.300,3.00
6.9202,-0.001897,0.044336,-0.010114,-0.03,0,150.0,10.0,1.00,0.500,0.300,3.00
6.9251,-0.001783,0.044150,-0.009723,-0.03,0,150.0,10.0,1.00,0.500,0.300,3.00
6.9301,-0.001701,0.043987,-0.009340,-0.03,0,150.0,10.0,1.00,0.500,0.300,3.00
6.9351,-0.001619,0.043824,-0.008965,-0.03,0,150.0,10.0,1.00,0.500,0.300,3.00
6.9404,-0.001519,0.043646,-0.008616,-0.03,0,150.0,10.0,1.00,0.500,0.300,3.00
6.9454,-0.001416,0.043474,-0.008270,-0.03,0,150.0,10.0,1.00,0.500,0.300,3.00
6.9504,-0.001340,0.043311,-0.007924,-0.03,0,150.0,10.0,1.00,0.500,0.300,3.00
6.9556,-0.001255,0.043139,-0.007573,-0.03,0,150.0,10.0,1.00,0.500,0.300,3.00
6.9606,-0.001175,0.042977,-0.007221,-0.03,0,150.0,10.0,1.00,0.500,0.300,3.00
6.9659,-0.001089,0.042811,-0.006873,-0.03,0,150.0,10.0,1.00,0.500,0.300,3.00
6.9709,-0.001023,0.042661,-0.006536,-0.03,0,150.0,10.0,1.00,0.500,0.300,3.00
6.9761,-0.000954,0.042513,-0.006185,-0.03,0,150.0,10.0,1.00,0.500,0.300,3.00
6.9811,-0.000895,0.042361,-0.005835,-0.03,0,150.0,10.0,1.00,0.500,0.300,3.00
6.9861,-0.000830,0.042221,-0.005510,-0.03,0,150.0,10.0,1.00,0.500,0.300,3.00
6.9911,-0.000766,0.042065,-0.005164,-0.03,0,150.0,10.0,1.00,0.500,0.300,3.00
6.9964,-0.000723,0.041920,-0.004812,-0.03,0,150.0,10.0,1.00,0.500,0.300,3.00
7.0014,-0.000686,0.041791,-0.004469,-0.03,0,150.0,10.0,1.00,0.500,0.300,3.00
7.0064,-0.000637,0.041657,-0.004143,-0.03,0,150.0,10.0,1.00,0.500,0.300,3.00
7.0114,-0.000593,0.041527,-0.003821,-0.03,0,150.0,10.0,1.00,0.500,0.300,3.00
7.0166,-0.000549,0.041392,-0.003432,-0.03,0,150.0,10.0,1.00,0.500,0.300,3.00
7.0216,-0.000510,0.041281,-0.003085,-0.03,0,150.0,10.0,1.00,0.500,0.300,3.00
7.0266,-0.000473,0.041176,-0.002727,-0.03,0,150.0,10.0,1.00,0.500,0.300,3.00
7.0319,-0.000426,0.041073,-0.002376,-0.03,0,150.0,10.0,1.00,0.500,0.300,3.00
7.0369,-0.000390,0.040985,-0.002020,-0.03,0,150.0,10.0,1.00,0.500,0.300,3.00
7.0422,-0.000348,0.040906,-0.001654,-0.03,0,150.0,10.0,1.00,0.500,0.300,3.00
7.0471,-0.000314,0.040838,-0.001280,-0.03,0,150.0,10.0,1.00,0.500,0.300,3.00
7.0521,-0.000262,0.040766,-0.000937,-0.03,0,150.0,10.0,1.00,0.500,0.300,3.00
7.0571,-0.000199,0.040682,-0.000559,-0.03,0,150.0,10.0,1.00,0.500,0.300,3.00
7.0624,-0.000145,0.040622,-0.000159,-0.03,0,150.0,10.0,1.00,0.500,0.300,3.00
7.0674,-0.000104,0.040570,0.000242,-0.03,0,150.0,10.0,1.00,0.500,0.300,3.00
7.0724,-0.000053,0.040520,0.000636,-0.03,0,150.0,10.0,1.00,0.500,0.300,3.00
7.0774,-0.000009,0.040481,0.001038,-0.03,0,150.0,10.0,1.00,0.500,0.300,3.00
7.0826,0.000049,0.040432,0.001482,-0.03,0,150.0,10.0,1.00,0.500,0.300,3.00
7.0876,0.000111,0.040377,0.001908,-0.03,0,150.0,10.0,1.00,0.500,0.300,3.00
7.0929,0.000176,0.040330,0.002351,-0.03,0,150.0,10.0,1.00,0.500,0.300,3.00
7.0979,0.000225,0.040305,0.002761,-0.03,0,150.0,10.0,1.00,0.500,0.300,3.00
7.1029,0.000268,0.040268,0.003188,-0.03,0,150.0,10.0,1.00,0.500,0.300,3.00
7.1079,0.000318,0.040234,0.003616,-0.03,0,150.0,10.0,1.00,0.500,0.300,3.00
7.1131,0.000378,0.040192,0.004063,-0.03,0,150.0,10.0,1.00,0.500,0.300,3.00
7.1181,0.000448,0.040133,0.004485,-0.03,0,150.0,10.0,1.00,0.500,0.300,3.00
7.1231,0.000486,0.040102,0.004916,-0.03,0,150.0,10.0,1.00,0.500,0.300,3.00
7.1281,0.000529,0.040061,0.005359,-0.03,0,150.0,10.0,1.00,0.500,0.300,3.00
7.1334,0.000575,0.040018,0.005837,-0.03,0,150.0,10.0,1.00,0.500,0.300,3.00
7.1384,0.000636,0.039966,0.006289,-0.03,0,150.0,10.0,1.00,0.500,0.300,3.00
7.1434,0.000680,0.039926,0.006738,-0.03,0,150.0,10.0,1.00,0.500,0.300,3.00
7.1486,0.000721,0.039882,0.007216,-0.03,0,150.0,10.0,1.00,0.500,0.300,3.00
7.1536,0.000757,0.039835,0.007667,-0.03,0,150.0,10.0,1.00,0.500,0.300,3.00
7.1586,0.000800,0.039782,0.008115,-0.03,0,150.0,10.0,1.00,0.500,0.300,3.00
7.1638,0.000837,0.039718,0.008574,-0.03,0,150.0,10.0,1.00,0.500,0.300,3.00
7.1689,0.000856,0.039666,0.009029,-0.03,0,150.0,10.0,1.00,0.500,0.300,3.00
7.1739,0.000896,0.039594,0.009471,-0.03,0,150.0,10.0,1.00,0.500,0.300,3.00
7.1791,0.000922,0.039539,0.009936,-0.03,0,150.0,10.0,1.00,0.500,0.300,3.00
7.1841,0.000961,0.039504,0.010375,-0.03,0,150.0,10.0,1.00,0.500,0.300,3.00
7.1891,0.000978,0.039451,0.010823,-0.03,0,150.0,10.0,1.00,0.500,0.300,3.00
7.1942,0.001039,0.039409,0.011255,-0.03,0,150.0,10.0,1.00,0.500,0.300,3.00
7.1991,0.001081,0.039361,0.011685,-0.03,0,150.0,10.0,1.00,0.500,0.300,3.00
7.2044,0.001130,0.039304,0.012122,-0.03,0,150.0,10.0,1.00,0.500,0.300,3.00
7.2094,0.001165,0.039260,0.012549,-0.03,0,150.0,10.0,1.00,0.500,0.300,3.00
7.2144,0.001221,0.039193,0.012930,-0.03,0,150.0,10.0,1.00,0.500,0.300,3.00
7.2196,0.001284,0.039140,0.013367,-0.03,0,150.0,10.0,1.00,0.500,0.300,3.00
7.2246,0.001339,0.039089,0.013789,-0.03,0,150.0,10.0,1.00,0.500,0.300,3.00
7.2299,0.001387,0.039056,0.014221,-0.03,0,150.0,10.0,1.00,0.500,0.300,3.00
7.2349,0.001424,0.039018,0.014639,-0.03,0,150.0,10.0,1.00,0.500,0.300,3.00
7.2399,0.001475,0.038983,0.015045,-0.03,0,150.0,10.0,1.00,0.500,0.300,3.00
7.2452,0.001524,0.038929,0.015453,-0.03,0,150.0,10.0,1.00,0.500,0.300,3.00
7.2501,0.001577,0.038878,0.015825,-0.03,0,150.0,10.0,1.00,0.500,0.300,3.00
7.2552,0.001612,0.038839,0.016181,-0.03,0,150.0,10.0,1.00,0.500,0.300,3.00
7.2601,0.001646,0.038788,0.016542,-0.03,0,150.0,10.0,1.00,0.500,0.300,3.00
7.2654,0.001692,0.038752,0.016893,-0.03,0,150.0,10.0,1.00,0.500,0.300,3.00
7.2704,0.001717,0.038697,0.017234,-0.03,0,150.0,10.0,1.00,0.500,0.300,3.00
7.2754,0.001747,0.038648,0.017572,-0.03,0,150.0,10.0,1.00,0.500,0.300,3.00
7.2806,0.001780,0.038612,0.017899,-0.03,0,150.0,10.0,1.00,0.500,0.300,3.00
7.2856,0.001806,0.038562,0.018224,-0.03,0,150.0,10.0,1.00,0.500,0.300,3.00
7.2906,0.001847,0.038493,0.018525,-0.03,0,150.0,10.0,1.00,0.500,0.300,3.00
7.2958,0.001890,0.038425,0.018821,-0.03,0,150.0,10.0,1.00,0.500,0.300,3.00
7.3009,0.001933,0.038356,0.019117,-0.03,0,150.0,10.0,1.00,0.500,0.300,3.00
7.3062,0.001950,0.038287,0.019413,-0.03,0,150.0,10.0,1.00,0.500,0.300,3.00
7.3111,0.001974,0.038218,0.019696,-0.03,0,150.0,10.0,1.00,0.500,0.300,3.00
7.3161,0.001997,0.038150,0.019980,-0.03,0,150.0,10.0,1.00,0.500,0.300,3.00
7.3211,0.002024,0.038082,0.020271,-0.03,0,150.0,10.0,1.00,0.500,0.300,3.00
7.3264,0.002080,0.038014,0.020543,-0.03,0,150.0,10.0,1.00,0.500,0.300,3.00
7.3314,0.002118,0.037953,0.020806,-0.03,0,150.0,10.0,1.00,0.500,0.300,3.00
7.3364,0.002155,0.037891,0.021070,-0.03,0,150.0,10.0,1.00,0.500,0.300,3.00
7.3416,0.002202,0.037835,0.021361,-0.03,0,150.0,10.0,1.00,0.500,0.300,3.00
7.3466,0.002251,0.037771,0.021630,-0.03,0,150.0,10.0,1.00,0.500,0.300,3.00
7.3519,0.002312,0.037698,0.021912,-0.03,0,150.0,10.0,1.00,0.500,0.300,3.00
7.3569,0.002363,0.037616,0.022189,-0.03,0,150.0,10.0,1.00,0.500,0.300,3.00
7.3619,0.002407,0.037561,0.022444,-0.03,0,150.0,10.0,1.00,0.500,0.300,3.00
7.3671,0.002465,0.037491,0.022704,-0.03,0,150.0,10.0,1.00,0.500,0.300,3.00
7.3727,0.002528,0.037411,0.022976,-0.03,0,150.0,10.0,1.00,0.500,0.300,3.00
7.3772,0.002585,0.037355,0.023196,-0.03,0,150.0,10.0,1.00,0.500,0.300,3.00
7.3824,0.002667,0.037277,0.023452,-0.03,0,150.0,10.0,1.00,0.500,0.300,3.00
7.3874,0.002737,0.037231,0.023671,-0.03,0,150.0,10.0,1.00,0.500,0.300,3.00
7.3926,0.002819,0.037174,0.023890,-0.03,0,150.0,10.0,1.00,0.500,0.300,3.00
7.3976,0.002908,0.037116,0.024085,-0.03,0,150.0,10.0,1.00,0.500,0.300,3.00
7.4029,0.002996,0.037051,0.024276,-0.03,0,150.0,10.0,1.00,0.500,0.300,3.00
7.4079,0.003076,0.036991,0.024470,-0.03,0,150.0,10.0,1.00,0.500,0.300,3.00
7.4132,0.003156,0.036932,0.024677,-0.03,0,150.0,10.0,1.00,0.500,0.300,3.00
7.4182,0.003206,0.036877,0.024880,-0.03,0,150.0,10.0,1.00,0.500,0.300,3.00
7.4231,0.003264,0.036806,0.025086,-0.03,0,150.0,10.0,1.00,0.500,0.300,3.00
7.4281,0.003312,0.036734,0.025303,-0.03,0,150.0,10.0,1.00,0.500,0.300,3.00
7.4334,0.003372,0.036651,0.025522,-0.03,0,150.0,10.0,1.00,0.500,0.300,3.00
7.4384,0.003419,0.036559,0.025740,-0.03,0,150.0,10.0,1.00,0.500,0.300,3.00
7.4434,0.003465,0.036479,0.025954,-0.03,0,150.0,10.0,1.00,0.500,0.300,3.00
7.4486,0.003503,0.036398,0.026179,-0.03,0,150.0,10.0,1.00,0.500,0.300,3.00
7.4536,0.003545,0.036316,0.026385,-0.03,0,150.0,10.0,1.00,0.500,0.300,3.00
7.4586,0.003595,0.036235,0.026593,-0.03,0,150.0,10.0,1.00,0.500,0.300,3.00
7.4639,0.003649,0.036157,0.026809,-0.03,0,150.0,10.0,1.00,0.500,0.300,3.00
7.4688,0.003715,0.036073,0.027016,-0.03,0,150.0,10.0,1.00,0.500,0.300,3.00
7.4738,0.003773,0.036004,0.027194,-0.03,0,150.0,10.0,1.00,0.500,0.300,3.00
7.4791,0.003848,0.035936,0.027349,-0.03,0,150.0,10.0,1.00,0.500,0.300,3.00
7.4841,0.003920,0.035882,0.027469,-0.03,0,150.0,10.0,1.00,0.500,0.300,3.00
7.4891,0.004008,0.035831,0.027579,-0.03,0,150.0,10.0,1.00,0.500,0.300,3.00
7.4941,0.004089,0.035783,0.027679,-0.03,0,150.0,10.0,1.00,0.500,0.300,3.00
7.4994,0.004177,0.035732,0.027789,-0.03,0,150.0,10.0,1.00,0.500,0.300,3.00
7.5044,0.004258,0.035687,0.027915,-0.03,0,150.0,10.0,1.00,0.500,0.300,3.00
7.5096,0.004329,0.035636,0.028062,-0.03,0,150.0,10.0,1.00,0.500,0.300,3.00
7.5147,0.004388,0.035589,0.028217,-0.03,0,150.0,10.0,1.00,0.500,0.300,3.00
7.5199,0.004454,0.035534,0.028406,-0.03,0,150.0,10.0,1.00,0.500,0.300,3.00
7.5248,0.004510,0.035471,0.028588,-0.03,0,150.0,10.0,1.00,0.500,0.300,3.00
7.5302,0.004561,0.035397,0.028808,-0.03,0,150.0,10.0,1.00,0.500,0.300,3.00
7.5351,0.004599,0.035326,0.029023,-0.03,0,150.0,10.0,1.00,0.500,0.300,3.00
7.5401,0.004624,0.035252,0.029242,-0.03,0,150.0,10.0,1.00,0.500,0.300,3.00
7.5454,0.004633,0.035201,0.029461,-0.03,0,150.0,10.0,1.00,0.500,0.300,3.00
7.5504,0.004675,0.035139,0.029638,-0.03,0,150.0,10.0,1.00,0.500,0.300,3.00
7.5554,0.004724,0.035095,0.029783,-0.03,0,150.0,10.0,1.00,0.500,0.300,3.00
7.5606,0.004801,0.035036,0.029915,-0.03,0,150.0,10.0,1.00,0.500,0.300,3.00
7.5656,0.004884,0.034993,0.030014,-0.03,0,150.0,10.0,1.00,0.500,0.300,3.00
7.5709,0.004971,0.034938,0.030112,-0.03,0,150.0,10.0,1.00,0.500,0.300,3.00
7.5758,0.005049,0.034888,0.030212,-0.03,0,150.0,10.0,1.00,0.500,0.300,3.00
7.5809,0.005110,0.034829,0.030319,-0.03,0,150.0,10.0,1.00,0.500,0.300,3.00
7.5861,0.005150,0.034787,0.030452,-0.03,0,150.0,10.0,1.00,0.500,0.300,3.00
7.5911,0.005174,0.034726,0.030618,-0.03,0,150.0,10.0,1.00,0.500,0.300,3.00
7.5961,0.005164,0.034668,0.030820,-0.03,0,150.0,10.0,1.00,0.500,0.300,3.00
7.6011,0.005143,0.034606,0.031055,-0.03,0,150.0,10.0,1.00,0.500,0.300,3.00
7.6064,0.005116,0.034524,0.031311,-0.03,0,150.0,10.0,1.00,0.500,0.300,3.00
7.6114,0.005087,0.034437,0.031575,-0.03,0,150.0,10.0,1.00,0.500,0.300,3.00
7.6164,0.005055,0.034353,0.031822,-0.03,0,150.0,10.0,1.00,0.500,0.300,3.00
7.6216,0.005032,0.034274,0.032036,-0.03,0,150.0,10.0,1.00,0.500,0.300,3.00
7.6266,0.005033,0.034206,0.032190,-0.03,0,150.0,10.0,1.00,0.500,0.300,3.00
7.6318,0.005049,0.034152,0.032322,-0.03,0,150.0,10.0,1.00,0.500,0.300,3.00
7.6368,0.005075,0.034102,0.032407,-0.03,0,150.0,10.0,1.00,0.500,0.300,3.00
7.6419,0.005102,0.034058,0.032496,-0.03,0,150.0,10.0,1.00,0.500,0.300,3.00
7.6472,0.005119,0.034013,0.032583,-0.03,0,150.0,10.0,1.00,0.500,0.300,3.00
7.6521,0.005128,0.033961,0.032691,-0.03,0,150.0,10.0,1.00,0.500,0.300,3.00
7.6571,0.005117,0.033901,0.032817,-0.03,0,150.0,10.0,1.00,0.500,0.300,3.00
7.6621,0.005105,0.033836,0.032966,-0.03,0,150.0,10.0,1.00,0.500,0.300,3.00
7.6674,0.005055,0.033749,0.033160,-0.03,0,150.0,10.0,1.00,0.500,0.300,3.00
7.6724,0.004986,0.033661,0.033377,-0.03,0,150.0,10.0,1.00,0.500,0.300,3.00
7.6773,0.004902,0.033588,0.033589,-0.03,0,150.0,10.0,1.00,0.500,0.300,3.00
7.6826,0.004817,0.033509,0.033796,-0.03,0,150.0,10.0,1.00,0.500,0.300,3.00
7.6876,0.004743,0.033448,0.033978,-0.03,0,150.0,10.0,1.00,0.500,0.300,3.00
7.6926,0.004698,0.033401,0.034108,-0.03,0,150.0,10.0,1.00,0.500,0.300,3.00
7.6979,0.004661,0.033372,0.034205,-0.03,0,150.0,10.0,1.00,0.500,0.300,3.00
7.7029,0.004622,0.033359,0.034281,-0.03,0,150.0,10.0,1.00,0.500,0.300,3.00
7.7081,0.004587,0.033347,0.034351,-0.03,0,150.0,10.0,1.00,0.500,0.300,3.00
7.7131,0.004539,0.033333,0.034424,-0.03,0,150.0,10.0,1.00,0.500,0.300,3.00
7.7181,0.004465,0.033322,0.034522,-0.03,0,150.0,10.0,1.00,0.500,0.300,3.00
7.7235,0.004367,0.033297,0.034652,-0.03,0,150.0,10.0,1.00,0.500,0.300,3.00
7.7284,0.004246,0.033269,0.034797,-0.03,0,150.0,10.0,1.00,0.500,0.300,3.00
7.7334,0.004106,0.033234,0.034973,-0.03,0,150.0,10.0,1.00,0.500,0.300,3.00
7.7386,0.003971,0.033205,0.035133,-0.03,0,150.0,10.0,1.00,0.500,0.300,3.00
7.7436,0.003841,0.033182,0.035279,-0.03,0,150.0,10.0,1.00,0.500,0.300,3.00
7.7488,0.003730,0.033161,0.035403,-0.03,0,150.0,10.0,1.00,0.500,0.300,3.00
7.7542,0.003628,0.033171,0.035502,-0.03,0,150.0,10.0,1.00,0.500,0.300,3.00
7.7592,0.003553,0.033190,0.035572,-0.03,0,150.0,10.0,1.00,0.500,0.300,3.00
7.7641,0.003476,0.033222,0.035642,-0.03,0,150.0,10.0,1.00,0.500,0.300,3.00
7.7691,0.003397,0.033246,0.035708,-0.03,0,150.0,10.0,1.00,0.500,0.300,3.00
7.7745,0.003307,0.033276,0.035782,-0.03,0,150.0,10.0,1.00,0.500,0.300,3.00
7.7794,0.003227,0.033287,0.035853,-0.03,0,150.0,10.0,1.00,0.500,0.300,3.00
7.7846,0.003124,0.033290,0.035948,-0.03,0,150.0,10.0,1.00,0.500,0.300,3.00
7.7896,0.003023,0.033282,0.036054,-0.03,0,150.0,10.0,1.00,0.500,0.300,3.00
7.7949,0.002894,0.033265,0.036201,-0.03,0,150.0,10.0,1.00,0.500,0.300,3.00
7.7998,0.002778,0.033250,0.036332,-0.03,0,150.0,10.0,1.00,0.500,0.300,3.00
7.8049,0.002666,0.033237,0.036471,-0.03,0,150.0,10.0,1.00,0.500,0.300,3.00
7.8101,0.002555,0.033236,0.036604,-0.03,0,150.0,10.0,1.00,0.500,0.300,3.00
7.8151,0.002468,0.033243,0.036701,-0.03,0,150.0,10.0,1.00,0.500,0.300,3.00
7.8201,0.002391,0.033250,0.036787,-0.03,0,150.0,10.0,1.00,0.500,0.300,3.00
7.8251,0.002315,0.033270,0.036868,-0.03,0,150.0,10.0,1.00,0.500,0.300,3.00
7.8304,0.002235,0.033283,0.036951,-0.03,0,150.0,10.0,1.00,0.500,0.300,3.00
7.8354,0.002153,0.033288,0.037029,-0.03,0,150.0,10.0,1.00,0.500,0.300,3.00
7.8404,0.002068,0.033294,0.037113,-0.03,0,150.0,10.0,1.00,0.500,0.300,3.00
7.8456,0.001967,0.033292,0.037221,-0.03,0,150.0,10.0,1.00,0.500,0.300,3.00
7.8507,0.001855,0.033277,0.037345,-0.03,0,150.0,10.0,1.00,0.500,0.300,3.00
7.8558,0.001733,0.033254,0.037475,-0.03,0,150.0,10.0,1.00,0.500,0.300,3.00
7.8609,0.001635,0.033239,0.037582,-0.03,0,150.0,10.0,1.00,0.500,0.300,3.00
7.8659,0.001541,0.033218,0.037680,-0.03,0,150.0,10.0,1.00,0.500,0.300,3.00
7.8711,0.001452,0.033198,0.037772,-0.03,0,150.0,10.0,1.00,0.500,0.300,3.00
7.8761,0.001372,0.033185,0.037858,-0.03,0,150.0,10.0,1.00,0.500,0.300,3.00
7.8811,0.001306,0.033166,0.037924,-0.03,0,150.0,10.0,1.00,0.500,0.300,3.00
7.8861,0.001245,0.033154,0.037988,-0.03,0,150.0,10.0,1.00,0.500,0.300,3.00
7.8914,0.001174,0.033136,0.038072,-0.03,0,150.0,10.0,1.00,0.500,0.300,3.00
7.8963,0.001096,0.033119,0.038173,-0.03,0,150.0,10.0,1.00,0.500,0.300,3.00
7.9014,0.001018,0.033096,0.038283,-0.03,0,150.0,10.0,1.00,0.500,0.300,3.00
7.9066,0.000938,0.033068,0.038401,-0.03,0,150.0,10.0,1.00,0.500,0.300,3.00
7.9116,0.000852,0.033026,0.038530,-0.03,0,150.0,10.0,1.00,0.500,0.300,3.00
7.9166,0.000747,0.032990,0.038683,-0.03,0,150.0,10.0,1.00,0.500,0.300,3.00
7.9219,0.000649,0.032943,0.038842,-0.03,0,150.0,10.0,1.00,0.500,0.300,3.00
7.9269,0.000579,0.032898,0.038970,-0.03,0,150.0,10.0,1.00,0.500,0.300,3.00
7.9322,0.000496,0.032858,0.039105,-0.03,0,150.0,10.0,1.00,0.500,0.300,3.00
7.9371,0.000436,0.032827,0.039218,-0.03,0,150.0,10.0,1.00,0.500,0.300,3.00
7.9421,0.000392,0.032788,0.039299,-0.03,0,150.0,10.0,1.00,0.500,0.300,3.00
7.9474,0.000349,0.032762,0.039375,-0.03,0,150.0,10.0,1.00,0.500,0.300,3.00
7.9524,0.000313,0.032733,0.039461,-0.03,0,150.0,10.0,1.00,0.500,0.300,3.00
7.9574,0.000273,0.032701,0.039541,-0.03,0,150.0,10.0,1.00,0.500,0.300,3.00
7.9626,0.000234,0.032660,0.039645,-0.03,0,150.0,10.0,1.00,0.500,0.300,3.00
7.9676,0.000182,0.032624,0.039755,-0.03,0,150.0,10.0,1.00,0.500,0.300,3.00
7.9726,0.000127,0.032569,0.039879,-0.03,0,150.0,10.0,1.00,0.500,0.300,3.00
7.9779,0.000071,0.032515,0.040015,-0.03,0,150.0,10.0,1.00,0.500,0.300,3.00
7.9828,0.000009,0.032455,0.040165,-0.03,0,150.0,10.0,1.00,0.500,0.300,3.00
7.9881,-0.000049,0.032403,0.040314,-0.03,0,150.0,10.0,1.00,0.500,0.300,3.00
7.9931,-0.000078,0.032346,0.040427,-0.03,0,150.0,10.0,1.00,0.500,0.300,3.00
7.9981,-0.000095,0.032315,0.040522,-0.03,0,150.0,10.0,1.00,0.500,0.300,3.00
8.0031,-0.000098,0.032278,0.040597,-0.03,0,150.0,10.0,1.00,0.500,0.300,3.00
8.0084,-0.000105,0.032240,0.040677,-0.03,0,150.0,10.0,1.00,0.500,0.300,3.00
8.0134,-0.000113,0.032203,0.040757,-0.03,0,150.0,10.0,1.00,0.500,0.300,3.00
8.0184,-0.000125,0.032165,0.040842,-0.03,0,150.0,10.0,1.00,0.500,0.300,3.00
8.0234,-0.000149,0.032106,0.040938,-0.03,0,150.0,10.0,1.00,0.500,0.300,3.00
8.0286,-0.000186,0.032043,0.041065,-0.03,0,150.0,10.0,1.00,0.500,0.300,3.00
8.0336,-0.000229,0.031966,0.041202,-0.03,0,150.0,10.0,1.00,0.500,0.300,3.00
8.0389,-0.000281,0.031871,0.041370,-0.03,0,150.0,10.0,1.00,0.500,0.300,3.00
8.0438,-0.000356,0.031787,0.041557,-0.03,0,150.0,10.0,1.00,0.500,0.300,3.00
8.0489,-0.000425,0.031685,0.041748,-0.03,0,150.0,10.0,1.00,0.500,0.300,3.00
8.0542,-0.000469,0.031574,0.041925,-0.03,0,150.0,10.0,1.00,0.500,0.300,3.00
8.0591,-0.000508,0.031480,0.042077,-0.03,0,150.0,10.0,1.00,0.500,0.300,3.00
8.0641,-0.000540,0.031397,0.042207,-0.03,0,150.0,10.0,1.00,0.500,0.300,3.00
8.0691,-0.000564,0.031327,0.042314,-0.03,0,150.0,10.0,1.00,0.500,0.300,3.00
8.0744,-0.000562,0.031240,0.042404,-0.03,0,150.0,10.0,1.00,0.500,0.300,3.00
8.0793,-0.000562,0.031164,0.042483,-0.03,0,150.0,10.0,1.00,0.500,0.300,3.00
8.0843,-0.000554,0.031084,0.042560,-0.03,0,150.0,10.0,1.00,0.500,0.300,3.00
8.0894,-0.000550,0.030991,0.042654,-0.03,0,150.0,10.0,1.00,0.500,0.300,3.00
8.0946,-0.000563,0.030886,0.042780,-0.03,0,150.0,10.0,1.00,0.500,0.300,3.00
8.0996,-0.000585,0.030775,0.042931,-0.03,0,150.0,10.0,1.00,0.500,0.300,3.00
8.1046,-0.000623,0.030658,0.043106,-0.03,0,150.0,10.0,1.00,0.500,0.300,3.00
8.1099,-0.000658,0.030525,0.043309,-0.03,0,150.0,10.0,1.00,0.500,0.300,3.00
8.1152,-0.000714,0.030384,0.043540,-0.03,0,150.0,10.0,1.00,0.500,0.300,3.00
8.1201,-0.000773,0.030220,0.043800,-0.03,0,150.0,10.0,1.00,0.500,0.300,3.00
8.1251,-0.000835,0.030079,0.044035,-0.03,0,150.0,10.0,1.00,0.500,0.300,3.00
8.1301,-0.000905,0.029931,0.044284,-0.03,0,150.0,10.0,1.00,0.500,0.300,3.00
8.1354,-0.000957,0.029803,0.044504,-0.03,0,150.0,10.0,1.00,0.500,0.300,3.00
8.1404,-0.000973,0.029669,0.044674,-0.03,0,150.0,10.0,1.00,0.500,0.300,3.00
8.1453,-0.000978,0.029566,0.044809,-0.03,0,150.0,10.0,1.00,0.500,0.300,3.00
8.1506,-0.000957,0.029446,0.044928,-0.03,0,150.0,10.0,1.00,0.500,0.300,3.00
8.1556,-0.000933,0.029331,0.045026,-0.03,0,150.0,10.0,1.00,0.500,0.300,3.00
8.1606,-0.000909,0.029222,0.045128,-0.03,0,150.0,10.0,1.00,0.500,0.300,3.00
8.1659,-0.000902,0.029107,0.045252,-0.03,0,150.0,10.0,1.00,0.500,0.300,3.00
8.1709,-0.000905,0.028990,0.045387,-0.03,0,150.0,10.0,1.00,0.500,0.300,3.00
8.1762,-0.000921,0.028849,0.045560,-0.03,0,150.0,10.0,1.00,0.500,0.300,3.00
8.1811,-0.000946,0.028715,0.045747,-0.03,0,150.0,10.0,1.00,0.500,0.300,3.00
8.1861,-0.001000,0.028585,0.045954,-0.03,0,150.0,10.0,1.00,0.500,0.300,3.00
8.1911,-0.001039,0.028445,0.046170,-0.03,0,150.0,10.0,1.00,0.500,0.300,3.00
8.1964,-0.001078,0.028300,0.046403,-0.03,0,150.0,10.0,1.00,0.500,0.300,3.00
8.2014,-0.001130,0.028160,0.046641,-0.03,0,150.0,10.0,1.00,0.500,0.300,3.00
8.2064,-0.001173,0.028021,0.046869,-0.03,0,150.0,10.0,1.00,0.500,0.300,3.00
8.2114,-0.001209,0.027895,0.047088,-0.03,0,150.0,10.0,1.00,0.500,0.300,3.00
8.2166,-0.001263,0.027791,0.047297,-0.03,0,150.0,10.0,1.00,0.500,0.300,3.00
8.2216,-0.001295,0.027687,0.047474,-0.03,0,150.0,10.0,1.00,0.500,0.300,3.00
8.2269,-0.001300,0.027598,0.047623,-0.03,0,150.0,10.0,1.00,0.500,0.300,3.00
8.2318,-0.001293,0.027501,0.047747,-0.03,0,150.0,10.0,1.00,0.500,0.300,3.00
8.2369,-0.001278,0.027416,0.047849,-0.03,0,150.0,10.0,1.00,0.500,0.300,3.00
8.2421,-0.001268,0.027323,0.047952,-0.03,0,150.0,10.0,1.00,0.500,0.300,3.00
8.2471,-0.001259,0.027243,0.048043,-0.03,0,150.0,10.0,1.00,0.500,0.300,3.00
8.2521,-0.001261,0.027154,0.048140,-0.03,0,150.0,10.0,1.00,0.500,0.300,3.00
8.2571,-0.001283,0.027076,0.048243,-0.03,0,150.0,10.0,1.00,0.500,0.300,3.00
8.2624,-0.001316,0.027004,0.048360,-0.03,0,150.0,10.0,1.00,0.500,0.300,3.00
8.2674,-0.001348,0.026932,0.048477,-0.03,0,150.0,10.0,1.00,0.500,0.300,3.00
8.2724,-0.001380,0.026849,0.048606,-0.03,0,150.0,10.0,1.00,0.500,0.300,3.00
8.2776,-0.001428,0.026764,0.048748,-0.03,0,150.0,10.0,1.00,0.500,0.300,3.00
8.2826,-0.001480,0.026680,0.048896,-0.03,0,150.0,10.0,1.00,0.500,0.300,3.00
8.2878,-0.001535,0.026589,0.049051,-0.03,0,150.0,10.0,1.00,0.500,0.300,3.00
8.2929,-0.001581,0.026510,0.049185,-0.03,0,150.0,10.0,1.00,0.500,0.300,3.00
8.2979,-0.001630,0.026430,0.049311,-0.03,0,150.0,10.0,1.00,0.500,0.300,3.00
8.3031,-0.001673,0.026357,0.049437,-0.03,0,150.0,10.0,1.00,0.500,0.300,3.00
8.3081,-0.001712,0.026285,0.049558,-0.03,0,150.0,10.0,1.00,0.500,0.300,3.00
8.3131,-0.001736,0.026233,0.049656,-0.03,0,150.0,10.0,1.00,0.500,0.300,3.00
8.3183,-0.001761,0.026173,0.049751,-0.03,0,150.0,10.0,1.00,0.500,0.300,3.00
8.3234,-0.001776,0.026126,0.049825,-0.03,0,150.0,10.0,1.00,0.500,0.300,3.00
8.3287,-0.001801,0.026071,0.049904,-0.03,0,150.0,10.0,1.00,0.500,0.300,3.00
8.3336,-0.001822,0.026016,0.049978,-0.03,0,150.0,10.0,1.00,0.500,0.300,3.00
8.3389,-0.001852,0.025961,0.050062,-0.03,0,150.0,10.0,1.00,0.500,0.300,3.00
8.3439,-0.001880,0.025907,0.050153,-0.03,0,150.0,10.0,1.00,0.500,0.300,3.00
8.3488,-0.001892,0.025861,0.050233,-0.03,0,150.0,10.0,1.00,0.500,0.300,3.00
8.3542,-0.001904,0.025822,0.050318,-0.03,0,150.0,10.0,1.00,0.500,0.300,3.00
8.3591,-0.001908,0.025789,0.050390,-0.03,0,150.0,10.0,1.00,0.500,0.300,3.00
8.3641,-0.001907,0.025771,0.050465,-0.03,0,150.0,10.0,1.00,0.500,0.300,3.00
8.3694,-0.001904,0.025767,0.050535,-0.03,0,150.0,10.0,1.00,0.500,0.300,3.00
8.3743,-0.001900,0.025762,0.050606,-0.03,0,150.0,10.0,1.00,0.500,0.300,3.00
8.3794,-0.001899,0.025771,0.050676,-0.03,0,150.0,10.0,1.00,0.500,0.300,3.00
8.3846,-0.001903,0.025779,0.050752,-0.03,0,150.0,10.0,1.00,0.500,0.300,3.00
8.3896,-0.001907,0.025780,0.050823,-0.03,0,150.0,10.0,1.00,0.500,0.300,3.00
8.3946,-0.001921,0.025795,0.050911,-0.03,0,150.0,10.0,1.00,0.500,0.300,3.00
8.3996,-0.001935,0.025809,0.051000,-0.03,0,150.0,10.0,1.00,0.500,0.300,3.00
8.4049,-0.001961,0.025832,0.051113,-0.03,0,150.0,10.0,1.00,0.500,0.300,3.00
8.4099,-0.001988,0.025840,0.051218,-0.03,0,150.0,10.0,1.00,0.500,0.300,3.00
8.4151,-0.002016,0.025856,0.051340,-0.03,0,150.0,10.0,1.00,0.500,0.300,3.00
8.4201,-0.002035,0.025892,0.051444,-0.03,0,150.0,10.0,1.00,0.500,0.300,3.00
8.4251,-0.002056,0.025934,0.051545,-0.03,0,150.0,10.0,1.00,0.500,0.300,3.00
8.4301,-0.002068,0.025977,0.051636,-0.03,0,150.0,10.0,1.00,0.500,0.300,3.00
8.4354,-0.002076,0.026033,0.051723,-0.03,0,150.0,10.0,1.00,0.500,0.300,3.00
8.4403,-0.002083,0.026087,0.051798,-0.03,0,150.0,10.0,1.00,0.500,0.300,3.00
8.4454,-0.002095,0.026142,0.051877,-0.03,0,150.0,10.0,1.00,0.500,0.300,3.00
8.4506,-0.002112,0.026203,0.051965,-0.03,0,150.0,10.0,1.00,0.500,0.300,3.00
8.4556,-0.002132,0.026264,0.052045,-0.03,0,150.0,10.0,1.00,0.500,0.300,3.00
8.4609,-0.002162,0.026330,0.052139,-0.03,0,150.0,10.0,1.00,0.500,0.300,3.00
8.4659,-0.002200,0.026376,0.052237,-0.03,0,150.0,10.0,1.00,0.500,0.300,3.00
8.4709,-0.002236,0.026416,0.052339,-0.03,0,150.0,10.0,1.00,0.500,0.300,3.00
8.4761,-0.002277,0.026456,0.052445,-0.03,0,150.0,10.0,1.00,0.500,0.300,3.00
8.4811,-0.002310,0.026491,0.052551,-0.03,0,150.0,10.0,1.00,0.500,0.300,3.00
8.4861,-0.002340,0.026524,0.052644,-0.03,0,150.0,10.0,1.00,0.500,0.300,3.00
8.4911,-0.002374,0.026544,0.052742,-0.03,0,150.0,10.0,1.00,0.500,0.300,3.00
8.4964,-0.002402,0.026586,0.052846,-0.03,0,150.0,10.0,1.00,0.500,0.300,3.00
8.5014,-0.002422,0.026622,0.052950,-0.03,0,150.0,10.0,1.00,0.500,0.300,3.00
8.5064,-0.002440,0.026646,0.053053,-0.03,0,150.0,10.0,1.00,0.500,0.300,3.00
8.5117,-0.002452,0.026669,0.053152,-0.03,0,150.0,10.0,1.00,0.500,0.300,3.00
8.5166,-0.002462,0.026687,0.053254,-0.03,0,150.0,10.0,1.00,0.500,0.300,3.00
8.5216,-0.002465,0.026699,0.053356,-0.03,0,150.0,10.0,1.00,0.500,0.300,3.00
8.5269,-0.002469,0.026706,0.053465,-0.03,0,150.0,10.0,1.00,0.500,0.300,3.00
8.5318,-0.002469,0.026712,0.053570,-0.03,0,150.0,10.0,1.00,0.500,0.300,3.00
8.5369,-0.002476,0.026705,0.053684,-0.03,0,150.0,10.0,1.00,0.500,0.300,3.00
8.5421,-0.002489,0.026719,0.053814,-0.03,0,150.0,10.0,1.00,0.500,0.300,3.00
8.5471,-0.002501,0.026726,0.053939,-0.03,0,150.0,10.0,1.00,0.500,0.300,3.00
8.5521,-0.002524,0.026728,0.054090,-0.03,0,150.0,10.0,1.00,0.500,0.300,3.00
8.5571,-0.002545,0.026731,0.054247,-0.03,0,150.0,10.0,1.00,0.500,0.300,3.00
8.5624,-0.002570,0.026714,0.054417,-0.03,0,150.0,10.0,1.00,0.500,0.300,3.00
8.5673,-0.002588,0.026711,0.054578,-0.03,0,150.0,10.0,1.00,0.500,0.300,3.00
8.5724,-0.002593,0.026703,0.054734,-0.03,0,150.0,10.0,1.00,0.500,0.300,3.00
8.5776,-0.002601,0.026704,0.054905,-0.03,0,150.0,10.0,1.00,0.500,0.300,3.00
8.5826,-0.002606,0.026691,0.055077,-0.03,0,150.0,10.0,1.00,0.500,0.300,3.00
8.5876,-0.002606,0.026692,0.055251,-0.03,0,150.0,10.0,1.00,0.500,0.300,3.00
8.5929,-0.002612,0.026687,0.055425,-0.03,0,150.0,10.0,1.00,0.500,0.300,3.00
8.5979,-0.002620,0.026694,0.055600,-0.03,0,150.0,10.0,1.00,0.500,0.300,3.00
8.6029,-0.002624,0.026690,0.055782,-0.03,0,150.0,10.0,1.00,0.500,0.300,3.00
8.6082,-0.002617,0.026674,0.055967,-0.03,0,150.0,10.0,1.00,0.500,0.300,3.00
8.6131,-0.002608,0.026657,0.056140,-0.03,0,150.0,10.0,1.00,0.500,0.300,3.00
8.6181,-0.002596,0.026626,0.056313,-0.03,0,150.0,10.0,1.00,0.500,0.300,3.00
8.6231,-0.002588,0.026590,0.056493,-0.03,0,150.0,10.0,1.00,0.500,0.300,3.00
8.6284,-0.002579,0.026555,0.056693,-0.03,0,150.0,10.0,1.00,0.500,0.300,3.00
8.6333,-0.002577,0.026540,0.056889,-0.03,0,150.0,10.0,1.00,0.500,0.300,3.00
8.6384,-0.002577,0.026506,0.057105,-0.03,0,150.0,10.0,1.00,0.500,0.300,3.00
8.6434,-0.002570,0.026489,0.057331,-0.03,0,150.0,10.0,1.00,0.500,0.300,3.00
8.6486,-0.002560,0.026461,0.057576,-0.03,0,150.0,10.0,1.00,0.500,0.300,3.00
8.6536,-0.002551,0.026425,0.057818,-0.03,0,150.0,10.0,1.00,0.500,0.300,3.00
8.6589,-0.002546,0.026397,0.058074,-0.03,0,150.0,10.0,1.00,0.500,0.300,3.00
8.6639,-0.002549,0.026361,0.058324,-0.03,0,150.0,10.0,1.00,0.500,0.300,3.00
8.6689,-0.002539,0.026333,0.058576,-0.03,0,150.0,10.0,1.00,0.500,0.300,3.00
8.6741,-0.002535,0.026300,0.058848,-0.03,0,150.0,10.0,1.00,0.500,0.300,3.00
8.6791,-0.002527,0.026273,0.059100,-0.03,0,150.0,10.0,1.00,0.500,0.300,3.00
8.6841,-0.002510,0.026251,0.059339,-0.03,0,150.0,10.0,1.00,0.500,0.300,3.00
8.6891,-0.002497,0.026236,0.059575,-0.03,0,150.0,10.0,1.00,0.500,0.300,3.00
8.6943,-0.002471,0.026195,0.059813,-0.03,0,150.0,10.0,1.00,0.500,0.300,3.00
8.6994,-0.002445,0.026159,0.060036,-0.03,0,150.0,10.0,1.00,0.500,0.300,3.00
8.7044,-0.002412,0.026125,0.060261,-0.03,0,150.0,10.0,1.00,0.500,0.300,3.00
8.7096,-0.002376,0.026092,0.060495,-0.03,0,150.0,10.0,1.00,0.500,0.300,3.00
8.7146,-0.002340,0.026068,0.060697,-0.03,0,150.0,10.0,1.00,0.500,0.300,3.00
8.7196,-0.002300,0.026033,0.060906,-0.03,0,150.0,10.0,1.00,0.500,0.300,3.00
8.7249,-0.002258,0.025986,0.061135,-0.03,0,150.0,10.0,1.00,0.500,0.300,3.00
8.7298,-0.002221,0.025936,0.061348,-0.03,0,150.0,10.0,1.00,0.500,0.300,3.00
8.7349,-0.002185,0.025888,0.061581,-0.03,0,150.0,10.0,1.00,0.500,0.300,3.00
8.7401,-0.002157,0.025858,0.061802,-0.03,0,150.0,10.0,1.00,0.500,0.300,3.00
8.7451,-0.002130,0.025821,0.062020,-0.03,0,150.0,10.0,1.00,0.500,0.300,3.00
8.7501,-0.002108,0.025784,0.062242,-0.03,0,150.0,10.0,1.00,0.500,0.300,3.00
8.7552,-0.002089,0.025745,0.062456,-0.03,0,150.0,10.0,1.00,0.500,0.300,3.00
8.7604,-0.002073,0.025692,0.062675,-0.03,0,150.0,10.0,1.00,0.500,0.300,3.00
8.7654,-0.002064,0.025655,0.062863,-0.03,0,150.0,10.0,1.00,0.500,0.300,3.00
8.7704,-0.002066,0.025615,0.063041,-0.03,0,150.0,10.0,1.00,0.500,0.300,3.00
8.7756,-0.002062,0.025575,0.063215,-0.03,0,150.0,10.0,1.00,0.500,0.300,3.00
8.7806,-0.002055,0.025527,0.063373,-0.03,0,150.0,10.0,1.00,0.500,0.300,3.00
8.7856,-0.002056,0.025497,0.063520,-0.03,0,150.0,10.0,1.00,0.500,0.300,3.00
8.7908,-0.002059,0.025445,0.063668,-0.03,0,150.0,10.0,1.00,0.500,0.300,3.00
8.7958,-0.002062,0.025399,0.063800,-0.03,0,150.0,10.0,1.00,0.500,0.300,3.00
8.8008,-0.002075,0.025357,0.063926,-0.03,0,150.0,10.0,1.00,0.500,0.300,3.00
8.8061,-0.002096,0.025314,0.064048,-0.03,0,150.0,10.0,1.00,0.500,0.300,3.00
8.8111,-0.002118,0.025282,0.064152,-0.03,0,150.0,10.0,1.00,0.500,0.300,3.00
8.8161,-0.002140,0.025247,0.064237,-0.03,0,150.0,10.0,1.00,0.500,0.300,3.00
8.8211,-0.002161,0.025205,0.064318,-0.03,0,150.0,10.0,1.00,0.500,0.300,3.00
8.8263,-0.002206,0.025174,0.064397,-0.03,0,150.0,10.0,1.00,0.500,0.300,3.00
8.8314,-0.002244,0.025140,0.064453,-0.03,0,150.0,10.0,1.00,0.500,0.300,3.00
8.8366,-0.002282,0.025112,0.064493,-0.03,0,150.0,10.0,1.00,0.500,0.300,3.00
8.8416,-0.002327,0.025082,0.064531,-0.03,0,150.0,10.0,1.00,0.500,0.300,3.00
8.8466,-0.002369,0.025059,0.064561,-0.03,0,150.0,10.0,1.00,0.500,0.300,3.00
8.8518,-0.002418,0.025034,0.064587,-0.03,0,150.0,10.0,1.00,0.500,0.300,3.00
8.8568,-0.002462,0.025009,0.064610,-0.03,0,150.0,10.0,1.00,0.500,0.300,3.00
8.8619,-0.002503,0.024984,0.064621,-0.03,0,150.0,10.0,1.00,0.500,0.300,3.00
8.8671,-0.002540,0.024957,0.064620,-0.03,0,150.0,10.0,1.00,0.500,0.300,3.00
8.8721,-0.002574,0.024937,0.064611,-0.03,0,150.0,10.0,1.00,0.500,0.300,3.00
8.8771,-0.002602,0.024909,0.064595,-0.03,0,150.0,10.0,1.00,0.500,0.300,3.00
8.8821,-0.002633,0.024880,0.064571,-0.03,0,150.0,10.0,1.00,0.500,0.300,3.00
8.8873,-0.002671,0.024857,0.064548,-0.03,0,150.0,10.0,1.00,0.500,0.300,3.00
8.8924,-0.002710,0.024842,0.064529,-0.03,0,150.0,10.0,1.00,0.500,0.300,3.00
8.8974,-0.002754,0.024819,0.064510,-0.03,0,150.0,10.0,1.00,0.500,0.300,3.00
8.9026,-0.002798,0.024796,0.064491,-0.03,0,150.0,10.0,1.00,0.500,0.300,3.00
8.9076,-0.002843,0.024768,0.064487,-0.03,0,150.0,10.0,1.00,0.500,0.300,3.00
8.9126,-0.002888,0.024747,0.064486,-0.03,0,150.0,10.0,1.00,0.500,0.300,3.00
8.9178,-0.002937,0.024720,0.064494,-0.03,0,150.0,10.0,1.00,0.500,0.300,3.00
8.9229,-0.002985,0.024701,0.064505,-0.03,0,150.0,10.0,1.00,0.500,0.300,3.00
8.9281,-0.003039,0.024681,0.064520,-0.03,0,150.0,10.0,1.00,0.500,0.300,3.00
8.9331,-0.003090,0.024675,0.064532,-0.03,0,150.0,10.0,1.00,0.500,0.300,3.00
8.9381,-0.003139,0.024670,0.064550,-0.03,0,150.0,10.0,1.00,0.500,0.300,3.00
8.9435,-0.003196,0.024664,0.064565,-0.03,0,150.0,10.0,1.00,0.500,0.300,3.00
8.9483,-0.003239,0.024660,0.064580,-0.03,0,150.0,10.0,1.00,0.500,0.300,3.00
8.9536,-0.003282,0.024656,0.064594,-0.03,0,150.0,10.0,1.00,0.500,0.300,3.00
8.9586,-0.003322,0.024658,0.064600,-0.03,0,150.0,10.0,1.00,0.500,0.300,3.00
8.9639,-0.003354,0.024654,0.064606,-0.03,0,150.0,10.0,1.00,0.500,0.300,3.00
8.9689,-0.003392,0.024650,0.064616,-0.03,0,150.0,10.0,1.00,0.500,0.300,3.00
8.9738,-0.003429,0.024646,0.064626,-0.03,0,150.0,10.0,1.00,0.500,0.300,3.00
8.9792,-0.003451,0.024630,0.064635,-0.03,0,150.0,10.0,1.00,0.500,0.300,3.00
8.9841,-0.003473,0.024622,0.064648,-0.03,0,150.0,10.0,1.00,0.500,0.300,3.00
8.9891,-0.003488,0.024615,0.064664,-0.03,0,150.0,10.0,1.00,0.500,0.300,3.00
8.9941,-0.003500,0.024601,0.064684,-0.03,0,150.0,10.0,1.00,0.500,0.300,3.00
8.9993,-0.003509,0.024582,0.064707,-0.03,0,150.0,10.0,1.00,0.500,0.300,3.00
9.0044,-0.003525,0.024570,0.064738,-0.03,0,150.0,10.0,1.00,0.500,0.300,3.00
9.0094,-0.003538,0.024544,0.064769,-0.03,0,150.0,10.0,1.00,0.500,0.300,3.00
9.0147,-0.003548,0.024511,0.064804,-0.03,0,150.0,10.0,1.00,0.500,0.300,3.00
9.0196,-0.003559,0.024479,0.064838,-0.03,0,150.0,10.0,1.00,0.500,0.300,3.00
9.0246,-0.003570,0.024447,0.064873,-0.03,0,150.0,10.0,1.00,0.500,0.300,3.00
9.0299,-0.003578,0.024408,0.064911,-0.03,0,150.0,10.0,1.00,0.500,0.300,3.00
9.0348,-0.003590,0.024363,0.064957,-0.03,0,150.0,10.0,1.00,0.500,0.300,3.00
9.0399,-0.003604,0.024324,0.064999,-0.03,0,150.0,10.0,1.00,0.500,0.300,3.00
9.0451,-0.003623,0.024278,0.065042,-0.03,0,150.0,10.0,1.00,0.500,0.300,3.00
9.0501,-0.003645,0.024238,0.065081,-0.03,0,150.0,10.0,1.00,0.500,0.300,3.00
9.0551,-0.003669,0.024188,0.065109,-0.03,0,150.0,10.0,1.00,0.500,0.300,3.00
9.0601,-0.003698,0.024139,0.065141,-0.03,0,150.0,10.0,1.00,0.500,0.300,3.00
9.0651,-0.003735,0.024081,0.065166,-0.03,0,150.0,10.0,1.00,0.500,0.300,3.00
9.0704,-0.003782,0.024035,0.065188,-0.03,0,150.0,10.0,1.00,0.500,0.300,3.00
9.0754,-0.003832,0.023995,0.065206,-0.03,0,150.0,10.0,1.00,0.500,0.300,3.00
9.0807,-0.003889,0.023953,0.065221,-0.03,0,150.0,10.0,1.00,0.500,0.300,3.00
9.0856,-0.003948,0.023918,0.065233,-0.03,0,150.0,10.0,1.00,0.500,0.300,3.00
9.0906,-0.004016,0.023889,0.065245,-0.03,0,150.0,10.0,1.00,0.500,0.300,3.00
9.0958,-0.004085,0.023859,0.065249,-0.03,0,150.0,10.0,1.00,0.500,0.300,3.00
9.1009,-0.004151,0.023843,0.065249,-0.03,0,150.0,10.0,1.00,0.500,0.300,3.00
9.1061,-0.004225,0.023825,0.065246,-0.03,0,150.0,10.0,1.00,0.500,0.300,3.00
9.1111,-0.004285,0.023822,0.065231,-0.03,0,150.0,10.0,1.00,0.500,0.300,3.00
9.1161,-0.004347,0.023825,0.065212,-0.03,0,150.0,10.0,1.00,0.500,0.300,3.00
9.1211,-0.004395,0.023814,0.065185,-0.03,0,150.0,10.0,1.00,0.500,0.300,3.00
9.1261,-0.004441,0.023805,0.065165,-0.03,0,150.0,10.0,1.00,0.500,0.300,3.00
9.1314,-0.004487,0.023817,0.065138,-0.03,0,150.0,10.0,1.00,0.500,0.300,3.00
9.1364,-0.004522,0.023808,0.065110,-0.03,0,150.0,10.0,1.00,0.500,0.300,3.00
9.1414,-0.004559,0.023813,0.065083,-0.03,0,150.0,10.0,1.00,0.500,0.300,3.00
9.1467,-0.004594,0.023805,0.065055,-0.03,0,150.0,10.0,1.00,0.500,0.300,3.00
9.1516,-0.004627,0.023797,0.065034,-0.03,0,150.0,10.0,1.00,0.500,0.300,3.00
9.1566,-0.004660,0.023782,0.065010,-0.03,0,150.0,10.0,1.00,0.500,0.300,3.00
9.1616,-0.004694,0.023770,0.065005,-0.03,0,150.0,10.0,1.00,0.500,0.300,3.00
9.1668,-0.004728,0.023742,0.064992,-0.03,0,150.0,10.0,1.00,0.500,0.300,3.00
9.1719,-0.004760,0.023716,0.064986,-0.03,0,150.0,10.0,1.00,0.500,0.300,3.00
9.1771,-0.004787,0.023678,0.064988,-0.03,0,150.0,10.0,1.00,0.500,0.300,3.00
9.1821,-0.004812,0.023640,0.064997,-0.03,0,150.0,10.0,1.00,0.500,0.300,3.00
9.1871,-0.004837,0.023595,0.065002,-0.03,0,150.0,10.0,1.00,0.500,0.300,3.00
9.1921,-0.004858,0.023538,0.065015,-0.03,0,150.0,10.0,1.00,0.500,0.300,3.00
9.1974,-0.004875,0.023487,0.065020,-0.03,0,150.0,10.0,1.00,0.500,0.300,3.00
9.2024,-0.004893,0.023438,0.065043,-0.03,0,150.0,10.0,1.00,0.500,0.300,3.00
9.2076,-0.004914,0.023396,0.065063,-0.03,0,150.0,10.0,1.00,0.500,0.300,3.00
9.2126,-0.004929,0.023354,0.065079,-0.03,0,150.0,10.0,1.00,0.500,0.300,3.00
9.2179,-0.004948,0.023305,0.065103,-0.03,0,150.0,10.0,1.00,0.500,0.300,3.00
9.2229,-0.004966,0.023257,0.065126,-0.03,0,150.0,10.0,1.00,0.500,0.300,3.00
9.2281,-0.004992,0.023214,0.065150,-0.03,0,150.0,10.0,1.00,0.500,0.300,3.00
9.2331,-0.005015,0.023178,0.065166,-0.03,0,150.0,10.0,1.00,0.500,0.300,3.00
9.2381,-0.005038,0.023142,0.065183,-0.03,0,150.0,10.0,1.00,0.500,0.300,3.00
9.2431,-0.005064,0.023104,0.065192,-0.03,0,150.0,10.0,1.00,0.500,0.300,3.00
9.2484,-0.005085,0.023081,0.065197,-0.03,0,150.0,10.0,1.00,0.500,0.300,3.00
9.2534,-0.005110,0.023064,0.065198,-0.03,0,150.0,10.0,1.00,0.500,0.300,3.00
9.2587,-0.005132,0.023041,0.065203,-0.03,0,150.0,10.0,1.00,0.500,0.300,3.00
9.2636,-0.005156,0.023031,0.065208,-0.03,0,150.0,10.0,1.00,0.500,0.300,3.00
9.2686,-0.005172,0.023015,0.065212,-0.03,0,150.0,10.0,1.00,0.500,0.300,3.00
9.2736,-0.005189,0.022999,0.065217,-0.03,0,150.0,10.0,1.00,0.500,0.300,3.00
9.2788,-0.005203,0.022978,0.065225,-0.03,0,150.0,10.0,1.00,0.500,0.300,3.00
9.2839,-0.005223,0.022955,0.065237,-0.03,0,150.0,10.0,1.00,0.500,0.300,3.00
9.2888,-0.005237,0.022934,0.065246,-0.03,0,150.0,10.0,1.00,0.500,0.300,3.00
9.2941,-0.005257,0.022919,0.065262,-0.03,0,150.0,10.0,1.00,0.500,0.300,3.00
9.2991,-0.005275,0.022898,0.065281,-0.03,0,150.0,10.0,1.00,0.500,0.300,3.00
9.3041,-0.005290,0.022871,0.065304,-0.03,0,150.0,10.0,1.00,0.500,0.300,3.00
9.3091,-0.005300,0.022844,0.065323,-0.03,0,150.0,10.0,1.00,0.500,0.300,3.00
9.3144,-0.005315,0.022817,0.065347,-0.03,0,150.0,10.0,1.00,0.500,0.300,3.00
9.3193,-0.005325,0.022797,0.065369,-0.03,0,150.0,10.0,1.00,0.500,0.300,3.00
9.3243,-0.005335,0.022778,0.065392,-0.03,0,150.0,10.0,1.00,0.500,0.300,3.00
9.3296,-0.005353,0.022757,0.065412,-0.03,0,150.0,10.0,1.00,0.500,0.300,3.00
9.3346,-0.005371,0.022743,0.065435,-0.03,0,150.0,10.0,1.00,0.500,0.300,3.00
9.3399,-0.005391,0.022736,0.065455,-0.03,0,150.0,10.0,1.00,0.500,0.300,3.00
9.3448,-0.005409,0.022715,0.065474,-0.03,0,150.0,10.0,1.00,0.500,0.300,3.00
9.3498,-0.005423,0.022701,0.065486,-0.03,0,150.0,10.0,1.00,0.500,0.300,3.00
9.3552,-0.005448,0.022678,0.065502,-0.03,0,150.0,10.0,1.00,0.500,0.300,3.00
9.3601,-0.005470,0.022670,0.065514,-0.03,0,150.0,10.0,1.00,0.500,0.300,3.00
9.3651,-0.005496,0.022655,0.065534,-0.03,0,150.0,10.0,1.00,0.500,0.300,3.00
9.3701,-0.005527,0.022632,0.065554,-0.03,0,150.0,10.0,1.00,0.500,0.300,3.00
9.3754,-0.005554,0.022616,0.065566,-0.03,0,150.0,10.0,1.00,0.500,0.300,3.00
9.3804,-0.005585,0.022594,0.065586,-0.03,0,150.0,10.0,1.00,0.500,0.300,3.00
9.3854,-0.005618,0.022562,0.065595,-0.03,0,150.0,10.0,1.00,0.500,0.300,3.00
9.3906,-0.005649,0.022525,0.065608,-0.03,0,150.0,10.0,1.00,0.500,0.300,3.00
9.3956,-0.005682,0.022486,0.065613,-0.03,0,150.0,10.0,1.00,0.500,0.300,3.00
9.4006,-0.005713,0.022441,0.065622,-0.03,0,150.0,10.0,1.00,0.500,0.300,3.00
9.4058,-0.005749,0.022388,0.065631,-0.03,0,150.0,10.0,1.00,0.500,0.300,3.00
9.4109,-0.005780,0.022336,0.065637,-0.03,0,150.0,10.0,1.00,0.500,0.300,3.00
9.4161,-0.005811,0.022284,0.065642,-0.03,0,150.0,10.0,1.00,0.500,0.300,3.00
9.4211,-0.005842,0.022231,0.065647,-0.03,0,150.0,10.0,1.00,0.500,0.300,3.00
9.4261,-0.005873,0.022179,0.065652,-0.03,0,150.0,10.0,1.00,0.500,0.300,3.00
9.4311,-0.005906,0.022125,0.065650,-0.03,0,150.0,10.0,1.00,0.500,0.300,3.00
9.4361,-0.005931,0.022073,0.065651,-0.03,0,150.0,10.0,1.00,0.500,0.300,3.00
9.4413,-0.005964,0.022012,0.065646,-0.03,0,150.0,10.0,1.00,0.500,0.300,3.00
9.4464,-0.005995,0.021945,0.065643,-0.03,0,150.0,10.0,1.00,0.500,0.300,3.00
9.4513,-0.006032,0.021878,0.065645,-0.03,0,150.0,10.0,1.00,0.500,0.300,3.00
9.4566,-0.006074,0.021810,0.065651,-0.03,0,150.0,10.0,1.00,0.500,0.300,3.00
9.4616,-0.006105,0.021736,0.065645,-0.03,0,150.0,10.0,1.00,0.500,0.300,3.00
9.4666,-0.006130,0.021662,0.065635,-0.03,0,150.0,10.0,1.00,0.500,0.300,3.00
9.4719,-0.006153,0.021581,0.065629,-0.03,0,150.0,10.0,1.00,0.500,0.300,3.00
9.4768,-0.006177,0.021501,0.065622,-0.03,0,150.0,10.0,1.00,0.500,0.300,3.00
9.4818,-0.006195,0.021420,0.065612,-0.03,0,150.0,10.0,1.00,0.500,0.300,3.00
9.4871,-0.006207,0.021326,0.065591,-0.03,0,150.0,10.0,1.00,0.500,0.300,3.00
9.4921,-0.006217,0.021238,0.065562,-0.03,0,150.0,10.0,1.00,0.500,0.300,3.00
9.4971,-0.006224,0.021151,0.065540,-0.03,0,150.0,10.0,1.00,0.500,0.300,3.00
9.5021,-0.006223,0.021058,0.065518,-0.03,0,150.0,10.0,1.00,0.500,0.300,3.00
9.5074,-0.006215,0.020951,0.065492,-0.03,0,150.0,10.0,1.00,0.500,0.300,3.00
9.5124,-0.006213,0.020845,0.065470,-0.03,0,150.0,10.0,1.00,0.500,0.300,3.00
9.5173,-0.006203,0.020732,0.065448,-0.03,0,150.0,10.0,1.00,0.500,0.300,3.00
9.5226,-0.006186,0.020599,0.065418,-0.03,0,150.0,10.0,1.00,0.500,0.300,3.00
9.5276,-0.006174,0.020472,0.065396,-0.03,0,150.0,10.0,1.00,0.500,0.300,3.00
9.5326,-0.006157,0.020332,0.065362,-0.03,0,150.0,10.0,1.00,0.500,0.300,3.00
9.5378,-0.006138,0.020170,0.065325,-0.03,0,150.0,10.0,1.00,0.500,0.300,3.00
9.5428,-0.006120,0.020023,0.065295,-0.03,0,150.0,10.0,1.00,0.500,0.300,3.00
9.5481,-0.006097,0.019849,0.065265,-0.03,0,150.0,10.0,1.00,0.500,0.300,3.00
9.5531,-0.006070,0.019682,0.065235,-0.03,0,150.0,10.0,1.00,0.500,0.300,3.00
9.5581,-0.006040,0.019502,0.065205,-0.03,0,150.0,10.0,1.00,0.500,0.300,3.00
9.5631,-0.006003,0.019323,0.065178,-0.03,0,150.0,10.0,1.00,0.500,0.300,3.00
9.5684,-0.005966,0.019144,0.065151,-0.03,0,150.0,10.0,1.00,0.500,0.300,3.00
9.5734,-0.005930,0.018958,0.065121,-0.03,0,150.0,10.0,1.00,0.500,0.300,3.00
9.5787,-0.005892,0.018765,0.065094,-0.03,0,150.0,10.0,1.00,0.500,0.300,3.00
9.5836,-0.005854,0.018565,0.065063,-0.03,0,150.0,10.0,1.00,0.500,0.300,3.00
9.5889,-0.005818,0.018352,0.065044,-0.03,0,150.0,10.0,1.00,0.500,0.300,3.00
9.5939,-0.005777,0.018140,0.065021,-0.03,0,150.0,10.0,1.00,0.500,0.300,3.00
9.5991,-0.005740,0.017906,0.064998,-0.03,0,150.0,10.0,1.00,0.500,0.300,3.00
9.6041,-0.005696,0.017666,0.064974,-0.03,0,150.0,10.0,1.00,0.500,0.300,3.00
9.6091,-0.005651,0.017412,0.064951,-0.03,0,150.0,10.0,1.00,0.500,0.300,3.00
9.6141,-0.005603,0.017164,0.064920,-0.03,0,150.0,10.0,1.00,0.500,0.300,3.00
9.6194,-0.005544,0.016872,0.064907,-0.03,0,150.0,10.0,1.00,0.500,0.300,3.00
9.6243,-0.005490,0.016605,0.064887,-0.03,0,150.0,10.0,1.00,0.500,0.300,3.00
9.6294,-0.005434,0.016345,0.064860,-0.03,0,150.0,10.0,1.00,0.500,0.300,3.00
9.6346,-0.005373,0.016058,0.064839,-0.03,0,150.0,10.0,1.00,0.500,0.300,3.00
9.6396,-0.005316,0.015799,0.064819,-0.03,0,150.0,10.0,1.00,0.500,0.300,3.00
9.6446,-0.005245,0.015528,0.064817,-0.03,0,150.0,10.0,1.00,0.500,0.300,3.00
9.6498,-0.005177,0.015250,0.064804,-0.03,0,150.0,10.0,1.00,0.500,0.300,3.00
9.6548,-0.005109,0.014994,0.064820,-0.03,0,150.0,10.0,1.00,0.500,0.300,3.00
9.6601,-0.005040,0.014696,0.064829,-0.03,0,150.0,10.0,1.00,0.500,0.300,3.00
9.6651,-0.004982,0.014439,0.064843,-0.03,0,150.0,10.0,1.00,0.500,0.300,3.00
9.6701,-0.004925,0.014168,0.064867,-0.03,0,150.0,10.0,1.00,0.500,0.300,3.00
9.6751,-0.004866,0.013897,0.064880,-0.03,0,150.0,10.0,1.00,0.500,0.300,3.00
9.6803,-0.004807,0.013613,0.064912,-0.03,0,150.0,10.0,1.00,0.500,0.300,3.00
9.6853,-0.004752,0.013349,0.064940,-0.03,0,150.0,10.0,1.00,0.500,0.300,3.00
9.6904,-0.004694,0.013072,0.064976,-0.03,0,150.0,10.0,1.00,0.500,0.300,3.00
9.6956,-0.004636,0.012807,0.064993,-0.03,0,150.0,10.0,1.00,0.500,0.300,3.00
9.7006,-0.004594,0.012576,0.065014,-0.03,0,150.0,10.0,1.00,0.500,0.300,3.00
9.7056,-0.004546,0.012331,0.065031,-0.03,0,150.0,10.0,1.00,0.500,0.300,3.00
9.7109,-0.004494,0.012079,0.065059,-0.03,0,150.0,10.0,1.00,0.500,0.300,3.00
9.7159,-0.004447,0.011841,0.065080,-0.03,0,150.0,10.0,1.00,0.500,0.300,3.00
9.7208,-0.004403,0.011603,0.065113,-0.03,0,150.0,10.0,1.00,0.500,0.300,3.00
9.7261,-0.004348,0.011345,0.065152,-0.03,0,150.0,10.0,1.00,0.500,0.300,3.00
9.7311,-0.004308,0.011120,0.065177,-0.03,0,150.0,10.0,1.00,0.500,0.300,3.00
9.7361,-0.004270,0.010909,0.065202,-0.03,0,150.0,10.0,1.00,0.500,0.300,3.00
9.7411,-0.004234,0.010705,0.065242,-0.03,0,150.0,10.0,1.00,0.500,0.300,3.00
9.7464,-0.004193,0.010501,0.065278,-0.03,0,150.0,10.0,1.00,0.500,0.300,3.00
9.7514,-0.004152,0.010311,0.065321,-0.03,0,150.0,10.0,1.00,0.500,0.300,3.00
9.7564,-0.004117,0.010128,0.065365,-0.03,0,150.0,10.0,1.00,0.500,0.300,3.00
9.7614,-0.004082,0.009937,0.065413,-0.03,0,150.0,10.0,1.00,0.500,0.300,3.00
9.7666,-0.004058,0.009740,0.065464,-0.03,0,150.0,10.0,1.00,0.500,0.300,3.00
9.7717,-0.004033,0.009569,0.065505,-0.03,0,150.0,10.0,1.00,0.500,0.300,3.00
9.7769,-0.004021,0.009391,0.065549,-0.03,0,150.0,10.0,1.00,0.500,0.300,3.00
9.7819,-0.004014,0.009212,0.065598,-0.03,0,150.0,10.0,1.00,0.500,0.300,3.00
9.7868,-0.004005,0.009048,0.065635,-0.03,0,150.0,10.0,1.00,0.500,0.300,3.00
9.7922,-0.004004,0.008876,0.065692,-0.03,0,150.0,10.0,1.00,0.500,0.300,3.00
9.7971,-0.003998,0.008711,0.065740,-0.03,0,150.0,10.0,1.00,0.500,0.300,3.00
9.8022,-0.003998,0.008554,0.065797,-0.03,0,150.0,10.0,1.00,0.500,0.300,3.00
9.8071,-0.003991,0.008396,0.065857,-0.03,0,150.0,10.0,1.00,0.500,0.300,3.00
9.8124,-0.003982,0.008225,0.065916,-0.03,0,150.0,10.0,1.00,0.500,0.300,3.00
9.8173,-0.003982,0.008074,0.065976,-0.03,0,150.0,10.0,1.00,0.500,0.300,3.00
9.8223,-0.003975,0.007930,0.066036,-0.03,0,150.0,10.0,1.00,0.500,0.300,3.00
9.8277,-0.003975,0.007752,0.066115,-0.03,0,150.0,10.0,1.00,0.500,0.300,3.00
9.8326,-0.003976,0.007588,0.066194,-0.03,0,150.0,10.0,1.00,0.500,0.300,3.00
9.8376,-0.003975,0.007417,0.066276,-0.03,0,150.0,10.0,1.00,0.500,0.300,3.00
9.8428,-0.003988,0.007239,0.066381,-0.03,0,150.0,10.0,1.00,0.500,0.300,3.00
9.8478,-0.004002,0.007053,0.066483,-0.03,0,150.0,10.0,1.00,0.500,0.300,3.00
9.8531,-0.004018,0.006861,0.066599,-0.03,0,150.0,10.0,1.00,0.500,0.300,3.00
9.8581,-0.004033,0.006703,0.066701,-0.03,0,150.0,10.0,1.00,0.500,0.300,3.00
9.8634,-0.004047,0.006532,0.066810,-0.03,0,150.0,10.0,1.00,0.500,0.300,3.00
9.8683,-0.004063,0.006373,0.066911,-0.03,0,150.0,10.0,1.00,0.500,0.300,3.00
9.8734,-0.004070,0.006209,0.067020,-0.03,0,150.0,10.0,1.00,0.500,0.300,3.00
9.8786,-0.004064,0.006044,0.067128,-0.03,0,150.0,10.0,1.00,0.500,0.300,3.00
9.8839,-0.004060,0.005872,0.067232,-0.03,0,150.0,10.0,1.00,0.500,0.300,3.00
9.8888,-0.004049,0.005708,0.067336,-0.03,0,150.0,10.0,1.00,0.500,0.300,3.00
9.8939,-0.004043,0.005556,0.067425,-0.03,0,150.0,10.0,1.00,0.500,0.300,3.00
9.8992,-0.004044,0.005391,0.067537,-0.03,0,150.0,10.0,1.00,0.500,0.300,3.00
9.9041,-0.004042,0.005225,0.067637,-0.03,0,150.0,10.0,1.00,0.500,0.300,3.00
9.9091,-0.004046,0.005059,0.067742,-0.03,0,150.0,10.0,1.00,0.500,0.300,3.00
9.9141,-0.004049,0.004893,0.067846,-0.03,0,150.0,10.0,1.00,0.500,0.300,3.00
9.9194,-0.004050,0.004720,0.067961,-0.03,0,150.0,10.0,1.00,0.500,0.300,3.00
9.9244,-0.004044,0.004540,0.068076,-0.03,0,150.0,10.0,1.00,0.500,0.300,3.00
9.9293,-0.004041,0.004380,0.068188,-0.03,0,150.0,10.0,1.00,0.500,0.300,3.00
9.9346,-0.004032,0.004179,0.068313,-0.03,0,150.0,10.0,1.00,0.500,0.300,3.00
9.9396,-0.004013,0.003998,0.068428,-0.03,0,150.0,10.0,1.00,0.500,0.300,3.00
9.9446,-0.004002,0.003824,0.068542,-0.03,0,150.0,10.0,1.00,0.500,0.300,3.00
9.9499,-0.003981,0.003643,0.068646,-0.03,0,150.0,10.0,1.00,0.500,0.300,3.00
9.9548,-0.003962,0.003483,0.068745,-0.03,0,150.0,10.0,1.00,0.500,0.300,3.00
9.9601,-0.003944,0.003329,0.068841,-0.03,0,150.0,10.0,1.00,0.500,0.300,3.00
9.9651,-0.003919,0.003168,0.068936,-0.03,0,150.0,10.0,1.00,0.500,0.300,3.00
9.9701,-0.003899,0.003008,0.069043,-0.03,0,150.0,10.0,1.00,0.500,0.300,3.00
9.9751,-0.003875,0.002846,0.069138,-0.03,0,150.0,10.0,1.00,0.500,0.300,3.00
9.9804,-0.003845,0.002685,0.069230,-0.03,0,150.0,10.0,1.00,0.500,0.300,3.00
9.9853,-0.003823,0.002516,0.069321,-0.03,0,150.0,10.0,1.00,0.500,0.300,3.00
9.9903,-0.003798,0.002375,0.069402,-0.03,0,150.0,10.0,1.00,0.500,0.300,3.00
9.9953,-0.003774,0.002234,0.069475,-0.03,0,150.0,10.0,1.00,0.500,0.300,3.00
10.0006,-0.003753,0.002065,0.069566,-0.03,0,150.0,10.0,1.00,0.500,0.300,3.00
10.0056,-0.003732,0.001902,0.069654,-0.03,0,150.0,10.0,1.00,0.500,0.300,3.00
10.0106,-0.003705,0.001732,0.069742,-0.03,0,150.0,10.0,1.00,0.500,0.300,3.00
10.0158,-0.003682,0.001548,0.069841,-0.03,0,150.0,10.0,1.00,0.500,0.300,3.00
10.0208,-0.003654,0.001364,0.069936,-0.03,0,150.0,10.0,1.00,0.500,0.300,3.00
10.0261,-0.003625,0.001179,0.070031,-0.03,0,150.0,10.0,1.00,0.500,0.300,3.00
10.0311,-0.003601,0.001015,0.070115,-0.03,0,150.0,10.0,1.00,0.500,0.300,3.00
10.0361,-0.003569,0.000844,0.070198,-0.03,0,150.0,10.0,1.00,0.500,0.300,3.00
10.0411,-0.003544,0.000659,0.070286,-0.03,0,150.0,10.0,1.00,0.500,0.300,3.00
10.0464,-0.003505,0.000473,0.070373,-0.03,0,150.0,10.0,1.00,0.500,0.300,3.00
10.0513,-0.003473,0.000272,0.070464,-0.03,0,150.0,10.0,1.00,0.500,0.300,3.00
10.0564,-0.003441,0.000086,0.070554,-0.03,0,150.0,10.0,1.00,0.500,0.300,3.00
10.0616,-0.003409,-0.000115,0.070645,-0.03,0,150.0,10.0,1.00,0.500,0.300,3.00
10.0666,-0.003377,-0.000316,0.070736,-0.03,0,150.0,10.0,1.00,0.500,0.300,3.00
10.0716,-0.003346,-0.000518,0.070827,-0.03,0,150.0,10.0,1.00,0.500,0.300,3.00
10.0768,-0.003321,-0.000741,0.070925,-0.03,0,150.0,10.0,1.00,0.500,0.300,3.00
10.0819,-0.003295,-0.000965,0.071023,-0.03,0,150.0,10.0,1.00,0.500,0.300,3.00
10.0869,-0.003273,-0.001181,0.071110,-0.03,0,150.0,10.0,1.00,0.500,0.300,3.00
10.0921,-0.003252,-0.001413,0.071197,-0.03,0,150.0,10.0,1.00,0.500,0.300,3.00
10.0971,-0.003230,-0.001644,0.071284,-0.03,0,150.0,10.0,1.00,0.500,0.300,3.00
10.1021,-0.003209,-0.001869,0.071375,-0.03,0,150.0,10.0,1.00,0.500,0.300,3.00
10.1071,-0.003184,-0.002094,0.071455,-0.03,0,150.0,10.0,1.00,0.500,0.300,3.00
10.1121,-0.003156,-0.002313,0.071545,-0.03,0,150.0,10.0,1.00,0.500,0.300,3.00
10.1173,-0.003118,-0.002538,0.071624,-0.03,0,150.0,10.0,1.00,0.500,0.300,3.00
10.1223,-0.003079,-0.002750,0.071710,-0.03,0,150.0,10.0,1.00,0.500,0.300,3.00
10.1276,-0.003030,-0.002977,0.071807,-0.03,0,150.0,10.0,1.00,0.500,0.300,3.00
10.1326,-0.002985,-0.003189,0.071889,-0.03,0,150.0,10.0,1.00,0.500,0.300,3.00
10.1376,-0.002940,-0.003380,0.071975,-0.03,0,150.0,10.0,1.00,0.500,0.300,3.00
10.1428,-0.002894,-0.003594,0.072064,-0.03,0,150.0,10.0,1.00,0.500,0.300,3.00
10.1478,-0.002856,-0.003770,0.072147,-0.03,0,150.0,10.0,1.00,0.500,0.300,3.00
10.1528,-0.002811,-0.003970,0.072236,-0.03,0,150.0,10.0,1.00,0.500,0.300,3.00
10.1582,-0.002771,-0.004177,0.072333,-0.03,0,150.0,10.0,1.00,0.500,0.300,3.00
10.1631,-0.002720,-0.004362,0.072418,-0.03,0,150.0,10.0,1.00,0.500,0.300,3.00
10.1684,-0.002677,-0.004569,0.072503,-0.03,0,150.0,10.0,1.00,0.500,0.300,3.00
10.1733,-0.002628,-0.004755,0.072581,-0.03,0,150.0,10.0,1.00,0.500,0.300,3.00
10.1783,-0.002585,-0.004933,0.072641,-0.03,0,150.0,10.0,1.00,0.500,0.300,3.00
10.1836,-0.002533,-0.005119,0.072708,-0.03,0,150.0,10.0,1.00,0.500,0.300,3.00
10.1886,-0.002489,-0.005305,0.072771,-0.03,0,150.0,10.0,1.00,0.500,0.300,3.00
10.1936,-0.002434,-0.005491,0.072826,-0.03,0,150.0,10.0,1.00,0.500,0.300,3.00
10.1988,-0.002366,-0.005685,0.072878,-0.03,0,150.0,10.0,1.00,0.500,0.300,3.00
10.2039,-0.002294,-0.005872,0.072921,-0.03,0,150.0,10.0,1.00,0.500,0.300,3.00
10.2092,-0.002226,-0.006059,0.072976,-0.03,0,150.0,10.0,1.00,0.500,0.300,3.00
10.2141,-0.002167,-0.006239,0.073024,-0.03,0,150.0,10.0,1.00,0.500,0.300,3.00
10.2191,-0.002113,-0.006426,0.073079,-0.03,0,150.0,10.0,1.00,0.500,0.300,3.00
10.2241,-0.002065,-0.006614,0.073138,-0.03,0,150.0,10.0,1.00,0.500,0.300,3.00
10.2294,-0.002022,-0.006794,0.073205,-0.03,0,150.0,10.0,1.00,0.500,0.300,3.00
10.2343,-0.001983,-0.006960,0.073257,-0.03,0,150.0,10.0,1.00,0.500,0.300,3.00
10.2394,-0.001948,-0.007118,0.073316,-0.03,0,150.0,10.0,1.00,0.500,0.300,3.00
10.2446,-0.001913,-0.007247,0.073369,-0.03,0,150.0,10.0,1.00,0.500,0.300,3.00
10.2496,-0.001876,-0.007368,0.073406,-0.03,0,150.0,10.0,1.00,0.500,0.300,3.00
10.2546,-0.001844,-0.007489,0.073448,-0.03,0,150.0,10.0,1.00,0.500,0.300,3.00
10.2598,-0.001813,-0.007602,0.073486,-0.03,0,150.0,10.0,1.00,0.500,0.300,3.00
10.2648,-0.001788,-0.007708,0.073524,-0.03,0,150.0,10.0,1.00,0.500,0.300,3.00
10.2701,-0.001765,-0.007822,0.073559,-0.03,0,150.0,10.0,1.00,0.500,0.300,3.00
10.2751,-0.001747,-0.007920,0.073598,-0.03,0,150.0,10.0,1.00,0.500,0.300,3.00
10.2801,-0.001722,-0.008026,0.073636,-0.03,0,150.0,10.0,1.00,0.500,0.300,3.00
10.2851,-0.001705,-0.008140,0.073675,-0.03,0,150.0,10.0,1.00,0.500,0.300,3.00
10.2904,-0.001686,-0.008283,0.073728,-0.03,0,150.0,10.0,1.00,0.500,0.300,3.00
10.2954,-0.001676,-0.008419,0.073774,-0.03,0,150.0,10.0,1.00,0.500,0.300,3.00
10.3004,-0.001664,-0.008556,0.073827,-0.03,0,150.0,10.0,1.00,0.500,0.300,3.00
10.3056,-0.001652,-0.008714,0.073884,-0.03,0,150.0,10.0,1.00,0.500,0.300,3.00
10.3106,-0.001636,-0.008888,0.073936,-0.03,0,150.0,10.0,1.00,0.500,0.300,3.00
10.3156,-0.001624,-0.009063,0.074000,-0.03,0,150.0,10.0,1.00,0.500,0.300,3.00
10.3209,-0.001601,-0.009260,0.074060,-0.03,0,150.0,10.0,1.00,0.500,0.300,3.00
10.3259,-0.001579,-0.009449,0.074115,-0.03,0,150.0,10.0,1.00,0.500,0.300,3.00
10.3311,-0.001550,-0.009662,0.074178,-0.03,0,150.0,10.0,1.00,0.500,0.300,3.00
10.3361,-0.001524,-0.009859,0.074226,-0.03,0,150.0,10.0,1.00,0.500,0.300,3.00
10.3411,-0.001504,-0.010034,0.074275,-0.03,0,150.0,10.0,1.00,0.500,0.300,3.00
10.3464,-0.001473,-0.010254,0.074323,-0.03,0,150.0,10.0,1.00,0.500,0.300,3.00
10.3513,-0.001449,-0.010474,0.074374,-0.03,0,150.0,10.0,1.00,0.500,0.300,3.00
10.3564,-0.001418,-0.010687,0.074426,-0.03,0,150.0,10.0,1.00,0.500,0.300,3.00
10.3617,-0.001384,-0.010915,0.074466,-0.03,0,150.0,10.0,1.00,0.500,0.300,3.00
10.3666,-0.001359,-0.011136,0.074524,-0.03,0,150.0,10.0,1.00,0.500,0.300,3.00
10.3716,-0.001331,-0.011342,0.074565,-0.03,0,150.0,10.0,1.00,0.500,0.300,3.00
10.3766,-0.001310,-0.011532,0.074602,-0.03,0,150.0,10.0,1.00,0.500,0.300,3.00
10.3818,-0.001292,-0.011731,0.074654,-0.03,0,150.0,10.0,1.00,0.500,0.300,3.00
10.3869,-0.001282,-0.011922,0.074706,-0.03,0,150.0,10.0,1.00,0.500,0.300,3.00
10.3919,-0.001277,-0.012113,0.074762,-0.03,0,150.0,10.0,1.00,0.500,0.300,3.00
10.3968,-0.001273,-0.012312,0.074822,-0.03,0,150.0,10.0,1.00,0.500,0.300,3.00
10.4022,-0.001280,-0.012526,0.074896,-0.03,0,150.0,10.0,1.00,0.500,0.300,3.00
10.4071,-0.001285,-0.012747,0.074956,-0.03,0,150.0,10.0,1.00,0.500,0.300,3.00
10.4121,-0.001297,-0.012945,0.075009,-0.03,0,150.0,10.0,1.00,0.500,0.300,3.00
10.4174,-0.001316,-0.013181,0.075077,-0.03,0,150.0,10.0,1.00,0.500,0.300,3.00
10.4223,-0.001329,-0.013387,0.075134,-0.03,0,150.0,10.0,1.00,0.500,0.300,3.00
10.4274,-0.001345,-0.013607,0.075183,-0.03,0,150.0,10.0,1.00,0.500,0.300,3.00
10.4326,-0.001355,-0.013827,0.075228,-0.03,0,150.0,10.0,1.00,0.500,0.300,3.00
10.4376,-0.001368,-0.014047,0.075267,-0.03,0,150.0,10.0,1.00,0.500,0.300,3.00
10.4428,-0.001370,-0.014274,0.075294,-0.03,0,150.0,10.0,1.00,0.500,0.300,3.00
10.4478,-0.001374,-0.014493,0.075310,-0.03,0,150.0,10.0,1.00,0.500,0.300,3.00
10.4528,-0.001377,-0.014702,0.075305,-0.03,0,150.0,10.0,1.00,0.500,0.300,3.00
10.4581,-0.001379,-0.014927,0.075306,-0.03,0,150.0,10.0,1.00,0.500,0.300,3.00
10.4631,-0.001374,-0.015151,0.075286,-0.03,0,150.0,10.0,1.00,0.500,0.300,3.00
10.4681,-0.001372,-0.015368,0.075273,-0.03,0,150.0,10.0,1.00,0.500,0.300,3.00
10.4731,-0.001358,-0.015569,0.075252,-0.03,0,150.0,10.0,1.00,0.500,0.300,3.00
10.4783,-0.001350,-0.015779,0.075239,-0.03,0,150.0,10.0,1.00,0.500,0.300,3.00
10.4833,-0.001335,-0.015974,0.075221,-0.03,0,150.0,10.0,1.00,0.500,0.300,3.00
10.4884,-0.001318,-0.016169,0.075211,-0.03,0,150.0,10.0,1.00,0.500,0.300,3.00
10.4936,-0.001309,-0.016380,0.075205,-0.03,0,150.0,10.0,1.00,0.500,0.300,3.00
10.4986,-0.001305,-0.016575,0.075202,-0.03,0,150.0,10.0,1.00,0.500,0.300,3.00
10.5036,-0.001305,-0.016777,0.075189,-0.03,0,150.0,10.0,1.00,0.500,0.300,3.00
10.5088,-0.001300,-0.016985,0.075169,-0.03,0,150.0,10.0,1.00,0.500,0.300,3.00
10.5138,-0.001292,-0.017188,0.075159,-0.03,0,150.0,10.0,1.00,0.500,0.300,3.00
10.5189,-0.001286,-0.017410,0.075127,-0.03,0,150.0,10.0,1.00,0.500,0.300,3.00
10.5242,-0.001282,-0.017632,0.075089,-0.03,0,150.0,10.0,1.00,0.500,0.300,3.00
10.5291,-0.001273,-0.017853,0.075039,-0.03,0,150.0,10.0,1.00,0.500,0.300,3.00
10.5341,-0.001267,-0.018073,0.074982,-0.03,0,150.0,10.0,1.00,0.500,0.300,3.00
10.5394,-0.001253,-0.018294,0.074928,-0.03,0,150.0,10.0,1.00,0.500,0.300,3.00
10.5443,-0.001235,-0.018506,0.074860,-0.03,0,150.0,10.0,1.00,0.500,0.300,3.00
10.5493,-0.001218,-0.018725,0.074795,-0.03,0,150.0,10.0,1.00,0.500,0.300,3.00
10.5546,-0.001200,-0.018975,0.074726,-0.03,0,150.0,10.0,1.00,0.500,0.300,3.00
10.5596,-0.001189,-0.019215,0.074650,-0.03,0,150.0,10.0,1.00,0.500,0.300,3.00
10.5649,-0.001184,-0.019463,0.074582,-0.03,0,150.0,10.0,1.00,0.500,0.300,3.00
10.5699,-0.001178,-0.019688,0.074510,-0.03,0,150.0,10.0,1.00,0.500,0.300,3.00
10.5752,-0.001172,-0.019904,0.074435,-0.03,0,150.0,10.0,1.00,0.500,0.300,3.00
10.5801,-0.001163,-0.020107,0.074367,-0.03,0,150.0,10.0,1.00,0.500,0.300,3.00
10.5851,-0.001154,-0.020318,0.074302,-0.03,0,150.0,10.0,1.00,0.500,0.300,3.00
10.5901,-0.001145,-0.020513,0.074231,-0.03,0,150.0,10.0,1.00,0.500,0.300,3.00
10.5954,-0.001132,-0.020707,0.074148,-0.03,0,150.0,10.0,1.00,0.500,0.300,3.00
10.6004,-0.001115,-0.020907,0.074057,-0.03,0,150.0,10.0,1.00,0.500,0.300,3.00
10.6054,-0.001097,-0.021101,0.073971,-0.03,0,150.0,10.0,1.00,0.500,0.300,3.00
10.6106,-0.001089,-0.021316,0.073884,-0.03,0,150.0,10.0,1.00,0.500,0.300,3.00
10.6156,-0.001077,-0.021509,0.073801,-0.03,0,150.0,10.0,1.00,0.500,0.300,3.00
10.6208,-0.001065,-0.021694,0.073715,-0.03,0,150.0,10.0,1.00,0.500,0.300,3.00
10.6258,-0.001053,-0.021871,0.073625,-0.03,0,150.0,10.0,1.00,0.500,0.300,3.00
10.6312,-0.001042,-0.022056,0.073538,-0.03,0,150.0,10.0,1.00,0.500,0.300,3.00
10.6361,-0.001021,-0.022227,0.073455,-0.03,0,150.0,10.0,1.00,0.500,0.300,3.00
10.6414,-0.000989,-0.022398,0.073363,-0.03,0,150.0,10.0,1.00,0.500,0.300,3.00
10.6463,-0.000951,-0.022557,0.073286,-0.03,0,150.0,10.0,1.00,0.500,0.300,3.00
10.6517,-0.000922,-0.022722,0.073209,-0.03,0,150.0,10.0,1.00,0.500,0.300,3.00
10.6566,-0.000900,-0.022874,0.073147,-0.03,0,150.0,10.0,1.00,0.500,0.300,3.00
10.6616,-0.000884,-0.023033,0.073093,-0.03,0,150.0,10.0,1.00,0.500,0.300,3.00
10.6668,-0.000872,-0.023194,0.073057,-0.03,0,150.0,10.0,1.00,0.500,0.300,3.00
10.6718,-0.000869,-0.023369,0.073018,-0.03,0,150.0,10.0,1.00,0.500,0.300,3.00
10.6768,-0.000863,-0.023522,0.072983,-0.03,0,150.0,10.0,1.00,0.500,0.300,3.00
10.6822,-0.000859,-0.023697,0.072951,-0.03,0,150.0,10.0,1.00,0.500,0.300,3.00
10.6871,-0.000860,-0.023874,0.072930,-0.03,0,150.0,10.0,1.00,0.500,0.300,3.00
10.6924,-0.000855,-0.024059,0.072908,-0.03,0,150.0,10.0,1.00,0.500,0.300,3.00
10.6974,-0.000855,-0.024249,0.072876,-0.03,0,150.0,10.0,1.00,0.500,0.300,3.00
10.7024,-0.000853,-0.024440,0.072851,-0.03,0,150.0,10.0,1.00,0.500,0.300,3.00
10.7073,-0.000854,-0.024638,0.072823,-0.03,0,150.0,10.0,1.00,0.500,0.300,3.00
10.7126,-0.000856,-0.024872,0.072787,-0.03,0,150.0,10.0,1.00,0.500,0.300,3.00
10.7176,-0.000845,-0.025092,0.072742,-0.03,0,150.0,10.0,1.00,0.500,0.300,3.00
10.7228,-0.000822,-0.025320,0.072693,-0.03,0,150.0,10.0,1.00,0.500,0.300,3.00
10.7278,-0.000792,-0.025541,0.072644,-0.03,0,150.0,10.0,1.00,0.500,0.300,3.00
10.7328,-0.000751,-0.025762,0.072586,-0.03,0,150.0,10.0,1.00,0.500,0.300,3.00
10.7381,-0.000685,-0.025969,0.072505,-0.03,0,150.0,10.0,1.00,0.500,0.300,3.00
10.7431,-0.000616,-0.026170,0.072434,-0.03,0,150.0,10.0,1.00,0.500,0.300,3.00
10.7481,-0.000560,-0.026386,0.072379,-0.03,0,150.0,10.0,1.00,0.500,0.300,3.00
10.7531,-0.000505,-0.026581,0.072331,-0.03,0,150.0,10.0,1.00,0.500,0.300,3.00
10.7584,-0.000432,-0.026823,0.072281,-0.03,0,150.0,10.0,1.00,0.500,0.300,3.00
10.7634,-0.000353,-0.027045,0.072241,-0.03,0,150.0,10.0,1.00,0.500,0.300,3.00
10.7683,-0.000290,-0.027290,0.072213,-0.03,0,150.0,10.0,1.00,0.500,0.300,3.00
10.7736,-0.000212,-0.027575,0.072190,-0.03,0,150.0,10.0,1.00,0.500,0.300,3.00
10.7786,-0.000159,-0.027820,0.072177,-0.03,0,150.0,10.0,1.00,0.500,0.300,3.00
10.7836,-0.000071,-0.028051,0.072132,-0.03,0,150.0,10.0,1.00,0.500,0.300,3.00
10.7888,0.000019,-0.028313,0.072089,-0.03,0,150.0,10.0,1.00,0.500,0.300,3.00
10.7939,0.000105,-0.028568,0.072055,-0.03,0,150.0,10.0,1.00,0.500,0.300,3.00
10.7992,0.000204,-0.028846,0.072011,-0.03,0,150.0,10.0,1.00,0.500,0.300,3.00
10.8041,0.000306,-0.029131,0.071959,-0.03,0,150.0,10.0,1.00,0.500,0.300,3.00
10.8091,0.000397,-0.029439,0.071915,-0.03,0,150.0,10.0,1.00,0.500,0.300,3.00
10.8144,0.000485,-0.029743,0.071856,-0.03,0,150.0,10.0,1.00,0.500,0.300,3.00
10.8194,0.000591,-0.030062,0.071773,-0.03,0,150.0,10.0,1.00,0.500,0.300,3.00
10.8244,0.000687,-0.030387,0.071691,-0.03,0,150.0,10.0,1.00,0.500,0.300,3.00
10.8296,0.000802,-0.030735,0.071595,-0.03,0,150.0,10.0,1.00,0.500,0.300,3.00
10.8346,0.000909,-0.031082,0.071496,-0.03,0,150.0,10.0,1.00,0.500,0.300,3.00
10.8396,0.001000,-0.031443,0.071405,-0.03,0,150.0,10.0,1.00,0.500,0.300,3.00
10.8448,0.001101,-0.031786,0.071291,-0.03,0,150.0,10.0,1.00,0.500,0.300,3.00
10.8498,0.001201,-0.032138,0.071180,-0.03,0,150.0,10.0,1.00,0.500,0.300,3.00
10.8548,0.001286,-0.032495,0.071075,-0.03,0,150.0,10.0,1.00,0.500,0.300,3.00
10.8601,0.001372,-0.032902,0.070945,-0.03,0,150.0,10.0,1.00,0.500,0.300,3.00
10.8651,0.001437,-0.033314,0.070825,-0.03,0,150.0,10.0,1.00,0.500,0.300,3.00
10.8701,0.001502,-0.033731,0.070690,-0.03,0,150.0,10.0,1.00,0.500,0.300,3.00
10.8751,0.001589,-0.034118,0.070534,-0.03,0,150.0,10.0,1.00,0.500,0.300,3.00
10.8803,0.001667,-0.034541,0.070382,-0.03,0,150.0,10.0,1.00,0.500,0.300,3.00
10.8854,0.001751,-0.034945,0.070240,-0.03,0,150.0,10.0,1.00,0.500,0.300,3.00
10.8906,0.001835,-0.035375,0.070075,-0.03,0,150.0,10.0,1.00,0.500,0.300,3.00
10.8956,0.001898,-0.035798,0.069938,-0.03,0,150.0,10.0,1.00,0.500,0.300,3.00
10.9008,0.001999,-0.036252,0.069765,-0.03,0,150.0,10.0,1.00,0.500,0.300,3.00
10.9058,0.002097,-0.036639,0.069602,-0.03,0,150.0,10.0,1.00,0.500,0.300,3.00
10.9108,0.002201,-0.037048,0.069433,-0.03,0,150.0,10.0,1.00,0.500,0.300,3.00
10.9161,0.002289,-0.037486,0.069269,-0.03,0,150.0,10.0,1.00,0.500,0.300,3.00
10.9211,0.002383,-0.037893,0.069097,-0.03,0,150.0,10.0,1.00,0.500,0.300,3.00
10.9261,0.002476,-0.038314,0.068920,-0.03,0,150.0,10.0,1.00,0.500,0.300,3.00
10.9311,0.002573,-0.038708,0.068755,-0.03,0,150.0,10.0,1.00,0.500,0.300,3.00
10.9364,0.002677,-0.039108,0.068576,-0.03,0,150.0,10.0,1.00,0.500,0.300,3.00
10.9414,0.002768,-0.039517,0.068417,-0.03,0,150.0,10.0,1.00,0.500,0.300,3.00
10.9464,0.002883,-0.039910,0.068233,-0.03,0,150.0,10.0,1.00,0.500,0.300,3.00
10.9516,0.002982,-0.040317,0.068057,-0.03,0,150.0,10.0,1.00,0.500,0.300,3.00
10.9566,0.003086,-0.040693,0.067873,-0.03,0,150.0,10.0,1.00,0.500,0.300,3.00
10.9619,0.003196,-0.041070,0.067692,-0.03,0,150.0,10.0,1.00,0.500,0.300,3.00
10.9668,0.003321,-0.041411,0.067502,-0.03,0,150.0,10.0,1.00,0.500,0.300,3.00
10.9721,0.003428,-0.041773,0.067325,-0.03,0,150.0,10.0,1.00,0.500,0.300,3.00
10.9771,0.003546,-0.042115,0.067146,-0.03,0,150.0,10.0,1.00,0.500,0.300,3.00
10.9821,0.003659,-0.042444,0.066982,-0.03,0,150.0,10.0,1.00,0.500,0.300,3.00
10.9871,0.003802,-0.042757,0.066788,-0.03,0,150.0,10.0,1.00,0.500,0.300,3.00
10.9921,0.003918,-0.043063,0.066620,-0.03,0,150.0,10.0,1.00,0.500,0.300,3.00
10.9973,0.004066,-0.043363,0.066432,-0.03,0,150.0,10.0,1.00,0.500,0.300,3.00
11.0024,0.004177,-0.043638,0.066266,-0.03,0,150.0,10.0,1.00,0.500,0.300,3.00
11.0073,0.004327,-0.043876,0.066071,-0.03,0,150.0,10.0,1.00,0.500,0.300,3.00
11.0126,0.004456,-0.044157,0.065882,-0.03,0,150.0,10.0,1.00,0.500,0.300,3.00
11.0176,0.004594,-0.044399,0.065680,-0.03,0,150.0,10.0,1.00,0.500,0.300,3.00
11.0228,0.004714,-0.044664,0.065492,-0.03,0,150.0,10.0,1.00,0.500,0.300,3.00
11.0278,0.004830,-0.044911,0.065301,-0.03,0,150.0,10.0,1.00,0.500,0.300,3.00
11.0329,0.004947,-0.045150,0.065106,-0.03,0,150.0,10.0,1.00,0.500,0.300,3.00
11.0381,0.005078,-0.045374,0.064893,-0.03,0,150.0,10.0,1.00,0.500,0.300,3.00
11.0431,0.005178,-0.045594,0.064697,-0.03,0,150.0,10.0,1.00,0.500,0.300,3.00
11.0481,0.005267,-0.045818,0.064495,-0.03,0,150.0,10.0,1.00,0.500,0.300,3.00
11.0534,0.005383,-0.046055,0.064257,-0.03,0,150.0,10.0,1.00,0.500,0.300,3.00
11.0583,0.005468,-0.046263,0.064052,-0.03,0,150.0,10.0,1.00,0.500,0.300,3.00
11.0636,0.005565,-0.046489,0.063817,-0.03,0,150.0,10.0,1.00,0.500,0.300,3.00
11.0686,0.005640,-0.046702,0.063613,-0.03,0,150.0,10.0,1.00,0.500,0.300,3.00
11.0736,0.005710,-0.046906,0.063410,-0.03,0,150.0,10.0,1.00,0.500,0.300,3.00
11.0786,0.005811,-0.047091,0.063190,-0.03,0,150.0,10.0,1.00,0.500,0.300,3.00
11.0838,0.005887,-0.047309,0.062976,-0.03,0,150.0,10.0,1.00,0.500,0.300,3.00
11.0888,0.005972,-0.047513,0.062757,-0.03,0,150.0,10.0,1.00,0.500,0.300,3.00
11.0941,0.006034,-0.047743,0.062541,-0.03,0,150.0,10.0,1.00,0.500,0.300,3.00
11.0991,0.006081,-0.047966,0.062343,-0.03,0,150.0,10.0,1.00,0.500,0.300,3.00
11.1041,0.006151,-0.048190,0.062126,-0.03,0,150.0,10.0,1.00,0.500,0.300,3.00
11.1091,0.006214,-0.048398,0.061917,-0.03,0,150.0,10.0,1.00,0.500,0.300,3.00
11.1144,0.006276,-0.048625,0.061688,-0.03,0,150.0,10.0,1.00,0.500,0.300,3.00
11.1193,0.006334,-0.048839,0.061476,-0.03,0,150.0,10.0,1.00,0.500,0.300,3.00
11.1244,0.006368,-0.049065,0.061271,-0.03,0,150.0,10.0,1.00,0.500,0.300,3.00
11.1296,0.006416,-0.049284,0.061060,-0.03,0,150.0,10.0,1.00,0.500,0.300,3.00
11.1346,0.006477,-0.049498,0.060842,-0.03,0,150.0,10.0,1.00,0.500,0.300,3.00
11.1396,0.006529,-0.049699,0.060646,-0.03,0,150.0,10.0,1.00,0.500,0.300,3.00
11.1448,0.006584,-0.049926,0.060428,-0.03,0,150.0,10.0,1.00,0.500,0.300,3.00
11.1498,0.006618,-0.050144,0.060226,-0.03,0,150.0,10.0,1.00,0.500,0.300,3.00
11.1548,0.006644,-0.050355,0.060037,-0.03,0,150.0,10.0,1.00,0.500,0.300,3.00
11.1601,0.006686,-0.050567,0.059833,-0.03,0,150.0,10.0,1.00,0.500,0.300,3.00
11.1651,0.006725,-0.050758,0.059642,-0.03,0,150.0,10.0,1.00,0.500,0.300,3.00
11.1701,0.006749,-0.050951,0.059473,-0.03,0,150.0,10.0,1.00,0.500,0.300,3.00
11.1753,0.006769,-0.051164,0.059296,-0.03,0,150.0,10.0,1.00,0.500,0.300,3.00
11.1803,0.006791,-0.051364,0.059131,-0.03,0,150.0,10.0,1.00,0.500,0.300,3.00
11.1853,0.006797,-0.051569,0.058972,-0.03,0,150.0,10.0,1.00,0.500,0.300,3.00
11.1903,0.006801,-0.051755,0.058826,-0.03,0,150.0,10.0,1.00,0.500,0.300,3.00
11.1956,0.006816,-0.051940,0.058670,-0.03,0,150.0,10.0,1.00,0.500,0.300,3.00
11.2006,0.006828,-0.052133,0.058518,-0.03,0,150.0,10.0,1.00,0.500,0.300,3.00
11.2059,0.006831,-0.052332,0.058368,-0.03,0,150.0,10.0,1.00,0.500,0.300,3.00
11.2109,0.006819,-0.052532,0.058240,-0.03,0,150.0,10.0,1.00,0.500,0.300,3.00
11.2158,0.006801,-0.052718,0.058121,-0.03,0,150.0,10.0,1.00,0.500,0.300,3.00
11.2211,0.006788,-0.052928,0.058004,-0.03,0,150.0,10.0,1.00,0.500,0.300,3.00
11.2261,0.006777,-0.053126,0.057899,-0.03,0,150.0,10.0,1.00,0.500,0.300,3.00
11.2311,0.006762,-0.053311,0.057811,-0.03,0,150.0,10.0,1.00,0.500,0.300,3.00
11.2361,0.006748,-0.053499,0.057730,-0.03,0,150.0,10.0,1.00,0.500,0.300,3.00
11.2414,0.006744,-0.053691,0.057658,-0.03,0,150.0,10.0,1.00,0.500,0.300,3.00
11.2463,0.006736,-0.053861,0.057591,-0.03,0,150.0,10.0,1.00,0.500,0.300,3.00
11.2513,0.006742,-0.054039,0.057514,-0.03,0,150.0,10.0,1.00,0.500,0.300,3.00
11.2563,0.006761,-0.054219,0.057433,-0.03,0,150.0,10.0,1.00,0.500,0.300,3.00
11.2616,0.006777,-0.054407,0.057356,-0.03,0,150.0,10.0,1.00,0.500,0.300,3.00
11.2666,0.006781,-0.054593,0.057282,-0.03,0,150.0,10.0,1.00,0.500,0.300,3.00
11.2716,0.006802,-0.054781,0.057200,-0.03,0,150.0,10.0,1.00,0.500,0.300,3.00
11.2769,0.006816,-0.054967,0.057116,-0.03,0,150.0,10.0,1.00,0.500,0.300,3.00
11.2818,0.006822,-0.055146,0.057046,-0.03,0,150.0,10.0,1.00,0.500,0.300,3.00
11.2871,0.006815,-0.055333,0.056989,-0.03,0,150.0,10.0,1.00,0.500,0.300,3.00
11.2921,0.006805,-0.055509,0.056950,-0.03,0,150.0,10.0,1.00,0.500,0.300,3.00
11.2971,0.006790,-0.055680,0.056931,-0.03,0,150.0,10.0,1.00,0.500,0.300,3.00
11.3024,0.006780,-0.055838,0.056912,-0.03,0,150.0,10.0,1.00,0.500,0.300,3.00
11.3074,0.006784,-0.055970,0.056899,-0.03,0,150.0,10.0,1.00,0.500,0.300,3.00
11.3123,0.006784,-0.056095,0.056887,-0.03,0,150.0,10.0,1.00,0.500,0.300,3.00
11.3177,0.006784,-0.056205,0.056880,-0.03,0,150.0,10.0,1.00,0.500,0.300,3.00
11.3226,0.006773,-0.056316,0.056883,-0.03,0,150.0,10.0,1.00,0.500,0.300,3.00
11.3279,0.006752,-0.056416,0.056886,-0.03,0,150.0,10.0,1.00,0.500,0.300,3.00
11.3328,0.006725,-0.056516,0.056894,-0.03,0,150.0,10.0,1.00,0.500,0.300,3.00
11.3379,0.006700,-0.056608,0.056898,-0.03,0,150.0,10.0,1.00,0.500,0.300,3.00
11.3431,0.006666,-0.056705,0.056903,-0.03,0,150.0,10.0,1.00,0.500,0.300,3.00
11.3481,0.006639,-0.056781,0.056905,-0.03,0,150.0,10.0,1.00,0.500,0.300,3.00
11.3531,0.006609,-0.056873,0.056914,-0.03,0,150.0,10.0,1.00,0.500,0.300,3.00
11.3581,0.006584,-0.056952,0.056923,-0.03,0,150.0,10.0,1.00,0.500,0.300,3.00
11.3633,0.006563,-0.057024,0.056934,-0.03,0,150.0,10.0,1.00,0.500,0.300,3.00
11.3683,0.006546,-0.057105,0.056945,-0.03,0,150.0,10.0,1.00,0.500,0.300,3.00
11.3733,0.006530,-0.057177,0.056952,-0.03,0,150.0,10.0,1.00,0.500,0.300,3.00
11.3783,0.006519,-0.057244,0.056962,-0.03,0,150.0,10.0,1.00,0.500,0.300,3.00
11.3836,0.006505,-0.057319,0.056975,-0.03,0,150.0,10.0,1.00,0.500,0.300,3.00
11.3885,0.006492,-0.057380,0.056994,-0.03,0,150.0,10.0,1.00,0.500,0.300,3.00
11.3936,0.006476,-0.057449,0.057016,-0.03,0,150.0,10.0,1.00,0.500,0.300,3.00
11.3988,0.006465,-0.057512,0.057042,-0.03,0,150.0,10.0,1.00,0.500,0.300,3.00
11.4039,0.006452,-0.057570,0.057076,-0.03,0,150.0,10.0,1.00,0.500,0.300,3.00
11.4088,0.006443,-0.057635,0.057108,-0.03,0,150.0,10.0,1.00,0.500,0.300,3.00
11.4141,0.006427,-0.057701,0.057146,-0.03,0,150.0,10.0,1.00,0.500,0.300,3.00
11.4191,0.006422,-0.057761,0.057182,-0.03,0,150.0,10.0,1.00,0.500,0.300,3.00
11.4241,0.006412,-0.057813,0.057219,-0.03,0,150.0,10.0,1.00,0.500,0.300,3.00
11.4291,0.006409,-0.057865,0.057251,-0.03,0,150.0,10.0,1.00,0.500,0.300,3.00
11.4344,0.006403,-0.057914,0.057276,-0.03,0,150.0,10.0,1.00,0.500,0.300,3.00
11.4393,0.006401,-0.057959,0.057304,-0.03,0,150.0,10.0,1.00,0.500,0.300,3.00
11.4443,0.006405,-0.058003,0.057327,-0.03,0,150.0,10.0,1.00,0.500,0.300,3.00
11.4496,0.006403,-0.058047,0.057356,-0.03,0,150.0,10.0,1.00,0.500,0.300,3.00
11.4546,0.006402,-0.058081,0.057373,-0.03,0,150.0,10.0,1.00,0.500,0.300,3.00
11.4596,0.006403,-0.058107,0.057386,-0.03,0,150.0,10.0,1.00,0.500,0.300,3.00
11.4648,0.006392,-0.058136,0.057394,-0.03,0,150.0,10.0,1.00,0.500,0.300,3.00
11.4699,0.006385,-0.058144,0.057403,-0.03,0,150.0,10.0,1.00,0.500,0.300,3.00
11.4751,0.006376,-0.058166,0.057408,-0.03,0,150.0,10.0,1.00,0.500,0.300,3.00
11.4801,0.006363,-0.058177,0.057406,-0.03,0,150.0,10.0,1.00,0.500,0.300,3.00
11.4851,0.006350,-0.058188,0.057405,-0.03,0,150.0,10.0,1.00,0.500,0.300,3.00
11.4901,0.006336,-0.058199,0.057404,-0.03,0,150.0,10.0,1.00,0.500,0.300,3.00
11.4953,0.006315,-0.058218,0.057411,-0.03,0,150.0,10.0,1.00,0.500,0.300,3.00
11.5003,0.006302,-0.058229,0.057410,-0.03,0,150.0,10.0,1.00,0.500,0.300,3.00
11.5056,0.006285,-0.058246,0.057405,-0.03,0,150.0,10.0,1.00,0.500,0.300,3.00
11.5106,0.006269,-0.058265,0.057408,-0.03,0,150.0,10.0,1.00,0.500,0.300,3.00
11.5156,0.006253,-0.058298,0.057406,-0.03,0,150.0,10.0,1.00,0.500,0.300,3.00
11.5208,0.006246,-0.058326,0.057402,-0.03,0,150.0,10.0,1.00,0.500,0.300,3.00
11.5261,0.006241,-0.058359,0.057389,-0.03,0,150.0,10.0,1.00,0.500,0.300,3.00
11.5311,0.006236,-0.058408,0.057379,-0.03,0,150.0,10.0,1.00,0.500,0.300,3.00
11.5361,0.006226,-0.058470,0.057370,-0.03,0,150.0,10.0,1.00,0.500,0.300,3.00
11.5414,0.006233,-0.058535,0.057352,-0.03,0,150.0,10.0,1.00,0.500,0.300,3.00
11.5463,0.006233,-0.058612,0.057328,-0.03,0,150.0,10.0,1.00,0.500,0.300,3.00
11.5513,0.006243,-0.058698,0.057304,-0.03,0,150.0,10.0,1.00,0.500,0.300,3.00
11.5563,0.006256,-0.058793,0.057279,-0.03,0,150.0,10.0,1.00,0.500,0.300,3.00
11.5616,0.006277,-0.058910,0.057243,-0.03,0,150.0,10.0,1.00,0.500,0.300,3.00
11.5665,0.006292,-0.059036,0.057223,-0.03,0,150.0,10.0,1.00,0.500,0.300,3.00
11.5716,0.006301,-0.059176,0.057204,-0.03,0,150.0,10.0,1.00,0.500,0.300,3.00
11.5768,0.006314,-0.059340,0.057186,-0.03,0,150.0,10.0,1.00,0.500,0.300,3.00
11.5818,0.006328,-0.059506,0.057175,-0.03,0,150.0,10.0,1.00,0.500,0.300,3.00
11.5872,0.006348,-0.059689,0.057161,-0.03,0,150.0,10.0,1.00,0.500,0.300,3.00
11.5921,0.006387,-0.059863,0.057128,-0.03,0,150.0,10.0,1.00,0.500,0.300,3.00
11.5971,0.006446,-0.060032,0.057082,-0.03,0,150.0,10.0,1.00,0.500,0.300,3.00
11.6023,0.006488,-0.060230,0.057050,-0.03,0,150.0,10.0,1.00,0.500,0.300,3.00
11.6073,0.006540,-0.060428,0.057007,-0.03,0,150.0,10.0,1.00,0.500,0.300,3.00
11.6123,0.006595,-0.060619,0.056961,-0.03,0,150.0,10.0,1.00,0.500,0.300,3.00
11.6176,0.006639,-0.060828,0.056911,-0.03,0,150.0,10.0,1.00,0.500,0.300,3.00
11.6226,0.006671,-0.061037,0.056872,-0.03,0,150.0,10.0,1.00,0.500,0.300,3.00
11.6278,0.006713,-0.061240,0.056832,-0.03,0,150.0,10.0,1.00,0.500,0.300,3.00
11.6328,0.006778,-0.061420,0.056763,-0.03,0,150.0,10.0,1.00,0.500,0.300,3.00
11.6379,0.006832,-0.061615,0.056708,-0.03,0,150.0,10.0,1.00,0.500,0.300,3.00
11.6431,0.006889,-0.061818,0.056651,-0.03,0,150.0,10.0,1.00,0.500,0.300,3.00
11.6481,0.006954,-0.061994,0.056598,-0.03,0,150.0,10.0,1.00,0.500,0.300,3.00
11.6531,0.007011,-0.062168,0.056543,-0.03,0,150.0,10.0,1.00,0.500,0.300,3.00
11.6584,0.007060,-0.062349,0.056497,-0.03,0,150.0,10.0,1.00,0.500,0.300,3.00
11.6633,0.007097,-0.062530,0.056461,-0.03,0,150.0,10.0,1.00,0.500,0.300,3.00
11.6683,0.007144,-0.062708,0.056408,-0.03,0,150.0,10.0,1.00,0.500,0.300,3.00
11.6736,0.007202,-0.062873,0.056349,-0.03,0,150.0,10.0,1.00,0.500,0.300,3.00
11.6786,0.007245,-0.063044,0.056297,-0.03,0,150.0,10.0,1.00,0.500,0.300,3.00
11.6838,0.007290,-0.063236,0.056239,-0.03,0,150.0,10.0,1.00,0.500,0.300,3.00
11.6889,0.007345,-0.063417,0.056160,-0.03,0,150.0,10.0,1.00,0.500,0.300,3.00
11.6939,0.007400,-0.063593,0.056089,-0.03,0,150.0,10.0,1.00,0.500,0.300,3.00
11.6988,0.007444,-0.063774,0.056019,-0.03,0,150.0,10.0,1.00,0.500,0.300,3.00
11.7041,0.007508,-0.063969,0.055924,-0.03,0,150.0,10.0,1.00,0.500,0.300,3.00
11.7091,0.007563,-0.064169,0.055832,-0.03,0,150.0,10.0,1.00,0.500,0.300,3.00
11.7141,0.007603,-0.064361,0.055751,-0.03,0,150.0,10.0,1.00,0.500,0.300,3.00
11.7191,0.007661,-0.064540,0.055658,-0.03,0,150.0,10.0,1.00,0.500,0.300,3.00
11.7244,0.007714,-0.064739,0.055565,-0.03,0,150.0,10.0,1.00,0.500,0.300,3.00
11.7293,0.007751,-0.064938,0.055488,-0.03,0,150.0,10.0,1.00,0.500,0.300,3.00
11.7346,0.007793,-0.065138,0.055405,-0.03,0,150.0,10.0,1.00,0.500,0.300,3.00
11.7396,0.007849,-0.065315,0.055312,-0.03,0,150.0,10.0,1.00,0.500,0.300,3.00
11.7446,0.007893,-0.065491,0.055223,-0.03,0,150.0,10.0,1.00,0.500,0.300,3.00
11.7496,0.007923,-0.065664,0.055138,-0.03,0,150.0,10.0,1.00,0.500,0.300,3.00
11.7549,0.007971,-0.065826,0.055025,-0.03,0,150.0,10.0,1.00,0.500,0.300,3.00
11.7598,0.007999,-0.065969,0.054912,-0.03,0,150.0,10.0,1.00,0.500,0.300,3.00
11.7651,0.008028,-0.066107,0.054779,-0.03,0,150.0,10.0,1.00,0.500,0.300,3.00
11.7701,0.008052,-0.066229,0.054650,-0.03,0,150.0,10.0,1.00,0.500,0.300,3.00
11.7753,0.008081,-0.066344,0.054488,-0.03,0,150.0,10.0,1.00,0.500,0.300,3.00
11.7803,0.008110,-0.066443,0.054324,-0.03,0,150.0,10.0,1.00,0.500,0.300,3.00
11.7853,0.008111,-0.066546,0.054171,-0.03,0,150.0,10.0,1.00,0.500,0.300,3.00
11.7906,0.008105,-0.066652,0.054009,-0.03,0,150.0,10.0,1.00,0.500,0.300,3.00
11.7956,0.008096,-0.066744,0.053856,-0.03,0,150.0,10.0,1.00,0.500,0.300,3.00
11.8006,0.008086,-0.066837,0.053703,-0.03,0,150.0,10.0,1.00,0.500,0.300,3.00
11.8058,0.008057,-0.066924,0.053552,-0.03,0,150.0,10.0,1.00,0.500,0.300,3.00
11.8109,0.008031,-0.067001,0.053413,-0.03,0,150.0,10.0,1.00,0.500,0.300,3.00
11.8162,0.008005,-0.067083,0.053265,-0.03,0,150.0,10.0,1.00,0.500,0.300,3.00
11.8211,0.007974,-0.067159,0.053132,-0.03,0,150.0,10.0,1.00,0.500,0.300,3.00
11.8261,0.007940,-0.067224,0.053015,-0.03,0,150.0,10.0,1.00,0.500,0.300,3.00
11.8311,0.007927,-0.067281,0.052900,-0.03,0,150.0,10.0,1.00,0.500,0.300,3.00
11.8363,0.007932,-0.067343,0.052761,-0.03,0,150.0,10.0,1.00,0.500,0.300,3.00
11.8413,0.007927,-0.067407,0.052639,-0.03,0,150.0,10.0,1.00,0.500,0.300,3.00
11.8463,0.007933,-0.067468,0.052523,-0.03,0,150.0,10.0,1.00,0.500,0.300,3.00
11.8516,0.007934,-0.067553,0.052390,-0.03,0,150.0,10.0,1.00,0.500,0.300,3.00
11.8566,0.007935,-0.067629,0.052281,-0.03,0,150.0,10.0,1.00,0.500,0.300,3.00
11.8615,0.007950,-0.067719,0.052151,-0.03,0,150.0,10.0,1.00,0.500,0.300,3.00
11.8668,0.007968,-0.067816,0.052019,-0.03,0,150.0,10.0,1.00,0.500,0.300,3.00
11.8719,0.007980,-0.067913,0.051893,-0.03,0,150.0,10.0,1.00,0.500,0.300,3.00
11.8768,0.007993,-0.068012,0.051774,-0.03,0,150.0,10.0,1.00,0.500,0.300,3.00
11.8821,0.008008,-0.068113,0.051662,-0.03,0,150.0,10.0,1.00,0.500,0.300,3.00
11.8871,0.008023,-0.068209,0.051559,-0.03,0,150.0,10.0,1.00,0.500,0.300,3.00
11.8921,0.008057,-0.068300,0.051442,-0.03,0,150.0,10.0,1.00,0.500,0.300,3.00
11.8971,0.008096,-0.068385,0.051328,-0.03,0,150.0,10.0,1.00,0.500,0.300,3.00
11.9024,0.008135,-0.068470,0.051214,-0.03,0,150.0,10.0,1.00,0.500,0.300,3.00
11.9073,0.008180,-0.068542,0.051099,-0.03,0,150.0,10.0,1.00,0.500,0.300,3.00
11.9126,0.008221,-0.068619,0.050980,-0.03,0,150.0,10.0,1.00,0.500,0.300,3.00
11.9176,0.008257,-0.068696,0.050868,-0.03,0,150.0,10.0,1.00,0.500,0.300,3.00
11.9226,0.008293,-0.068757,0.050752,-0.03,0,150.0,10.0,1.00,0.500,0.300,3.00
11.9279,0.008318,-0.068819,0.050648,-0.03,0,150.0,10.0,1.00,0.500,0.300,3.00
11.9328,0.008327,-0.068889,0.050536,-0.03,0,150.0,10.0,1.00,0.500,0.300,3.00
11.9381,0.008338,-0.068951,0.050420,-0.03,0,150.0,10.0,1.00,0.500,0.300,3.00
11.9431,0.008355,-0.069019,0.050289,-0.03,0,150.0,10.0,1.00,0.500,0.300,3.00
11.9481,0.008374,-0.069073,0.050163,-0.03,0,150.0,10.0,1.00,0.500,0.300,3.00
11.9531,0.008386,-0.069125,0.050036,-0.03,0,150.0,10.0,1.00,0.500,0.300,3.00
11.9584,0.008397,-0.069177,0.049908,-0.03,0,150.0,10.0,1.00,0.500,0.300,3.00
11.9633,0.008404,-0.069229,0.049786,-0.03,0,150.0,10.0,1.00,0.500,0.300,3.00
11.9684,0.008412,-0.069274,0.049660,-0.03,0,150.0,10.0,1.00,0.500,0.300,3.00
11.9736,0.008431,-0.069318,0.049523,-0.03,0,150.0,10.0,1.00,0.500,0.300,3.00
11.9786,0.008453,-0.069354,0.049381,-0.03,0,150.0,10.0,1.00,0.500,0.300,3.00
11.9839,0.008467,-0.069389,0.049238,-0.03,0,150.0,10.0,1.00,0.500,0.300,3.00
11.9889,0.008478,-0.069425,0.049107,-0.03,0,150.0,10.0,1.00,0.500,0.300,3.00
11.9939,0.008499,-0.069456,0.048974,-0.03,0,150.0,10.0,1.00,0.500,0.300,3.00
11.9992,0.008507,-0.069506,0.048839,-0.03,0,150.0,10.0,1.00,0.500,0.300,3.00
12.0041,0.008530,-0.069544,0.048704,-0.03,0,150.0,10.0,1.00,0.500,0.300,3.00
12.0091,0.008568,-0.069577,0.048560,-0.03,0,150.0,10.0,1.00,0.500,0.300,3.00
12.0145,0.008610,-0.069611,0.048411,-0.03,0,150.0,10.0,1.00,0.500,0.300,3.00
12.0195,0.008654,-0.069636,0.048287,-0.03,0,150.0,10.0,1.00,0.500,0.300,3.00
12.0244,0.008708,-0.069666,0.048142,-0.03,0,150.0,10.0,1.00,0.500,0.300,3.00
12.0294,0.008762,-0.069701,0.047989,-0.03,0,150.0,10.0,1.00,0.500,0.300,3.00
12.0346,0.008835,-0.069721,0.047838,-0.03,0,150.0,10.0,1.00,0.500,0.300,3.00
12.0396,0.008900,-0.069748,0.047698,-0.03,0,150.0,10.0,1.00,0.500,0.300,3.00
12.0446,0.008960,-0.069775,0.047562,-0.03,0,150.0,10.0,1.00,0.500,0.300,3.00
12.0498,0.009036,-0.069807,0.047401,-0.03,0,150.0,10.0,1.00,0.500,0.300,3.00
12.0549,0.009124,-0.069821,0.047242,-0.03,0,150.0,10.0,1.00,0.500,0.300,3.00
12.0601,0.009198,-0.069848,0.047089,-0.03,0,150.0,10.0,1.00,0.500,0.300,3.00
12.0652,0.009275,-0.069877,0.046943,-0.03,0,150.0,10.0,1.00,0.500,0.300,3.00
12.0701,0.009362,-0.069906,0.046786,-0.03,0,150.0,10.0,1.00,0.500,0.300,3.00
12.0751,0.009445,-0.069932,0.046650,-0.03,0,150.0,10.0,1.00,0.500,0.300,3.00
12.0803,0.009529,-0.069963,0.046505,-0.03,0,150.0,10.0,1.00,0.500,0.300,3.00
12.0853,0.009622,-0.069989,0.046358,-0.03,0,150.0,10.0,1.00,0.500,0.300,3.00
12.0906,0.009718,-0.070033,0.046191,-0.03,0,150.0,10.0,1.00,0.500,0.300,3.00
12.0956,0.009794,-0.070082,0.046038,-0.03,0,150.0,10.0,1.00,0.500,0.300,3.00
12.1009,0.009868,-0.070139,0.045889,-0.03,0,150.0,10.0,1.00,0.500,0.300,3.00
12.1058,0.009954,-0.070194,0.045715,-0.03,0,150.0,10.0,1.00,0.500,0.300,3.00
12.1111,0.010030,-0.070263,0.045555,-0.03,0,150.0,10.0,1.00,0.500,0.300,3.00
12.1161,0.010100,-0.070338,0.045392,-0.03,0,150.0,10.0,1.00,0.500,0.300,3.00
12.1211,0.010181,-0.070413,0.045217,-0.03,0,150.0,10.0,1.00,0.500,0.300,3.00
12.1263,0.010257,-0.070503,0.045022,-0.03,0,150.0,10.0,1.00,0.500,0.300,3.00
12.1313,0.010316,-0.070586,0.044845,-0.03,0,150.0,10.0,1.00,0.500,0.300,3.00
12.1366,0.010382,-0.070681,0.044652,-0.03,0,150.0,10.0,1.00,0.500,0.300,3.00
12.1416,0.010430,-0.070780,0.044460,-0.03,0,150.0,10.0,1.00,0.500,0.300,3.00
12.1466,0.010471,-0.070876,0.044267,-0.03,0,150.0,10.0,1.00,0.500,0.300,3.00
12.1518,0.010515,-0.070980,0.044042,-0.03,0,150.0,10.0,1.00,0.500,0.300,3.00
12.1568,0.010539,-0.071095,0.043823,-0.03,0,150.0,10.0,1.00,0.500,0.300,3.00
12.1621,0.010548,-0.071220,0.043604,-0.03,0,150.0,10.0,1.00,0.500,0.300,3.00
12.1671,0.010578,-0.071322,0.043384,-0.03,0,150.0,10.0,1.00,0.500,0.300,3.00
12.1721,0.010577,-0.071437,0.043165,-0.03,0,150.0,10.0,1.00,0.500,0.300,3.00
12.1771,0.010565,-0.071563,0.042940,-0.03,0,150.0,10.0,1.00,0.500,0.300,3.00
12.1824,0.010539,-0.071704,0.042677,-0.03,0,150.0,10.0,1.00,0.500,0.300,3.00
12.1873,0.010522,-0.071840,0.042411,-0.03,0,150.0,10.0,1.00,0.500,0.300,3.00
12.1923,0.010483,-0.071974,0.042161,-0.03,0,150.0,10.0,1.00,0.500,0.300,3.00
12.1976,0.010453,-0.072103,0.041878,-0.03,0,150.0,10.0,1.00,0.500,0.300,3.00
12.2026,0.010415,-0.072229,0.041594,-0.03,0,150.0,10.0,1.00,0.500,0.300,3.00
12.2076,0.010366,-0.072364,0.041304,-0.03,0,150.0,10.0,1.00,0.500,0.300,3.00
12.2128,0.010290,-0.072519,0.041001,-0.03,0,150.0,10.0,1.00,0.500,0.300,3.00
12.2178,0.010250,-0.072649,0.040678,-0.03,0,150.0,10.0,1.00,0.500,0.300,3.00
12.2231,0.010202,-0.072786,0.040336,-0.03,0,150.0,10.0,1.00,0.500,0.300,3.00
12.2281,0.010146,-0.072926,0.040012,-0.03,0,150.0,10.0,1.00,0.500,0.300,3.00
12.2331,0.010093,-0.073070,0.039674,-0.03,0,150.0,10.0,1.00,0.500,0.300,3.00
12.2384,0.010042,-0.073201,0.039340,-0.03,0,150.0,10.0,1.00,0.500,0.300,3.00
12.2433,0.009986,-0.073312,0.039017,-0.03,0,150.0,10.0,1.00,0.500,0.300,3.00
12.2483,0.009936,-0.073430,0.038687,-0.03,0,150.0,10.0,1.00,0.500,0.300,3.00
12.2533,0.009895,-0.073527,0.038351,-0.03,0,150.0,10.0,1.00,0.500,0.300,3.00
12.2586,0.009856,-0.073621,0.038031,-0.03,0,150.0,10.0,1.00,0.500,0.300,3.00
12.2636,0.009829,-0.073707,0.037723,-0.03,0,150.0,10.0,1.00,0.500,0.300,3.00
12.2688,0.009787,-0.073788,0.037413,-0.03,0,150.0,10.0,1.00,0.500,0.300,3.00
12.2738,0.009740,-0.073869,0.037139,-0.03,0,150.0,10.0,1.00,0.500,0.300,3.00
12.2788,0.009717,-0.073909,0.036876,-0.03,0,150.0,10.0,1.00,0.500,0.300,3.00
12.2838,0.009697,-0.073957,0.036611,-0.03,0,150.0,10.0,1.00,0.500,0.300,3.00
12.2891,0.009679,-0.073982,0.036338,-0.03,0,150.0,10.0,1.00,0.500,0.300,3.00
12.2941,0.009656,-0.074007,0.036102,-0.03,0,150.0,10.0,1.00,0.500,0.300,3.00
12.2993,0.009631,-0.074010,0.035864,-0.03,0,150.0,10.0,1.00,0.500,0.300,3.00
12.3043,0.009624,-0.073990,0.035630,-0.03,0,150.0,10.0,1.00,0.500,0.300,3.00
12.3093,0.009638,-0.073942,0.035402,-0.03,0,150.0,10.0,1.00,0.500,0.300,3.00
12.3143,0.009641,-0.073897,0.035201,-0.03,0,150.0,10.0,1.00,0.500,0.300,3.00
12.3196,0.009656,-0.073825,0.034988,-0.03,0,150.0,10.0,1.00,0.500,0.300,3.00
12.3246,0.009670,-0.073745,0.034808,-0.03,0,150.0,10.0,1.00,0.500,0.300,3.00
12.3298,0.009680,-0.073663,0.034619,-0.03,0,150.0,10.0,1.00,0.500,0.300,3.00
12.3349,0.009689,-0.073574,0.034462,-0.03,0,150.0,10.0,1.00,0.500,0.300,3.00
12.3399,0.009687,-0.073492,0.034322,-0.03,0,150.0,10.0,1.00,0.500,0.300,3.00
12.3451,0.009706,-0.073372,0.034177,-0.03,0,150.0,10.0,1.00,0.500,0.300,3.00
12.3501,0.009717,-0.073253,0.034045,-0.03,0,150.0,10.0,1.00,0.500,0.300,3.00
12.3551,0.009729,-0.073136,0.033920,-0.03,0,150.0,10.0,1.00,0.500,0.300,3.00
12.3601,0.009742,-0.073009,0.033813,-0.03,0,150.0,10.0,1.00,0.500,0.300,3.00
12.3653,0.009748,-0.072880,0.033704,-0.03,0,150.0,10.0,1.00,0.500,0.300,3.00
12.3704,0.009764,-0.072741,0.033602,-0.03,0,150.0,10.0,1.00,0.500,0.300,3.00
12.3753,0.009780,-0.072612,0.033511,-0.03,0,150.0,10.0,1.00,0.500,0.300,3.00
12.3805,0.009795,-0.072468,0.033418,-0.03,0,150.0,10.0,1.00,0.500,0.300,3.00
12.3855,0.009803,-0.072321,0.033323,-0.03,0,150.0,10.0,1.00,0.500,0.300,3.00
12.3906,0.009809,-0.072177,0.033242,-0.03,0,150.0,10.0,1.00,0.500,0.300,3.00
12.3958,0.009816,-0.072015,0.033144,-0.03,0,150.0,10.0,1.00,0.500,0.300,3.00
12.4008,0.009815,-0.071869,0.033062,-0.03,0,150.0,10.0,1.00,0.500,0.300,3.00
12.4061,0.009814,-0.071715,0.032975,-0.03,0,150.0,10.0,1.00,0.500,0.300,3.00
12.4111,0.009815,-0.071585,0.032904,-0.03,0,150.0,10.0,1.00,0.500,0.300,3.00
12.4161,0.009803,-0.071458,0.032828,-0.03,0,150.0,10.0,1.00,0.500,0.300,3.00
12.4214,0.009800,-0.071326,0.032748,-0.03,0,150.0,10.0,1.00,0.500,0.300,3.00
12.4263,0.009786,-0.071207,0.032677,-0.03,0,150.0,10.0,1.00,0.500,0.300,3.00
12.4313,0.009773,-0.071095,0.032604,-0.03,0,150.0,10.0,1.00,0.500,0.300,3.00
12.4366,0.009767,-0.070975,0.032520,-0.03,0,150.0,10.0,1.00,0.500,0.300,3.00
12.4416,0.009765,-0.070855,0.032430,-0.03,0,150.0,10.0,1.00,0.500,0.300,3.00
12.4466,0.009767,-0.070741,0.032324,-0.03,0,150.0,10.0,1.00,0.500,0.300,3.00
12.4519,0.009763,-0.070633,0.032229,-0.03,0,150.0,10.0,1.00,0.500,0.300,3.00
12.4569,0.009762,-0.070526,0.032128,-0.03,0,150.0,10.0,1.00,0.500,0.300,3.00
12.4618,0.009766,-0.070414,0.032030,-0.03,0,150.0,10.0,1.00,0.500,0.300,3.00
12.4669,0.009763,-0.070314,0.031934,-0.03,0,150.0,10.0,1.00,0.500,0.300,3.00
12.4721,0.009757,-0.070212,0.031830,-0.03,0,150.0,10.0,1.00,0.500,0.300,3.00
12.4772,0.009759,-0.070107,0.031736,-0.03,0,150.0,10.0,1.00,0.500,0.300,3.00
12.4821,0.009750,-0.070013,0.031637,-0.03,0,150.0,10.0,1.00,0.500,0.300,3.00
12.4871,0.009743,-0.069910,0.031533,-0.03,0,150.0,10.0,1.00,0.500,0.300,3.00
12.4923,0.009734,-0.069815,0.031433,-0.03,0,150.0,10.0,1.00,0.500,0.300,3.00
12.4974,0.009713,-0.069738,0.031332,-0.03,0,150.0,10.0,1.00,0.500,0.300,3.00
12.5026,0.009692,-0.069645,0.031228,-0.03,0,150.0,10.0,1.00,0.500,0.300,3.00
12.5076,0.009674,-0.069553,0.031118,-0.03,0,150.0,10.0,1.00,0.500,0.300,3.00
12.5126,0.009650,-0.069473,0.031010,-0.03,0,150.0,10.0,1.00,0.500,0.300,3.00
12.5178,0.009625,-0.069392,0.030902,-0.03,0,150.0,10.0,1.00,0.500,0.300,3.00
12.5228,0.009588,-0.069329,0.030792,-0.03,0,150.0,10.0,1.00,0.500,0.300,3.00
12.5278,0.009556,-0.069262,0.030685,-0.03,0,150.0,10.0,1.00,0.500,0.300,3.00
12.5329,0.009512,-0.069211,0.030577,-0.03,0,150.0,10.0,1.00,0.500,0.300,3.00
12.5381,0.009465,-0.069162,0.030452,-0.03,0,150.0,10.0,1.00,0.500,0.300,3.00
12.5431,0.009408,-0.069134,0.030333,-0.03,0,150.0,10.0,1.00,0.500,0.300,3.00
12.5481,0.009343,-0.069108,0.030203,-0.03,0,150.0,10.0,1.00,0.500,0.300,3.00
12.5531,0.009265,-0.069088,0.030060,-0.03,0,150.0,10.0,1.00,0.500,0.300,3.00
12.5583,0.009183,-0.069056,0.029898,-0.03,0,150.0,10.0,1.00,0.500,0.300,3.00
12.5633,0.009109,-0.069037,0.029749,-0.03,0,150.0,10.0,1.00,0.500,0.300,3.00
12.5683,0.009024,-0.069032,0.029584,-0.03,0,150.0,10.0,1.00,0.500,0.300,3.00
12.5736,0.008937,-0.069021,0.029399,-0.03,0,150.0,10.0,1.00,0.500,0.300,3.00
12.5786,0.008849,-0.069033,0.029220,-0.03,0,150.0,10.0,1.00,0.500,0.300,3.00
12.5839,0.008757,-0.069045,0.029012,-0.03,0,150.0,10.0,1.00,0.500,0.300,3.00
12.5888,0.008673,-0.069058,0.028804,-0.03,0,150.0,10.0,1.00,0.500,0.300,3.00
12.5939,0.008598,-0.069070,0.028570,-0.03,0,150.0,10.0,1.00,0.500,0.300,3.00
12.5990,0.008516,-0.069076,0.028321,-0.03,0,150.0,10.0,1.00,0.500,0.300,3.00
12.6041,0.008439,-0.069076,0.028074,-0.03,0,150.0,10.0,1.00,0.500,0.300,3.00
12.6091,0.008356,-0.069082,0.027825,-0.03,0,150.0,10.0,1.00,0.500,0.300,3.00
12.6144,0.008266,-0.069101,0.027554,-0.03,0,150.0,10.0,1.00,0.500,0.300,3.00
12.6193,0.008179,-0.069121,0.027314,-0.03,0,150.0,10.0,1.00,0.500,0.300,3.00
12.6243,0.008091,-0.069140,0.027074,-0.03,0,150.0,10.0,1.00,0.500,0.300,3.00
12.6296,0.007997,-0.069169,0.026821,-0.03,0,150.0,10.0,1.00,0.500,0.300,3.00
12.6346,0.007911,-0.069195,0.026579,-0.03,0,150.0,10.0,1.00,0.500,0.300,3.00
12.6399,0.007818,-0.069216,0.026322,-0.03,0,150.0,10.0,1.00,0.500,0.300,3.00
12.6449,0.007735,-0.069222,0.026080,-0.03,0,150.0,10.0,1.00,0.500,0.300,3.00
12.6498,0.007651,-0.069233,0.025865,-0.03,0,150.0,10.0,1.00,0.500,0.300,3.00
12.6548,0.007557,-0.069248,0.025654,-0.03,0,150.0,10.0,1.00,0.500,0.300,3.00
12.6601,0.007453,-0.069268,0.025447,-0.03,0,150.0,10.0,1.00,0.500,0.300,3.00
12.6651,0.007352,-0.069290,0.025247,-0.03,0,150.0,10.0,1.00,0.500,0.300,3.00
12.6701,0.007270,-0.069301,0.025063,-0.03,0,150.0,10.0,1.00,0.500,0.300,3.00
12.6751,0.007187,-0.069311,0.024880,-0.03,0,150.0,10.0,1.00,0.500,0.300,3.00
12.6804,0.007096,-0.069341,0.024703,-0.03,0,150.0,10.0,1.00,0.500,0.300,3.00
12.6854,0.006999,-0.069378,0.024536,-0.03,0,150.0,10.0,1.00,0.500,0.300,3.00
12.6903,0.006914,-0.069395,0.024358,-0.03,0,150.0,10.0,1.00,0.500,0.300,3.00
12.6955,0.006815,-0.069421,0.024179,-0.03,0,150.0,10.0,1.00,0.500,0.300,3.00
12.7006,0.006741,-0.069424,0.024015,-0.03,0,150.0,10.0,1.00,0.500,0.300,3.00
12.7056,0.006652,-0.069436,0.023852,-0.03,0,150.0,10.0,1.00,0.500,0.300,3.00
12.7108,0.006564,-0.069445,0.023675,-0.03,0,150.0,10.0,1.00,0.500,0.300,3.00
12.7158,0.006479,-0.069457,0.023505,-0.03,0,150.0,10.0,1.00,0.500,0.300,3.00
12.7208,0.006390,-0.069468,0.023342,-0.03,0,150.0,10.0,1.00,0.500,0.300,3.00
12.7261,0.006304,-0.069462,0.023156,-0.03,0,150.0,10.0,1.00,0.500,0.300,3.00
12.7312,0.006222,-0.069476,0.022994,-0.03,0,150.0,10.0,1.00,0.500,0.300,3.00
12.7361,0.006141,-0.069485,0.022841,-0.03,0,150.0,10.0,1.00,0.500,0.300,3.00
12.7411,0.006062,-0.069504,0.022701,-0.03,0,150.0,10.0,1.00,0.500,0.300,3.00
12.7464,0.005983,-0.069521,0.022546,-0.03,0,150.0,10.0,1.00,0.500,0.300,3.00
12.7513,0.005908,-0.069535,0.022409,-0.03,0,150.0,10.0,1.00,0.500,0.300,3.00
12.7563,0.005850,-0.069548,0.022269,-0.03,0,150.0,10.0,1.00,0.500,0.300,3.00
12.7613,0.005791,-0.069568,0.022134,-0.03,0,150.0,10.0,1.00,0.500,0.300,3.00
12.7666,0.005741,-0.069578,0.021967,-0.03,0,150.0,10.0,1.00,0.500,0.300,3.00
12.7716,0.005700,-0.069582,0.021821,-0.03,0,150.0,10.0,1.00,0.500,0.300,3.00
12.7766,0.005662,-0.069594,0.021672,-0.03,0,150.0,10.0,1.00,0.500,0.300,3.00
12.7818,0.005628,-0.069605,0.021517,-0.03,0,150.0,10.0,1.00,0.500,0.300,3.00
12.7869,0.005596,-0.069607,0.021380,-0.03,0,150.0,10.0,1.00,0.500,0.300,3.00
12.7918,0.005558,-0.069617,0.021255,-0.03,0,150.0,10.0,1.00,0.500,0.300,3.00
12.7971,0.005517,-0.069623,0.021122,-0.03,0,150.0,10.0,1.00,0.500,0.300,3.00
12.8021,0.005474,-0.069639,0.021008,-0.03,0,150.0,10.0,1.00,0.500,0.300,3.00
12.8071,0.005428,-0.069668,0.020889,-0.03,0,150.0,10.0,1.00,0.500,0.300,3.00
12.8121,0.005378,-0.069695,0.020776,-0.03,0,150.0,10.0,1.00,0.500,0.300,3.00
12.8173,0.005309,-0.069736,0.020662,-0.03,0,150.0,10.0,1.00,0.500,0.300,3.00
12.8223,0.005264,-0.069760,0.020552,-0.03,0,150.0,10.0,1.00,0.500,0.300,3.00
12.8273,0.005206,-0.069804,0.020432,-0.03,0,150.0,10.0,1.00,0.500,0.300,3.00
12.8326,0.005142,-0.069852,0.020310,-0.03,0,150.0,10.0,1.00,0.500,0.300,3.00
12.8376,0.005077,-0.069908,0.020192,-0.03,0,150.0,10.0,1.00,0.500,0.300,3.00
12.8426,0.005000,-0.069964,0.020070,-0.03,0,150.0,10.0,1.00,0.500,0.300,3.00
12.8478,0.004912,-0.070027,0.019928,-0.03,0,150.0,10.0,1.00,0.500,0.300,3.00
12.8528,0.004820,-0.070089,0.019793,-0.03,0,150.0,10.0,1.00,0.500,0.300,3.00
12.8581,0.004731,-0.070151,0.019652,-0.03,0,150.0,10.0,1.00,0.500,0.300,3.00
12.8632,0.004653,-0.070204,0.019516,-0.03,0,150.0,10.0,1.00,0.500,0.300,3.00
12.8681,0.004561,-0.070266,0.019381,-0.03,0,150.0,10.0,1.00,0.500,0.300,3.00
12.8734,0.004464,-0.070321,0.019225,-0.03,0,150.0,10.0,1.00,0.500,0.300,3.00
12.8783,0.004386,-0.070369,0.019062,-0.03,0,150.0,10.0,1.00,0.500,0.300,3.00
12.8836,0.004290,-0.070436,0.018894,-0.03,0,150.0,10.0,1.00,0.500,0.300,3.00
12.8886,0.004204,-0.070499,0.018723,-0.03,0,150.0,10.0,1.00,0.500,0.300,3.00
12.8936,0.004118,-0.070557,0.018562,-0.03,0,150.0,10.0,1.00,0.500,0.300,3.00
12.8989,0.004032,-0.070612,0.018386,-0.03,0,150.0,10.0,1.00,0.500,0.300,3.00
12.9038,0.003946,-0.070670,0.018225,-0.03,0,150.0,10.0,1.00,0.500,0.300,3.00
12.9088,0.003866,-0.070716,0.018062,-0.03,0,150.0,10.0,1.00,0.500,0.300,3.00
12.9140,0.003794,-0.070762,0.017886,-0.03,0,150.0,10.0,1.00,0.500,0.300,3.00
12.9191,0.003728,-0.070799,0.017721,-0.03,0,150.0,10.0,1.00,0.500,0.300,3.00
12.9241,0.003666,-0.070836,0.017551,-0.03,0,150.0,10.0,1.00,0.500,0.300,3.00
12.9294,0.003610,-0.070862,0.017378,-0.03,0,150.0,10.0,1.00,0.500,0.300,3.00
12.9344,0.003550,-0.070887,0.017212,-0.03,0,150.0,10.0,1.00,0.500,0.300,3.00
12.9393,0.003498,-0.070897,0.017053,-0.03,0,150.0,10.0,1.00,0.500,0.300,3.00
12.9446,0.003439,-0.070915,0.016883,-0.03,0,150.0,10.0,1.00,0.500,0.300,3.00
12.9496,0.003381,-0.070931,0.016735,-0.03,0,150.0,10.0,1.00,0.500,0.300,3.00
12.9546,0.003329,-0.070943,0.016591,-0.03,0,150.0,10.0,1.00,0.500,0.300,3.00
12.9598,0.003255,-0.070959,0.016446,-0.03,0,150.0,10.0,1.00,0.500,0.300,3.00
12.9648,0.003195,-0.070971,0.016314,-0.03,0,150.0,10.0,1.00,0.500,0.300,3.00
12.9698,0.003133,-0.070989,0.016187,-0.03,0,150.0,10.0,1.00,0.500,0.300,3.00
12.9751,0.003077,-0.071001,0.016049,-0.03,0,150.0,10.0,1.00,0.500,0.300,3.00
12.9801,0.003030,-0.071014,0.015935,-0.03,0,150.0,10.0,1.00,0.500,0.300,3.00
12.9851,0.002986,-0.071027,0.015815,-0.03,0,150.0,10.0,1.00,0.500,0.300,3.00
12.9901,0.002940,-0.071044,0.015686,-0.03,0,150.0,10.0,1.00,0.500,0.300,3.00
12.9954,0.002900,-0.071060,0.015573,-0.03,0,150.0,10.0,1.00,0.500,0.300,3.00
13.0003,0.002856,-0.071073,0.015452,-0.03,0,150.0,10.0,1.00,0.500,0.300,3.00
13.0056,0.002807,-0.071090,0.015329,-0.03,0,150.0,10.0,1.00,0.500,0.300,3.00
13.0106,0.002763,-0.071103,0.015209,-0.03,0,150.0,10.0,1.00,0.500,0.300,3.00
13.0156,0.002715,-0.071128,0.015084,-0.03,0,150.0,10.0,1.00,0.500,0.300,3.00
13.0208,0.002683,-0.071136,0.014954,-0.03,0,150.0,10.0,1.00,0.500,0.300,3.00
13.0258,0.002662,-0.071149,0.014818,-0.03,0,150.0,10.0,1.00,0.500,0.300,3.00
13.0309,0.002638,-0.071161,0.014688,-0.03,0,150.0,10.0,1.00,0.500,0.300,3.00
13.0361,0.002620,-0.071173,0.014545,-0.03,0,150.0,10.0,1.00,0.500,0.300,3.00
13.0411,0.002606,-0.071177,0.014421,-0.03,0,150.0,10.0,1.00,0.500,0.300,3.00
13.0461,0.002591,-0.071181,0.014297,-0.03,0,150.0,10.0,1.00,0.500,0.300,3.00
13.0511,0.002587,-0.071176,0.014178,-0.03,0,150.0,10.0,1.00,0.500,0.300,3.00
13.0563,0.002587,-0.071175,0.014067,-0.03,0,150.0,10.0,1.00,0.500,0.300,3.00
13.0614,0.002585,-0.071181,0.013960,-0.03,0,150.0,10.0,1.00,0.500,0.300,3.00
13.0663,0.002593,-0.071189,0.013878,-0.03,0,150.0,10.0,1.00,0.500,0.300,3.00
13.0716,0.002597,-0.071203,0.013807,-0.03,0,150.0,10.0,1.00,0.500,0.300,3.00
13.0766,0.002607,-0.071210,0.013748,-0.03,0,150.0,10.0,1.00,0.500,0.300,3.00
13.0816,0.002609,-0.071223,0.013707,-0.03,0,150.0,10.0,1.00,0.500,0.300,3.00
13.0868,0.002610,-0.071243,0.013671,-0.03,0,150.0,10.0,1.00,0.500,0.300,3.00
13.0918,0.002612,-0.071259,0.013644,-0.03,0,150.0,10.0,1.00,0.500,0.300,3.00
13.0969,0.002615,-0.071279,0.013631,-0.03,0,150.0,10.0,1.00,0.500,0.300,3.00
13.1021,0.002622,-0.071291,0.013606,-0.03,0,150.0,10.0,1.00,0.500,0.300,3.00
13.1071,0.002632,-0.071298,0.013591,-0.03,0,150.0,10.0,1.00,0.500,0.300,3.00
13.1121,0.002645,-0.071306,0.013570,-0.03,0,150.0,10.0,1.00,0.500,0.300,3.00
13.1173,0.002663,-0.071310,0.013551,-0.03,0,150.0,10.0,1.00,0.500,0.300,3.00
13.1223,0.002679,-0.071318,0.013523,-0.03,0,150.0,10.0,1.00,0.500,0.300,3.00
13.1273,0.002697,-0.071319,0.013490,-0.03,0,150.0,10.0,1.00,0.500,0.300,3.00
13.1326,0.002726,-0.071323,0.013451,-0.03,0,150.0,10.0,1.00,0.500,0.300,3.00
13.1376,0.002743,-0.071321,0.013404,-0.03,0,150.0,10.0,1.00,0.500,0.300,3.00
13.1428,0.002772,-0.071323,0.013351,-0.03,0,150.0,10.0,1.00,0.500,0.300,3.00
13.1478,0.002795,-0.071328,0.013296,-0.03,0,150.0,10.0,1.00,0.500,0.300,3.00
13.1528,0.002814,-0.071333,0.013247,-0.03,0,150.0,10.0,1.00,0.500,0.300,3.00
13.1581,0.002823,-0.071347,0.013192,-0.03,0,150.0,10.0,1.00,0.500,0.300,3.00
13.1631,0.002824,-0.071360,0.013151,-0.03,0,150.0,10.0,1.00,0.500,0.300,3.00
13.1681,0.002824,-0.071377,0.013101,-0.03,0,150.0,10.0,1.00,0.500,0.300,3.00
13.1731,0.002820,-0.071402,0.013062,-0.03,0,150.0,10.0,1.00,0.500,0.300,3.00
13.1784,0.002816,-0.071431,0.013007,-0.03,0,150.0,10.0,1.00,0.500,0.300,3.00
13.1833,0.002802,-0.071456,0.012957,-0.03,0,150.0,10.0,1.00,0.500,0.300,3.00
13.1883,0.002790,-0.071477,0.012917,-0.03,0,150.0,10.0,1.00,0.500,0.300,3.00
13.1935,0.002771,-0.071499,0.012860,-0.03,0,150.0,10.0,1.00,0.500,0.300,3.00
13.1985,0.002758,-0.071518,0.012806,-0.03,0,150.0,10.0,1.00,0.500,0.300,3.00
13.2039,0.002745,-0.071533,0.012738,-0.03,0,150.0,10.0,1.00,0.500,0.300,3.00
13.2088,0.002740,-0.071544,0.012666,-0.03,0,150.0,10.0,1.00,0.500,0.300,3.00
13.2139,0.002729,-0.071556,0.012577,-0.03,0,150.0,10.0,1.00,0.500,0.300,3.00
13.2191,0.002712,-0.071570,0.012471,-0.03,0,150.0,10.0,1.00,0.500,0.300,3.00
13.2241,0.002699,-0.071586,0.012372,-0.03,0,150.0,10.0,1.00,0.500,0.300,3.00
13.2291,0.002689,-0.071588,0.012264,-0.03,0,150.0,10.0,1.00,0.500,0.300,3.00
13.2341,0.002674,-0.071597,0.012168,-0.03,0,150.0,10.0,1.00,0.500,0.300,3.00
13.2394,0.002664,-0.071602,0.012074,-0.03,0,150.0,10.0,1.00,0.500,0.300,3.00
13.2443,0.002658,-0.071607,0.011973,-0.03,0,150.0,10.0,1.00,0.500,0.300,3.00
13.2493,0.002654,-0.071601,0.011877,-0.03,0,150.0,10.0,1.00,0.500,0.300,3.00
13.2543,0.002646,-0.071602,0.011792,-0.03,0,150.0,10.0,1.00,0.500,0.300,3.00
13.2596,0.002631,-0.071614,0.011710,-0.03,0,150.0,10.0,1.00,0.500,0.300,3.00
13.2645,0.002618,-0.071622,0.011637,-0.03,0,150.0,10.0,1.00,0.500,0.300,3.00
13.2698,0.002603,-0.071633,0.011554,-0.03,0,150.0,10.0,1.00,0.500,0.300,3.00
13.2748,0.002598,-0.071644,0.011482,-0.03,0,150.0,10.0,1.00,0.500,0.300,3.00
13.2798,0.002583,-0.071659,0.011413,-0.03,0,150.0,10.0,1.00,0.500,0.300,3.00
13.2851,0.002569,-0.071674,0.011345,-0.03,0,150.0,10.0,1.00,0.500,0.300,3.00
13.2901,0.002559,-0.071692,0.011284,-0.03,0,150.0,10.0,1.00,0.500,0.300,3.00
13.2951,0.002560,-0.071695,0.011223,-0.03,0,150.0,10.0,1.00,0.500,0.300,3.00
13.3001,0.002555,-0.071709,0.011165,-0.03,0,150.0,10.0,1.00,0.500,0.300,3.00
13.3053,0.002562,-0.071707,0.011107,-0.03,0,150.0,10.0,1.00,0.500,0.300,3.00
13.3103,0.002573,-0.071706,0.011043,-0.03,0,150.0,10.0,1.00,0.500,0.300,3.00
13.3153,0.002586,-0.071705,0.010972,-0.03,0,150.0,10.0,1.00,0.500,0.300,3.00
13.3206,0.002600,-0.071704,0.010901,-0.03,0,150.0,10.0,1.00,0.500,0.300,3.00
13.3256,0.002613,-0.071710,0.010834,-0.03,0,150.0,10.0,1.00,0.500,0.300,3.00
13.3308,0.002623,-0.071720,0.010759,-0.03,0,150.0,10.0,1.00,0.500,0.300,3.00
13.3358,0.002634,-0.071734,0.010697,-0.03,0,150.0,10.0,1.00,0.500,0.300,3.00
13.3409,0.002644,-0.071754,0.010640,-0.03,0,150.0,10.0,1.00,0.500,0.300,3.00
13.3461,0.002656,-0.071767,0.010579,-0.03,0,150.0,10.0,1.00,0.500,0.300,3.00
13.3511,0.002669,-0.071776,0.010526,-0.03,0,150.0,10.0,1.00,0.500,0.300,3.00
13.3563,0.002685,-0.071786,0.010467,-0.03,0,150.0,10.0,1.00,0.500,0.300,3.00
13.3613,0.002698,-0.071795,0.010415,-0.03,0,150.0,10.0,1.00,0.500,0.300,3.00
13.3663,0.002724,-0.071800,0.010352,-0.03,0,150.0,10.0,1.00,0.500,0.300,3.00
13.3716,0.002749,-0.071805,0.010289,-0.03,0,150.0,10.0,1.00,0.500,0.300,3.00
13.3766,0.002772,-0.071814,0.010216,-0.03,0,150.0,10.0,1.00,0.500,0.300,3.00
13.3818,0.002792,-0.071824,0.010150,-0.03,0,150.0,10.0,1.00,0.500,0.300,3.00
13.3868,0.002812,-0.071833,0.010085,-0.03,0,150.0,10.0,1.00,0.500,0.300,3.00
13.3921,0.002830,-0.071849,0.010024,-0.03,0,150.0,10.0,1.00,0.500,0.300,3.00
13.3970,0.002850,-0.071859,0.009958,-0.03,0,150.0,10.0,1.00,0.500,0.300,3.00
13.4021,0.002872,-0.071864,0.009901,-0.03,0,150.0,10.0,1.00,0.500,0.300,3.00
13.4071,0.002883,-0.071880,0.009853,-0.03,0,150.0,10.0,1.00,0.500,0.300,3.00
13.4123,0.002908,-0.071885,0.009790,-0.03,0,150.0,10.0,1.00,0.500,0.300,3.00
13.4173,0.002930,-0.071890,0.009733,-0.03,0,150.0,10.0,1.00,0.500,0.300,3.00
13.4223,0.002951,-0.071895,0.009677,-0.03,0,150.0,10.0,1.00,0.500,0.300,3.00
13.4276,0.002974,-0.071904,0.009604,-0.03,0,150.0,10.0,1.00,0.500,0.300,3.00
13.4326,0.002994,-0.071913,0.009538,-0.03,0,150.0,10.0,1.00,0.500,0.300,3.00
13.4379,0.003013,-0.071922,0.009472,-0.03,0,150.0,10.0,1.00,0.500,0.300,3.00
13.4428,0.003029,-0.071931,0.009412,-0.03,0,150.0,10.0,1.00,0.500,0.300,3.00
13.4478,0.003047,-0.071933,0.009348,-0.03,0,150.0,10.0,1.00,0.500,0.300,3.00
13.4531,0.003071,-0.071935,0.009270,-0.03,0,150.0,10.0,1.00,0.500,0.300,3.00
13.4581,0.003099,-0.071930,0.009181,-0.03,0,150.0,10.0,1.00,0.500,0.300,3.00
13.4631,0.003128,-0.071928,0.009105,-0.03,0,150.0,10.0,1.00,0.500,0.300,3.00
13.4681,0.003148,-0.071927,0.009020,-0.03,0,150.0,10.0,1.00,0.500,0.300,3.00
13.4734,0.003173,-0.071921,0.008937,-0.03,0,150.0,10.0,1.00,0.500,0.300,3.00
13.4783,0.003187,-0.071927,0.008863,-0.03,0,150.0,10.0,1.00,0.500,0.300,3.00
13.4833,0.003208,-0.071929,0.008792,-0.03,0,150.0,10.0,1.00,0.500,0.300,3.00
13.4885,0.003223,-0.071935,0.008718,-0.03,0,150.0,10.0,1.00,0.500,0.300,3.00
13.4935,0.003230,-0.071948,0.008662,-0.03,0,150.0,10.0,1.00,0.500,0.300,3.00
13.4986,0.003230,-0.071960,0.008620,-0.03,0,150.0,10.0,1.00,0.500,0.300,3.00
13.5038,0.003226,-0.071980,0.008590,-0.03,0,150.0,10.0,1.00,0.500,0.300,3.00
13.5088,0.003232,-0.071988,0.008551,-0.03,0,150.0,10.0,1.00,0.500,0.300,3.00
13.5138,0.003239,-0.071990,0.008507,-0.03,0,150.0,10.0,1.00,0.500,0.300,3.00
13.5191,0.003256,-0.071995,0.008456,-0.03,0,150.0,10.0,1.00,0.500,0.300,3.00
13.5241,0.003278,-0.071988,0.008411,-0.03,0,150.0,10.0,1.00,0.500,0.300,3.00
13.5291,0.003304,-0.071977,0.008368,-0.03,0,150.0,10.0,1.00,0.500,0.300,3.00
13.5341,0.003325,-0.071971,0.008322,-0.03,0,150.0,10.0,1.00,0.500,0.300,3.00
13.5394,0.003346,-0.071964,0.008276,-0.03,0,150.0,10.0,1.00,0.500,0.300,3.00
13.5443,0.003365,-0.071950,0.008232,-0.03,0,150.0,10.0,1.00,0.500,0.300,3.00
13.5493,0.003379,-0.071943,0.008200,-0.03,0,150.0,10.0,1.00,0.500,0.300,3.00
13.5546,0.003391,-0.071929,0.008170,-0.03,0,150.0,10.0,1.00,0.500,0.300,3.00
13.5596,0.003402,-0.071922,0.008144,-0.03,0,150.0,10.0,1.00,0.500,0.300,3.00
13.5648,0.003420,-0.071904,0.008117,-0.03,0,150.0,10.0,1.00,0.500,0.300,3.00
13.5699,0.003431,-0.071886,0.008103,-0.03,0,150.0,10.0,1.00,0.500,0.300,3.00
13.5749,0.003450,-0.071863,0.008085,-0.03,0,150.0,10.0,1.00,0.500,0.300,3.00
13.5801,0.003461,-0.071845,0.008071,-0.03,0,150.0,10.0,1.00,0.500,0.300,3.00
13.5850,0.003478,-0.071822,0.008060,-0.03,0,150.0,10.0,1.00,0.500,0.300,3.00
13.5903,0.003498,-0.071793,0.008037,-0.03,0,150.0,10.0,1.00,0.500,0.300,3.00
13.5953,0.003519,-0.071763,0.008014,-0.03,0,150.0,10.0,1.00,0.500,0.300,3.00
13.6004,0.003540,-0.071734,0.007990,-0.03,0,150.0,10.0,1.00,0.500,0.300,3.00
13.6055,0.003558,-0.071697,0.007969,-0.03,0,150.0,10.0,1.00,0.500,0.300,3.00
13.6105,0.003584,-0.071664,0.007949,-0.03,0,150.0,10.0,1.00,0.500,0.300,3.00
13.6156,0.003602,-0.071634,0.007933,-0.03,0,150.0,10.0,1.00,0.500,0.300,3.00
13.6208,0.003625,-0.071600,0.007919,-0.03,0,150.0,10.0,1.00,0.500,0.300,3.00
13.6258,0.003641,-0.071578,0.007908,-0.03,0,150.0,10.0,1.00,0.500,0.300,3.00
13.6308,0.003656,-0.071563,0.007902,-0.03,0,150.0,10.0,1.00,0.500,0.300,3.00
13.6358,0.003670,-0.071555,0.007900,-0.04,0,150.0,10.0,1.00,0.500,0.300,3.00
13.6411,0.003679,-0.071551,0.007896,-0.08,0,150.0,10.0,1.00,0.500,0.300,3.00
13.6461,0.003693,-0.071543,0.007894,-0.14,0,150.0,10.0,1.00,0.500,0.300,3.00
13.6510,0.003693,-0.071543,0.007894,-0.23,0,150.0,10.0,1.00,0.500,0.300,3.00
13.6564,0.003695,-0.071550,0.007892,-0.37,0,150.0,10.0,1.00,0.500,0.300,3.00
13.6613,0.003687,-0.071554,0.007897,-0.54,0,150.0,10.0,1.00,0.500,0.300,3.00
13.6666,0.003676,-0.071562,0.007891,-0.74,0,150.0,10.0,1.00,0.500,0.300,3.00
13.6716,0.003656,-0.071574,0.007890,-0.96,0,150.0,10.0,1.00,0.500,0.300,3.00
13.6768,0.003640,-0.071586,0.007882,-1.24,0,150.0,10.0,1.00,0.500,0.300,3.00
13.6818,0.003616,-0.071607,0.007862,-1.55,0,150.0,10.0,1.00,0.500,0.300,3.00
13.6869,0.003589,-0.071627,0.007849,-1.87,0,150.0,10.0,1.00,0.500,0.300,3.00
13.6921,0.003562,-0.071647,0.007836,-2.28,0,150.0,10.0,1.00,0.500,0.300,3.00
13.6971,0.003533,-0.071672,0.007813,-2.69,0,150.0,10.0,1.00,0.500,0.300,3.00
13.7021,0.003501,-0.071689,0.007793,-3.10,0,150.0,10.0,1.00,0.500,0.300,3.00
13.7073,0.003466,-0.071717,0.007767,-3.60,0,150.0,10.0,1.00,0.500,0.300,3.00
13.7123,0.003438,-0.071734,0.007740,-4.06,0,150.0,10.0,1.00,0.500,0.300,3.00
13.7174,0.003405,-0.071755,0.007710,-4.55,0,150.0,10.0,1.00,0.500,0.300,3.00
13.7226,0.003374,-0.071777,0.007673,-5.06,0,150.0,10.0,1.00,0.500,0.300,3.00
13.7276,0.003349,-0.071794,0.007638,-5.56,0,150.0,10.0,1.00,0.500,0.300,3.00
13.7326,0.003329,-0.071804,0.007592,-5.99,0,150.0,10.0,1.00,0.500,0.300,3.00
13.7378,0.003306,-0.071807,0.007548,-6.47,0,150.0,10.0,1.00,0.500,0.300,3.00
13.7429,0.003291,-0.071813,0.007505,-6.89,0,150.0,10.0,1.00,0.500,0.300,3.00
13.7481,0.003270,-0.071823,0.007459,-7.31,0,150.0,10.0,1.00,0.500,0.300,3.00
13.7531,0.003264,-0.071825,0.007411,-7.67,0,150.0,10.0,1.00,0.500,0.300,3.00
13.7581,0.003264,-0.071816,0.007361,-7.98,0,150.0,10.0,1.00,0.500,0.300,3.00
13.7634,0.003262,-0.071814,0.007316,-8.27,0,150.0,10.0,1.00,0.500,0.300,3.00
13.7683,0.003275,-0.071804,0.007269,-8.51,0,150.0,10.0,1.00,0.500,0.300,3.00
13.7733,0.003287,-0.071801,0.007228,-8.70,0,150.0,10.0,1.00,0.500,0.300,3.00
13.7786,0.003304,-0.071791,0.007174,-8.88,0,150.0,10.0,1.00,0.500,0.300,3.00
13.7836,0.003320,-0.071791,0.007140,-9.03,0,150.0,10.0,1.00,0.500,0.300,3.00
13.7886,0.003340,-0.071785,0.007094,-9.17,0,150.0,10.0,1.00,0.500,0.300,3.00
13.7938,0.003351,-0.071789,0.007057,-9.31,0,150.0,10.0,1.00,0.500,0.300,3.00
13.7991,0.003371,-0.071789,0.007016,-9.47,0,150.0,10.0,1.00,0.500,0.300,3.00
13.8041,0.003382,-0.071794,0.006979,-9.63,0,150.0,10.0,1.00,0.500,0.300,3.00
13.8091,0.003392,-0.071798,0.006942,-9.82,0,150.0,10.0,1.00,0.500,0.300,3.00
13.8140,0.003399,-0.071810,0.006917,-10.06,0,150.0,10.0,1.00,0.500,0.300,3.00
13.8193,0.003406,-0.071814,0.006887,-10.36,0,150.0,10.0,1.00,0.500,0.300,3.00
13.8243,0.003411,-0.071818,0.006863,-10.69,0,150.0,10.0,1.00,0.500,0.300,3.00
13.8296,0.003424,-0.071819,0.006836,-11.08,0,150.0,10.0,1.00,0.500,0.300,3.00
13.8346,0.003425,-0.071823,0.006819,-11.50,0,150.0,10.0,1.00,0.500,0.300,3.00
13.8399,0.003436,-0.071816,0.006794,-11.94,0,150.0,10.0,1.00,0.500,0.300,3.00
13.8449,0.003447,-0.071802,0.006764,-12.41,0,150.0,10.0,1.00,0.500,0.300,3.00
13.8498,0.003455,-0.071795,0.006745,-12.88,0,150.0,10.0,1.00,0.500,0.300,3.00
13.8548,0.003467,-0.071780,0.006714,-13.37,0,150.0,10.0,1.00,0.500,0.300,3.00
13.8601,0.003477,-0.071773,0.006689,-13.87,0,150.0,10.0,1.00,0.500,0.300,3.00
13.8652,0.003492,-0.071759,0.006652,-14.36,0,150.0,10.0,1.00,0.500,0.300,3.00
13.8701,0.003503,-0.071752,0.006626,-14.82,0,150.0,10.0,1.00,0.500,0.300,3.00
13.8754,0.003517,-0.071745,0.006594,-15.30,0,150.0,10.0,1.00,0.500,0.300,3.00
13.8803,0.003526,-0.071743,0.006559,-15.75,0,150.0,10.0,1.00,0.500,0.300,3.00
13.8853,0.003539,-0.071743,0.006531,-16.18,0,150.0,10.0,1.00,0.500,0.300,3.00
13.8905,0.003553,-0.071747,0.006487,-16.64,0,150.0,10.0,1.00,0.500,0.300,3.00
13.8955,0.003563,-0.071752,0.006450,-17.06,0,150.0,10.0,1.00,0.500,0.300,3.00
13.9005,0.003582,-0.071759,0.006414,-17.51,0,150.0,10.0,1.00,0.500,0.300,3.00
13.9058,0.003590,-0.071768,0.006367,-17.98,0,150.0,10.0,1.00,0.500,0.300,3.00
13.9108,0.003607,-0.071772,0.006316,-18.47,0,150.0,10.0,1.00,0.500,0.300,3.00
13.9158,0.003624,-0.071776,0.006265,-18.95,0,150.0,10.0,1.00,0.500,0.300,3.00
13.9211,0.003637,-0.071778,0.006207,-19.47,0,150.0,10.0,1.00,0.500,0.300,3.00
13.9261,0.003653,-0.071779,0.006141,-19.96,0,150.0,10.0,1.00,0.500,0.300,3.00
13.9310,0.003665,-0.071780,0.006083,-20.49,0,150.0,10.0,1.00,0.500,0.300,3.00
13.9361,0.003667,-0.071778,0.006031,-21.00,0,150.0,10.0,1.00,0.500,0.300,3.00
13.9413,0.003672,-0.071776,0.005972,-21.52,0,150.0,10.0,1.00,0.500,0.300,3.00
13.9463,0.003668,-0.071778,0.005917,-22.02,0,150.0,10.0,1.00,0.500,0.300,3.00
13.9513,0.003656,-0.071777,0.005861,-22.48,0,150.0,10.0,1.00,0.500,0.300,3.00
13.9564,0.003649,-0.071779,0.005813,-22.95,0,150.0,10.0,1.00,0.500,0.300,3.00
13.9615,0.003636,-0.071782,0.005748,-23.40,0,150.0,10.0,1.00,0.500,0.300,3.00
13.9668,0.003626,-0.071788,0.005691,-23.79,0,150.0,10.0,1.00,0.500,0.300,3.00
13.9718,0.003608,-0.071798,0.005638,-24.16,0,150.0,10.0,1.00,0.500,0.300,3.00
13.9768,0.003592,-0.071815,0.005583,-24.50,0,150.0,10.0,1.00,0.500,0.300,3.00
13.9821,0.003572,-0.071829,0.005520,-24.81,0,150.0,10.0,1.00,0.500,0.300,3.00
13.9870,0.003558,-0.071853,0.005463,-25.09,0,150.0,10.0,1.00,0.500,0.300,3.00
13.9921,0.003545,-0.071870,0.005401,-25.33,0,150.0,10.0,1.00,0.500,0.300,3.00
13.9974,0.003529,-0.071899,0.005334,-25.55,0,150.0,10.0,1.00,0.500,0.300,3.00
14.0023,0.003517,-0.071920,0.005256,-25.76,0,150.0,10.0,1.00,0.500,0.300,3.00
14.0073,0.003504,-0.071948,0.005182,-25.97,0,150.0,10.0,1.00,0.500,0.300,3.00
14.0126,0.003501,-0.071966,0.005099,-26.18,0,150.0,10.0,1.00,0.500,0.300,3.00
14.0176,0.003502,-0.071986,0.005024,-26.37,0,150.0,10.0,1.00,0.500,0.300,3.00
14.0226,0.003503,-0.072006,0.004948,-26.55,0,150.0,10.0,1.00,0.500,0.300,3.00
14.0278,0.003494,-0.072038,0.004882,-26.77,0,150.0,10.0,1.00,0.500,0.300,3.00
14.0328,0.003492,-0.072058,0.004813,-26.98,0,150.0,10.0,1.00,0.500,0.300,3.00
14.0378,0.003490,-0.072078,0.004745,-27.20,0,150.0,10.0,1.00,0.500,0.300,3.00
14.0428,0.003486,-0.072106,0.004681,-27.39,0,150.0,10.0,1.00,0.500,0.300,3.00
14.0481,0.003484,-0.072126,0.004612,-27.58,0,150.0,10.0,1.00,0.500,0.300,3.00
14.0531,0.003484,-0.072142,0.004553,-27.78,0,150.0,10.0,1.00,0.500,0.300,3.00
14.0581,0.003484,-0.072158,0.004494,-27.97,0,150.0,10.0,1.00,0.500,0.300,3.00
14.0631,0.003481,-0.072174,0.004442,-28.14,0,150.0,10.0,1.00,0.500,0.300,3.00
14.0683,0.003481,-0.072191,0.004383,-28.29,0,150.0,10.0,1.00,0.500,0.300,3.00
14.0733,0.003477,-0.072207,0.004331,-28.33,0,150.0,10.0,1.00,0.500,0.300,3.00
14.0783,0.003474,-0.072223,0.004279,-28.32,0,150.0,10.0,1.00,0.500,0.300,3.00
14.0836,0.003474,-0.072239,0.004220,-28.29,0,150.0,10.0,1.00,0.500,0.300,3.00
14.0885,0.003467,-0.072266,0.004163,-28.30,0,150.0,10.0,1.00,0.500,0.300,3.00
14.0939,0.003466,-0.072289,0.004108,-28.32,0,150.0,10.0,1.00,0.500,0.300,3.00
14.0988,0.003470,-0.072320,0.004045,-28.32,0,150.0,10.0,1.00,0.500,0.300,3.00
14.1038,0.003472,-0.072343,0.003984,-28.32,0,150.0,10.0,1.00,0.500,0.300,3.00
14.1088,0.003465,-0.072381,0.003915,-28.32,0,150.0,10.0,1.00,0.500,0.300,3.00
14.1141,0.003461,-0.072409,0.003852,-28.32,0,150.0,10.0,1.00,0.500,0.300,3.00
14.1191,0.003457,-0.072436,0.003788,-28.32,0,150.0,10.0,1.00,0.500,0.300,3.00
14.1241,0.003450,-0.072463,0.003731,-28.32,0,150.0,10.0,1.00,0.500,0.300,3.00
14.1291,0.003449,-0.072486,0.003677,-28.32,0,150.0,10.0,1.00,0.500,0.300,3.00
14.1344,0.003439,-0.072513,0.003627,-28.32,0,150.0,10.0,1.00,0.500,0.300,3.00
14.1393,0.003431,-0.072536,0.003586,-28.32,0,150.0,10.0,1.00,0.500,0.300,3.00
14.1443,0.003428,-0.072552,0.003534,-28.32,0,150.0,10.0,1.00,0.500,0.300,3.00
14.1496,0.003426,-0.072564,0.003491,-28.32,0,150.0,10.0,1.00,0.500,0.300,3.00
14.1546,0.003421,-0.072583,0.003461,-28.32,0,150.0,10.0,1.00,0.500,0.300,3.00
14.1596,0.003426,-0.072591,0.003421,-28.32,0,150.0,10.0,1.00,0.500,0.300,3.00
14.1648,0.003432,-0.072595,0.003390,-28.32,0,150.0,10.0,1.00,0.500,0.300,3.00
14.1698,0.003430,-0.072603,0.003364,-28.32,0,150.0,10.0,1.00,0.500,0.300,3.00
14.1748,0.003437,-0.072603,0.003350,-28.32,0,150.0,10.0,1.00,0.500,0.300,3.00
14.1801,0.003438,-0.072600,0.003328,-28.32,0,150.0,10.0,1.00,0.500,0.300,3.00
14.1851,0.003441,-0.072600,0.003321,-28.32,0,150.0,10.0,1.00,0.500,0.300,3.00
14.1901,0.003452,-0.072582,0.003307,-28.32,0,150.0,10.0,1.00,0.500,0.300,3.00
14.1951,0.003450,-0.072575,0.003309,-28.32,0,150.0,10.0,1.00,0.500,0.300,3.00
14.2004,0.003454,-0.072556,0.003309,-28.32,0,150.0,10.0,1.00,0.500,0.300,3.00
14.2053,0.003464,-0.072534,0.003311,-28.32,0,150.0,10.0,1.00,0.500,0.300,3.00
14.2105,0.003465,-0.072516,0.003318,-28.32,0,150.0,10.0,1.00,0.500,0.300,3.00
14.2156,0.003470,-0.072498,0.003317,-28.32,0,150.0,10.0,1.00,0.500,0.300,3.00
14.2206,0.003477,-0.072475,0.003327,-28.32,0,150.0,10.0,1.00,0.500,0.300,3.00
14.2258,0.003482,-0.072450,0.003321,-28.32,0,150.0,10.0,1.00,0.500,0.300,3.00
14.2309,0.003483,-0.072431,0.003328,-28.32,0,150.0,10.0,1.00,0.500,0.300,3.00
14.2358,0.003497,-0.072402,0.003318,-28.32,0,150.0,10.0,1.00,0.500,0.300,3.00
14.2411,0.003502,-0.072384,0.003318,-28.32,0,150.0,10.0,1.00,0.500,0.300,3.00
14.2461,0.003500,-0.072369,0.003315,-28.32,0,150.0,10.0,1.00,0.500,0.300,3.00
14.2511,0.003508,-0.072351,0.003308,-28.32,0,150.0,10.0,1.00,0.500,0.300,3.00
14.2561,0.003507,-0.072337,0.003305,-28.32,0,150.0,10.0,1.00,0.500,0.300,3.00
14.2614,0.003499,-0.072334,0.003304,-28.32,0,150.0,10.0,1.00,0.500,0.300,3.00
14.2663,0.003497,-0.072326,0.003307,-28.32,0,150.0,10.0,1.00,0.500,0.300,3.00
14.2713,0.003495,-0.072319,0.003309,-28.32,0,150.0,10.0,1.00,0.500,0.300,3.00
14.2765,0.003492,-0.072319,0.003316,-28.32,0,150.0,10.0,1.00,0.500,0.300,3.00
14.2816,0.003495,-0.072308,0.003320,-28.32,0,150.0,10.0,1.00,0.500,0.300,3.00
14.2868,0.003492,-0.072308,0.003327,-28.32,0,150.0,10.0,1.00,0.500,0.300,3.00
14.2918,0.003490,-0.072301,0.003329,-28.32,0,150.0,10.0,1.00,0.500,0.300,3.00
14.2968,0.003487,-0.072301,0.003336,-28.32,0,150.0,10.0,1.00,0.500,0.300,3.00
14.3018,0.003490,-0.072290,0.003341,-28.32,0,150.0,10.0,1.00,0.500,0.300,3.00
14.3071,0.003491,-0.072283,0.003336,-28.32,0,150.0,10.0,1.00,0.500,0.300,3.00
14.3121,0.003495,-0.072271,0.003341,-28.32,0,150.0,10.0,1.00,0.500,0.300,3.00
14.3171,0.003501,-0.072260,0.003338,-28.32,0,150.0,10.0,1.00,0.500,0.300,3.00
14.3223,0.003502,-0.072253,0.003333,-28.32,0,150.0,10.0,1.00,0.500,0.300,3.00
14.3273,0.003509,-0.072242,0.003331,-28.32,0,150.0,10.0,1.00,0.500,0.300,3.00
14.3325,0.003510,-0.072235,0.003326,-28.32,0,150.0,10.0,1.00,0.500,0.300,3.00
14.3376,0.003514,-0.072228,0.003314,-28.32,0,150.0,10.0,1.00,0.500,0.300,3.00
14.3428,0.003514,-0.072221,0.003309,-28.32,0,150.0,10.0,1.00,0.500,0.300,3.00
14.3478,0.003515,-0.072213,0.003304,-28.32,0,150.0,10.0,1.00,0.500,0.300,3.00
14.3528,0.003516,-0.072206,0.003299,-28.32,0,150.0,10.0,1.00,0.500,0.300,3.00
14.3581,0.003518,-0.072192,0.003290,-28.32,0,150.0,10.0,1.00,0.500,0.300,3.00
14.3630,0.003519,-0.072185,0.003285,-28.32,0,150.0,10.0,1.00,0.500,0.300,3.00
14.3681,0.003521,-0.072170,0.003275,-28.32,0,150.0,10.0,1.00,0.500,0.300,3.00
14.3731,0.003517,-0.072167,0.003267,-28.32,0,150.0,10.0,1.00,0.500,0.300,3.00
14.3784,0.003514,-0.072160,0.003269,-28.32,0,150.0,10.0,1.00,0.500,0.300,3.00
14.3833,0.003511,-0.072150,0.003257,-28.32,0,150.0,10.0,1.00,0.500,0.300,3.00
14.3883,0.003506,-0.072147,0.003249,-28.32,0,150.0,10.0,1.00,0.500,0.300,3.00
14.3935,0.003503,-0.072136,0.003237,-28.32,0,150.0,10.0,1.00,0.500,0.300,3.00
14.3986,0.003499,-0.072126,0.003225,-28.32,0,150.0,10.0,1.00,0.500,0.300,3.00
14.4036,0.003504,-0.072112,0.003208,-28.32,0,150.0,10.0,1.00,0.500,0.300,3.00
14.4090,0.003506,-0.072097,0.003198,-28.32,0,150.0,10.0,1.00,0.500,0.300,3.00
14.4139,0.003502,-0.072087,0.003185,-28.32,0,150.0,10.0,1.00,0.500,0.300,3.00
14.4191,0.003504,-0.072073,0.003176,-28.32,0,150.0,10.0,1.00,0.500,0.300,3.00
14.4242,0.003506,-0.072058,0.003166,-28.32,0,150.0,10.0,1.00,0.500,0.300,3.00
14.4291,0.003508,-0.072044,0.003156,-28.32,0,150.0,10.0,1.00,0.500,0.300,3.00
14.4344,0.003509,-0.072037,0.003151,-28.32,0,150.0,10.0,1.00,0.500,0.300,3.00
14.4393,0.003510,-0.072022,0.003141,-28.32,0,150.0,10.0,1.00,0.500,0.300,3.00
14.4443,0.003512,-0.072008,0.003131,-28.32,0,150.0,10.0,1.00,0.500,0.300,3.00
14.4495,0.003514,-0.071994,0.003121,-28.32,0,150.0,10.0,1.00,0.500,0.300,3.00
14.4546,0.003513,-0.071979,0.003119,-28.32,0,150.0,10.0,1.00,0.500,0.300,3.00
14.4598,0.003516,-0.071958,0.003104,-28.32,0,150.0,10.0,1.00,0.500,0.300,3.00
14.4648,0.003518,-0.071944,0.003094,-28.32,0,150.0,10.0,1.00,0.500,0.300,3.00
14.4698,0.003519,-0.071929,0.003084,-28.32,0,150.0,10.0,1.00,0.500,0.300,3.00
14.4751,0.003516,-0.071919,0.003072,-28.32,0,150.0,10.0,1.00,0.500,0.300,3.00
14.4800,0.003518,-0.071905,0.003062,-28.32,0,150.0,10.0,1.00,0.500,0.300,3.00
14.4850,0.003513,-0.071901,0.003054,-28.32,0,150.0,10.0,1.00,0.500,0.300,3.00
14.4901,0.003514,-0.071894,0.003049,-28.32,0,150.0,10.0,1.00,0.500,0.300,3.00
14.4953,0.003509,-0.071891,0.003042,-28.32,0,150.0,10.0,1.00,0.500,0.300,3.00
14.5003,0.003509,-0.071891,0.003042,-28.32,0,150.0,10.0,1.00,0.500,0.300,3.00
14.5053,0.003510,-0.071884,0.003037,-28.32,0,150.0,10.0,1.00,0.500,0.300,3.00
14.5105,0.003505,-0.071888,0.003034,-28.32,0,150.0,10.0,1.00,0.500,0.300,3.00
14.5155,0.003505,-0.071888,0.003034,-28.32,0,150.0,10.0,1.00,0.500,0.300,3.00
14.5205,0.003505,-0.071888,0.003034,-28.32,0,150.0,10.0,1.00,0.500,0.300,3.00
14.5258,0.003504,-0.071895,0.003039,-28.32,0,150.0,10.0,1.00,0.500,0.300,3.00
14.5308,0.003498,-0.071899,0.003037,-28.32,0,150.0,10.0,1.00,0.500,0.300,3.00
14.5361,0.003498,-0.071899,0.003037,-28.32,0,150.0,10.0,1.00,0.500,0.300,3.00
14.5411,0.003501,-0.071899,0.003030,-28.32,0,150.0,10.0,1.00,0.500,0.300,3.00
14.5461,0.003496,-0.071903,0.003027,-28.32,0,150.0,10.0,1.00,0.500,0.300,3.00
14.5511,0.003496,-0.071903,0.003027,-28.32,0,150.0,10.0,1.00,0.500,0.300,3.00
14.5563,0.003490,-0.071907,0.003025,-28.32,0,150.0,10.0,1.00,0.500,0.300,3.00
14.5613,0.003490,-0.071907,0.003025,-28.32,0,150.0,10.0,1.00,0.500,0.300,3.00
14.5665,0.003490,-0.071907,0.003025,-28.32,0,150.0,10.0,1.00,0.500,0.300,3.00
14.5716,0.003487,-0.071907,0.003032,-28.32,0,150.0,10.0,1.00,0.500,0.300,3.00
14.5769,0.003487,-0.071907,0.003032,-28.32,0,150.0,10.0,1.00,0.500,0.300,3.00
14.5819,0.003487,-0.071907,0.003032,-28.32,0,150.0,10.0,1.00,0.500,0.300,3.00
14.5868,0.003487,-0.071907,0.003032,-28.32,0,150.0,10.0,1.00,0.500,0.300,3.00
14.5920,0.003487,-0.071907,0.003032,-28.32,0,150.0,10.0,1.00,0.500,0.300,3.00
14.5971,0.003487,-0.071907,0.003032,-28.32,0,150.0,10.0,1.00,0.500,0.300,3.00
14.6021,0.003484,-0.071907,0.003039,-28.32,0,150.0,10.0,1.00,0.500,0.300,3.00
14.6073,0.003484,-0.071907,0.003039,-28.32,0,150.0,10.0,1.00,0.500,0.300,3.00
14.6123,0.003478,-0.071918,0.003041,-28.32,0,150.0,10.0,1.00,0.500,0.300,3.00
14.6174,0.003478,-0.071918,0.003041,-28.32,0,150.0,10.0,1.00,0.500,0.300,3.00
14.6226,0.003472,-0.071922,0.003039,-28.32,0,150.0,10.0,1.00,0.500,0.300,3.00
14.6275,0.003470,-0.071926,0.003029,-28.32,0,150.0,10.0,1.00,0.500,0.300,3.00
14.6325,0.003464,-0.071930,0.003026,-28.32,0,150.0,10.0,1.00,0.500,0.300,3.00
14.6378,0.003459,-0.071934,0.003024,-28.32,0,150.0,10.0,1.00,0.500,0.300,3.00
14.6428,0.003453,-0.071938,0.003021,-28.32,0,150.0,10.0,1.00,0.500,0.300,3.00
14.6481,0.003448,-0.071942,0.003019,-28.32,0,150.0,10.0,1.00,0.500,0.300,3.00
14.6531,0.003442,-0.071946,0.003016,-28.32,0,150.0,10.0,1.00,0.500,0.300,3.00
14.6581,0.003437,-0.071950,0.003014,-28.32,0,150.0,10.0,1.00,0.500,0.300,3.00
14.6634,0.003431,-0.071954,0.003011,-28.32,0,150.0,10.0,1.00,0.500,0.300,3.00
14.6683,0.003422,-0.071958,0.003016,-28.32,0,150.0,10.0,1.00,0.500,0.300,3.00
14.6733,0.003426,-0.071951,0.003004,-28.32,0,150.0,10.0,1.00,0.500,0.300,3.00
14.6786,0.003426,-0.071951,0.003004,-28.32,0,150.0,10.0,1.00,0.500,0.300,3.00
14.6835,0.003426,-0.071951,0.003004,-28.32,0,150.0,10.0,1.00,0.500,0.300,3.00
14.6888,0.003426,-0.071951,0.003004,-28.32,0,150.0,10.0,1.00,0.500,0.300,3.00
14.6938,0.003432,-0.071947,0.003006,-28.32,0,150.0,10.0,1.00,0.500,0.300,3.00
14.6988,0.003433,-0.071939,0.003001,-28.32,0,150.0,10.0,1.00,0.500,0.300,3.00
14.7041,0.003427,-0.071943,0.002999,-28.32,0,150.0,10.0,1.00,0.500,0.300,3.00
14.7091,0.003427,-0.071943,0.002999,-28.32,0,150.0,10.0,1.00,0.500,0.300,3.00
14.7141,0.003434,-0.071932,0.002996,-28.32,0,150.0,10.0,1.00,0.500,0.300,3.00
14.7191,0.003434,-0.071932,0.002996,-28.32,0,150.0,10.0,1.00,0.500,0.300,3.00
14.7243,0.003435,-0.071925,0.002991,-28.32,0,150.0,10.0,1.00,0.500,0.300,3.00
14.7293,0.003436,-0.071918,0.002986,-28.32,0,150.0,10.0,1.00,0.500,0.300,3.00
14.7343,0.003442,-0.071907,0.002984,-28.32,0,150.0,10.0,1.00,0.500,0.300,3.00
14.7396,0.003443,-0.071900,0.002979,-28.32,0,150.0,10.0,1.00,0.500,0.300,3.00
14.7445,0.003444,-0.071893,0.002974,-28.32,0,150.0,10.0,1.00,0.500,0.300,3.00
14.7495,0.003450,-0.071881,0.002972,-28.32,0,150.0,10.0,1.00,0.500,0.300,3.00
14.7545,0.003451,-0.071874,0.002967,-28.32,0,150.0,10.0,1.00,0.500,0.300,3.00
14.7598,0.003449,-0.071867,0.002969,-28.32,0,150.0,10.0,1.00,0.500,0.300,3.00
14.7648,0.003449,-0.071867,0.002969,-28.32,0,150.0,10.0,1.00,0.500,0.300,3.00
14.7701,0.003456,-0.071856,0.002967,-28.32,0,150.0,10.0,1.00,0.500,0.300,3.00
14.7751,0.003456,-0.071856,0.002967,-28.32,0,150.0,10.0,1.00,0.500,0.300,3.00
14.7801,0.003461,-0.071852,0.002969,-28.32,0,150.0,10.0,1.00,0.500,0.300,3.00
14.7851,0.003465,-0.071845,0.002957,-28.32,0,150.0,10.0,1.00,0.500,0.300,3.00
14.7904,0.003471,-0.071841,0.002960,-28.32,0,150.0,10.0,1.00,0.500,0.300,3.00
14.7953,0.003477,-0.071830,0.002958,-28.32,0,150.0,10.0,1.00,0.500,0.300,3.00
14.8004,0.003477,-0.071830,0.002958,-28.32,0,150.0,10.0,1.00,0.500,0.300,3.00
14.8056,0.003478,-0.071823,0.002953,-28.32,0,150.0,10.0,1.00,0.500,0.300,3.00
14.8106,0.003483,-0.071819,0.002955,-28.32,0,150.0,10.0,1.00,0.500,0.300,3.00
14.8155,0.003484,-0.071812,0.002950,-28.32,0,150.0,10.0,1.00,0.500,0.300,3.00
14.8208,0.003485,-0.071804,0.002945,-28.32,0,150.0,10.0,1.00,0.500,0.300,3.00
14.8258,0.003480,-0.071808,0.002943,-28.32,0,150.0,10.0,1.00,0.500,0.300,3.00
14.8311,0.003481,-0.071801,0.002938,-28.32,0,150.0,10.0,1.00,0.500,0.300,3.00
14.8361,0.003482,-0.071794,0.002933,-28.32,0,150.0,10.0,1.00,0.500,0.300,3.00
14.8411,0.003482,-0.071787,0.002928,-28.32,0,150.0,10.0,1.00,0.500,0.300,3.00
14.8463,0.003483,-0.071780,0.002923,-28.32,0,150.0,10.0,1.00,0.500,0.300,3.00
14.8513,0.003479,-0.071776,0.002916,-28.32,0,150.0,10.0,1.00,0.500,0.300,3.00
14.8563,0.003480,-0.071769,0.002911,-28.32,0,150.0,10.0,1.00,0.500,0.300,3.00
14.8616,0.003481,-0.071762,0.002906,-28.32,0,150.0,10.0,1.00,0.500,0.300,3.00
14.8666,0.003477,-0.071762,0.002913,-28.32,0,150.0,10.0,1.00,0.500,0.300,3.00
14.8716,0.003473,-0.071759,0.002905,-28.32,0,150.0,10.0,1.00,0.500,0.300,3.00
14.8766,0.003473,-0.071759,0.002905,-28.32,0,150.0,10.0,1.00,0.500,0.300,3.00
14.8819,0.003470,-0.071759,0.002912,-28.32,0,150.0,10.0,1.00,0.500,0.300,3.00
14.8869,0.003470,-0.071759,0.002912,-28.32,0,150.0,10.0,1.00,0.500,0.300,3.00
14.8921,0.003467,-0.071759,0.002919,-28.32,0,150.0,10.0,1.00,0.500,0.300,3.00
14.8971,0.003463,-0.071766,0.002931,-28.32,0,150.0,10.0,1.00,0.500,0.300,3.00
14.9021,0.003460,-0.071766,0.002938,-28.32,0,150.0,10.0,1.00,0.500,0.300,3.00
14.9071,0.003460,-0.071766,0.002938,-28.32,0,150.0,10.0,1.00,0.500,0.300,3.00
14.9123,0.003458,-0.071759,0.002940,-28.32,0,150.0,10.0,1.00,0.500,0.300,3.00
14.9173,0.003458,-0.071759,0.002940,-28.32,0,150.0,10.0,1.00,0.500,0.300,3.00
14.9223,0.003454,-0.071759,0.002947,-28.32,0,150.0,10.0,1.00,0.500,0.300,3.00
14.9275,0.003454,-0.071759,0.002947,-28.32,0,150.0,10.0,1.00,0.500,0.300,3.00
14.9326,0.003454,-0.071759,0.002947,-28.32,0,150.0,10.0,1.00,0.500,0.300,3.00
14.9379,0.003458,-0.071752,0.002936,-28.32,0,150.0,10.0,1.00,0.500,0.300,3.00
14.9429,0.003458,-0.071752,0.002936,-28.32,0,150.0,10.0,1.00,0.500,0.300,3.00
14.9481,0.003458,-0.071752,0.002936,-28.32,0,150.0,10.0,1.00,0.500,0.300,3.00
14.9531,0.003458,-0.071752,0.002936,-28.32,0,150.0,10.0,1.00,0.500,0.300,3.00
14.9581,0.003454,-0.071759,0.002947,-28.32,0,150.0,10.0,1.00,0.500,0.300,3.00
14.9634,0.003454,-0.071759,0.002947,-28.32,0,150.0,10.0,1.00,0.500,0.300,3.00
14.9683,0.003454,-0.071759,0.002947,-28.32,0,150.0,10.0,1.00,0.500,0.300,3.00
14.9733,0.003454,-0.071759,0.002947,-28.32,0,150.0,10.0,1.00,0.500,0.300,3.00
14.9786,0.003454,-0.071766,0.002952,-28.32,0,150.0,10.0,1.00,0.500,0.300,3.00
14.9835,0.003454,-0.071766,0.002952,-28.32,0,150.0,10.0,1.00,0.500,0.300,3.00
14.9885,0.003451,-0.071766,0.002959,-28.32,0,150.0,10.0,1.00,0.500,0.300,3.00
14.9938,0.003451,-0.071766,0.002959,-28.32,0,150.0,10.0,1.00,0.500,0.300,3.00
14.9988,0.003448,-0.071759,0.002961,-28.32,0,150.0,10.0,1.00,0.500,0.300,3.00
15.0038,0.003448,-0.071759,0.002961,-28.32,0,150.0,10.0,1.00,0.500,0.300,3.00
15.0091,0.003445,-0.071759,0.002968,-28.32,0,150.0,10.0,1.00,0.500,0.300,3.00
15.0140,0.003446,-0.071752,0.002964,-28.32,0,150.0,10.0,1.00,0.500,0.300,3.00
15.0191,0.003443,-0.071752,0.002971,-28.32,0,150.0,10.0,1.00,0.500,0.300,3.00
15.0243,0.003441,-0.071744,0.002973,-28.32,0,150.0,10.0,1.00,0.500,0.300,3.00
15.0293,0.003442,-0.071737,0.002968,-28.32,0,150.0,10.0,1.00,0.500,0.300,3.00
15.0343,0.003444,-0.071733,0.002977,-28.32,0,150.0,10.0,1.00,0.500,0.300,3.00
15.0396,0.003442,-0.071726,0.002979,-28.32,0,150.0,10.0,1.00,0.500,0.300,3.00
15.0446,0.003440,-0.071719,0.002982,-28.32,0,150.0,10.0,1.00,0.500,0.300,3.00
15.0496,0.003435,-0.071712,0.002991,-28.32,0,150.0,10.0,1.00,0.500,0.300,3.00
15.0549,0.003437,-0.071708,0.003000,-28.32,0,150.0,10.0,1.00,0.500,0.300,3.00
15.0598,0.003435,-0.071701,0.003002,-28.32,0,150.0,10.0,1.00,0.500,0.300,3.00
15.0652,0.003432,-0.071701,0.003009,-28.32,0,150.0,10.0,1.00,0.500,0.300,3.00
15.0701,0.003435,-0.071689,0.003014,-28.32,0,150.0,10.0,1.00,0.500,0.300,3.00
15.0751,0.003433,-0.071682,0.003016,-28.32,0,150.0,10.0,1.00,0.500,0.300,3.00
15.0803,0.003430,-0.071682,0.003023,-28.32,0,150.0,10.0,1.00,0.500,0.300,3.00
15.0853,0.003437,-0.071671,0.003021,-28.32,0,150.0,10.0,1.00,0.500,0.300,3.00
15.0903,0.003433,-0.071671,0.003028,-28.32,0,150.0,10.0,1.00,0.500,0.300,3.00
15.0956,0.003434,-0.071664,0.003023,-28.32,0,150.0,10.0,1.00,0.500,0.300,3.00
15.1006,0.003441,-0.071653,0.003021,-28.32,0,150.0,10.0,1.00,0.500,0.300,3.00
15.1058,0.003436,-0.071650,0.003013,-28.32,0,150.0,10.0,1.00,0.500,0.300,3.00
15.1108,0.003436,-0.071650,0.003013,-28.32,0,150.0,10.0,1.00,0.500,0.300,3.00
15.1158,0.003437,-0.071642,0.003008,-28.32,0,150.0,10.0,1.00,0.500,0.300,3.00
15.1210,0.003438,-0.071635,0.003003,-28.32,0,150.0,10.0,1.00,0.500,0.300,3.00
15.1260,0.003439,-0.071628,0.002998,-28.32,0,150.0,10.0,1.00,0.500,0.300,3.00
15.1311,0.003440,-0.071621,0.002993,-28.32,0,150.0,10.0,1.00,0.500,0.300,3.00
15.1364,0.003441,-0.071614,0.002989,-28.32,0,150.0,10.0,1.00,0.500,0.300,3.00
15.1413,0.003441,-0.071614,0.002989,-28.32,0,150.0,10.0,1.00,0.500,0.300,3.00
15.1463,0.003442,-0.071607,0.002984,-28.32,0,150.0,10.0,1.00,0.500,0.300,3.00
15.1515,0.003442,-0.071600,0.002979,-28.32,0,150.0,10.0,1.00,0.500,0.300,3.00
15.1566,0.003439,-0.071599,0.002986,-28.32,0,150.0,10.0,1.00,0.500,0.300,3.00
15.1616,0.003440,-0.071592,0.002981,-28.32,0,150.0,10.0,1.00,0.500,0.300,3.00
15.1668,0.003437,-0.071592,0.002988,-28.32,0,150.0,10.0,1.00,0.500,0.300,3.00
15.1718,0.003434,-0.071592,0.002995,-28.32,0,150.0,10.0,1.00,0.500,0.300,3.00
15.1768,0.003435,-0.071585,0.002990,-28.32,0,150.0,10.0,1.00,0.500,0.300,3.00
15.1821,0.003432,-0.071585,0.002997,-28.32,0,150.0,10.0,1.00,0.500,0.300,3.00
15.1871,0.003430,-0.071578,0.002999,-28.32,0,150.0,10.0,1.00,0.500,0.300,3.00
15.1921,0.003428,-0.071571,0.003001,-28.32,0,150.0,10.0,1.00,0.500,0.300,3.00
15.1973,0.003425,-0.071564,0.003003,-28.32,0,150.0,10.0,1.00,0.500,0.300,3.00
15.2023,0.003423,-0.071556,0.003005,-28.32,0,150.0,10.0,1.00,0.500,0.300,3.00
15.2076,0.003422,-0.071542,0.003003,-28.32,0,150.0,10.0,1.00,0.500,0.300,3.00
15.2125,0.003418,-0.071528,0.003007,-28.32,0,150.0,10.0,1.00,0.500,0.300,3.00
15.2175,0.003416,-0.071513,0.003004,-28.32,0,150.0,10.0,1.00,0.500,0.300,3.00
15.2228,0.003418,-0.071488,0.003006,-28.32,0,150.0,10.0,1.00,0.500,0.300,3.00
15.2278,0.003414,-0.071473,0.003010,-28.32,0,150.0,10.0,1.00,0.500,0.300,3.00
15.2328,0.003415,-0.071445,0.002997,-28.32,0,150.0,10.0,1.00,0.500,0.300,3.00
15.2381,0.003411,-0.071423,0.002997,-28.32,0,150.0,10.0,1.00,0.500,0.300,3.00
15.2431,0.003412,-0.071395,0.002984,-28.32,0,150.0,10.0,1.00,0.500,0.300,3.00
15.2481,0.003409,-0.071366,0.002979,-28.32,0,150.0,10.0,1.00,0.500,0.300,3.00
15.2530,0.003404,-0.071341,0.002963,-28.32,0,150.0,10.0,1.00,0.500,0.300,3.00
15.2583,0.003405,-0.071305,0.002946,-28.32,0,150.0,10.0,1.00,0.500,0.300,3.00
15.2633,0.003407,-0.071263,0.002924,-28.32,0,150.0,10.0,1.00,0.500,0.300,3.00
15.2683,0.003406,-0.071220,0.002908,-28.32,0,150.0,10.0,1.00,0.500,0.300,3.00
15.2733,0.003406,-0.071169,0.002888,-28.32,0,150.0,10.0,1.00,0.500,0.300,3.00
15.2785,0.003407,-0.071112,0.002863,-28.32,0,150.0,10.0,1.00,0.500,0.300,3.00
15.2836,0.003405,-0.071055,0.002845,-28.32,0,150.0,10.0,1.00,0.500,0.300,3.00
15.2888,0.003399,-0.070997,0.002834,-28.32,0,150.0,10.0,1.00,0.500,0.300,3.00
15.2938,0.003397,-0.070940,0.002816,-28.32,0,150.0,10.0,1.00,0.500,0.300,3.00
15.2988,0.003389,-0.070887,0.002795,-28.32,0,150.0,10.0,1.00,0.500,0.300,3.00
15.3041,0.003384,-0.070822,0.002779,-28.32,0,150.0,10.0,1.00,0.500,0.300,3.00
15.3091,0.003376,-0.070769,0.002759,-28.32,0,150.0,10.0,1.00,0.500,0.300,3.00
15.3141,0.003371,-0.070711,0.002748,-28.32,0,150.0,10.0,1.00,0.500,0.300,3.00
15.3190,0.003360,-0.070651,0.002729,-28.32,0,150.0,10.0,1.00,0.500,0.300,3.00
15.3243,0.003350,-0.070590,0.002711,-28.32,0,150.0,10.0,1.00,0.500,0.300,3.00
15.3293,0.003339,-0.070537,0.002697,-28.32,0,150.0,10.0,1.00,0.500,0.300,3.00
15.3343,0.003332,-0.070476,0.002672,-28.32,0,150.0,10.0,1.00,0.500,0.300,3.00
15.3395,0.003322,-0.070409,0.002649,-28.31,0,150.0,10.0,1.00,0.500,0.300,3.00
15.3446,0.003311,-0.070348,0.002630,-28.31,0,150.0,10.0,1.00,0.500,0.300,3.00
15.3496,0.003304,-0.070288,0.002605,-28.31,0,150.0,10.0,1.00,0.500,0.300,3.00
15.3549,0.003297,-0.070220,0.002575,-28.30,0,150.0,10.0,1.00,0.500,0.300,3.00
15.3598,0.003300,-0.070141,0.002535,-28.30,0,150.0,10.0,1.00,0.500,0.300,3.00
15.3649,0.003294,-0.070066,0.002500,-28.29,0,150.0,10.0,1.00,0.500,0.300,3.00
15.3701,0.003292,-0.069966,0.002460,-28.27,0,150.0,10.0,1.00,0.500,0.300,3.00
15.3751,0.003292,-0.069880,0.002423,-28.27,0,150.0,10.0,1.00,0.500,0.300,3.00
15.3800,0.003290,-0.069787,0.002388,-28.27,0,150.0,10.0,1.00,0.500,0.300,3.00
15.3851,0.003297,-0.069683,0.002344,-28.27,0,150.0,10.0,1.00,0.500,0.300,3.00
15.3901,0.003298,-0.069583,0.002297,-28.27,0,150.0,10.0,1.00,0.500,0.300,3.00
15.3953,0.003296,-0.069482,0.002258,-28.27,0,150.0,10.0,1.00,0.500,0.300,3.00
15.4003,0.003300,-0.069382,0.002204,-28.28,0,150.0,10.0,1.00,0.500,0.300,3.00
15.4053,0.003304,-0.069282,0.002150,-28.28,0,150.0,10.0,1.00,0.500,0.300,3.00
15.4105,0.003307,-0.069182,0.002097,-28.27,0,150.0,10.0,1.00,0.500,0.300,3.00
15.4155,0.003309,-0.069086,0.002033,-28.27,0,150.0,10.0,1.00,0.500,0.300,3.00
15.4205,0.003316,-0.068979,0.001968,-28.27,0,150.0,10.0,1.00,0.500,0.300,3.00
15.4258,0.003327,-0.068864,0.001891,-28.27,0,150.0,10.0,1.00,0.500,0.300,3.00
15.4308,0.003337,-0.068750,0.001814,-28.27,0,150.0,10.0,1.00,0.500,0.300,3.00
15.4361,0.003343,-0.068633,0.001730,-28.27,0,150.0,10.0,1.00,0.500,0.300,3.00
15.4412,0.003345,-0.068515,0.001652,-28.27,0,150.0,10.0,1.00,0.500,0.300,3.00
15.4461,0.003351,-0.068390,0.001563,-28.27,0,150.0,10.0,1.00,0.500,0.300,3.00
15.4511,0.003350,-0.068284,0.001481,-28.28,0,150.0,10.0,1.00,0.500,0.300,3.00
15.4561,0.003353,-0.068164,0.001382,-28.28,0,150.0,10.0,1.00,0.500,0.300,3.00
15.4613,0.003348,-0.068047,0.001288,-28.29,0,150.0,10.0,1.00,0.500,0.300,3.00
15.4663,0.003348,-0.067927,0.001197,-28.29,0,150.0,10.0,1.00,0.500,0.300,3.00
15.4713,0.003337,-0.067800,0.001091,-28.30,0,150.0,10.0,1.00,0.500,0.300,3.00
15.4766,0.003335,-0.067669,0.000980,-28.32,0,150.0,10.0,1.00,0.500,0.300,3.00
15.4815,0.003330,-0.067546,0.000882,-28.32,0,150.0,10.0,1.00,0.500,0.300,3.00
15.4869,0.003327,-0.067415,0.000771,-28.32,0,150.0,10.0,1.00,0.500,0.300,3.00
15.4918,0.003315,-0.067296,0.000670,-28.32,0,150.0,10.0,1.00,0.500,0.300,3.00
15.4969,0.003305,-0.067190,0.000572,-28.32,0,150.0,10.0,1.00,0.500,0.300,3.00
15.5018,0.003293,-0.067078,0.000476,-28.32,0,150.0,10.0,1.00,0.500,0.300,3.00
15.5071,0.003277,-0.066984,0.000379,-28.32,0,150.0,10.0,1.00,0.500,0.300,3.00
15.5120,0.003267,-0.066872,0.000276,-28.32,0,150.0,10.0,1.00,0.500,0.300,3.00
15.5173,0.003251,-0.066756,0.000166,-28.32,0,150.0,10.0,1.00,0.500,0.300,3.00
15.5223,0.003235,-0.066655,0.000065,-28.32,0,150.0,10.0,1.00,0.500,0.300,3.00
15.5273,0.003224,-0.066550,-0.000033,-28.32,0,150.0,10.0,1.00,0.500,0.300,3.00
15.5326,0.003216,-0.066427,-0.000131,-28.32,0,150.0,10.0,1.00,0.500,0.300,3.00
15.5375,0.003203,-0.066308,-0.000231,-28.32,0,150.0,10.0,1.00,0.500,0.300,3.00
15.5426,0.003189,-0.066195,-0.000327,-28.32,0,150.0,10.0,1.00,0.500,0.300,3.00
15.5478,0.003177,-0.066079,-0.000413,-28.32,0,150.0,10.0,1.00,0.500,0.300,3.00
15.5528,0.003159,-0.065974,-0.000496,-28.32,0,150.0,10.0,1.00,0.500,0.300,3.00
15.5581,0.003141,-0.065869,-0.000580,-28.32,0,150.0,10.0,1.00,0.500,0.300,3.00
15.5632,0.003123,-0.065771,-0.000659,-28.32,0,150.0,10.0,1.00,0.500,0.300,3.00
15.5681,0.003101,-0.065680,-0.000726,-28.32,0,150.0,10.0,1.00,0.500,0.300,3.00
15.5734,0.003076,-0.065601,-0.000798,-28.32,0,150.0,10.0,1.00,0.500,0.300,3.00
15.5784,0.003053,-0.065524,-0.000855,-28.32,0,150.0,10.0,1.00,0.500,0.300,3.00
15.5834,0.003017,-0.065455,-0.000911,-28.32,0,150.0,10.0,1.00,0.500,0.300,3.00
15.5886,0.002988,-0.065390,-0.000966,-28.32,0,150.0,10.0,1.00,0.500,0.300,3.00
15.5936,0.002954,-0.065336,-0.001019,-28.32,0,150.0,10.0,1.00,0.500,0.300,3.00
15.5988,0.002925,-0.065277,-0.001070,-28.32,0,150.0,10.0,1.00,0.500,0.300,3.00
15.6038,0.002893,-0.065230,-0.001125,-28.32,0,150.0,10.0,1.00,0.500,0.300,3.00
15.6088,0.002862,-0.065193,-0.001162,-28.32,0,150.0,10.0,1.00,0.500,0.300,3.00
15.6141,0.002838,-0.065163,-0.001207,-28.32,0,150.0,10.0,1.00,0.500,0.300,3.00
15.6191,0.002805,-0.065137,-0.001249,-28.32,0,150.0,10.0,1.00,0.500,0.300,3.00
15.6243,0.002771,-0.065118,-0.001285,-28.32,0,150.0,10.0,1.00,0.500,0.300,3.00
15.6294,0.002741,-0.065100,-0.001329,-28.32,0,150.0,10.0,1.00,0.500,0.300,3.00
15.6344,0.002710,-0.065088,-0.001368,-28.32,0,150.0,10.0,1.00,0.500,0.300,3.00
15.6396,0.002679,-0.065076,-0.001407,-28.32,0,150.0,10.0,1.00,0.500,0.300,3.00
15.6445,0.002651,-0.065067,-0.001431,-28.32,0,150.0,10.0,1.00,0.500,0.300,3.00
15.6495,0.002625,-0.065052,-0.001468,-28.32,0,150.0,10.0,1.00,0.500,0.300,3.00
15.6548,0.002602,-0.065039,-0.001490,-28.32,0,150.0,10.0,1.00,0.500,0.300,3.00
15.6599,0.002576,-0.065027,-0.001505,-28.32,0,150.0,10.0,1.00,0.500,0.300,3.00
15.6648,0.002550,-0.065021,-0.001515,-28.32,0,150.0,10.0,1.00,0.500,0.300,3.00
15.6701,0.002529,-0.065011,-0.001522,-28.32,0,150.0,10.0,1.00,0.500,0.300,3.00
15.6750,0.002513,-0.065005,-0.001523,-28.32,0,150.0,10.0,1.00,0.500,0.300,3.00
15.6801,0.002497,-0.065006,-0.001518,-28.32,0,150.0,10.0,1.00,0.500,0.300,3.00
15.6851,0.002480,-0.065006,-0.001514,-28.32,0,150.0,10.0,1.00,0.500,0.300,3.00
15.6904,0.002469,-0.065017,-0.001498,-28.32,0,150.0,10.0,1.00,0.500,0.300,3.00
15.6953,0.002449,-0.065032,-0.001477,-28.32,0,150.0,10.0,1.00,0.500,0.300,3.00
15.7006,0.002443,-0.065039,-0.001458,-28.32,0,150.0,10.0,1.00,0.500,0.300,3.00
15.7055,0.002432,-0.065046,-0.001426,-28.32,0,150.0,10.0,1.00,0.500,0.300,3.00
15.7106,0.002428,-0.065056,-0.001392,-28.32,0,150.0,10.0,1.00,0.500,0.300,3.00
15.7155,0.002427,-0.065055,-0.001354,-28.32,0,150.0,10.0,1.00,0.500,0.300,3.00
15.7208,0.002423,-0.065053,-0.001309,-28.32,0,150.0,10.0,1.00,0.500,0.300,3.00
15.7258,0.002425,-0.065048,-0.001262,-28.32,0,150.0,10.0,1.00,0.500,0.300,3.00
15.7308,0.002423,-0.065050,-0.001202,-28.32,0,150.0,10.0,1.00,0.500,0.300,3.00
15.7361,0.002419,-0.065052,-0.001136,-28.32,0,150.0,10.0,1.00,0.500,0.300,3.00
15.7411,0.002422,-0.065057,-0.001069,-28.32,0,150.0,10.0,1.00,0.500,0.300,3.00
15.7461,0.002414,-0.065066,-0.000991,-28.32,0,150.0,10.0,1.00,0.500,0.300,3.00
15.7511,0.002415,-0.065071,-0.000917,-28.32,0,150.0,10.0,1.00,0.500,0.300,3.00
15.7563,0.002409,-0.065075,-0.000830,-28.32,0,150.0,10.0,1.00,0.500,0.300,3.00
15.7614,0.002412,-0.065076,-0.000746,-28.32,0,150.0,10.0,1.00,0.500,0.300,3.00
15.7664,0.002404,-0.065074,-0.000656,-28.32,0,150.0,10.0,1.00,0.500,0.300,3.00
15.7716,0.002404,-0.065063,-0.000554,-28.32,0,150.0,10.0,1.00,0.500,0.300,3.00
15.7766,0.002398,-0.065057,-0.000455,-28.32,0,150.0,10.0,1.00,0.500,0.300,3.00
15.7815,0.002387,-0.065043,-0.000346,-28.32,0,150.0,10.0,1.00,0.500,0.300,3.00
15.7868,0.002378,-0.065032,-0.000223,-28.32,0,150.0,10.0,1.00,0.500,0.300,3.00
15.7918,0.002374,-0.065021,-0.000114,-28.32,0,150.0,10.0,1.00,0.500,0.300,3.00
15.7968,0.002379,-0.065007,-0.000009,-28.32,0,150.0,10.0,1.00,0.500,0.300,3.00
15.8018,0.002378,-0.064992,0.000109,-28.32,0,150.0,10.0,1.00,0.500,0.300,3.00
15.8071,0.002379,-0.064973,0.000238,-28.32,0,150.0,10.0,1.00,0.500,0.300,3.00
15.8121,0.002382,-0.064943,0.000371,-28.32,0,150.0,10.0,1.00,0.500,0.300,3.00
15.8173,0.002383,-0.064913,0.000510,-28.32,0,150.0,10.0,1.00,0.500,0.300,3.00
15.8223,0.002387,-0.064875,0.000639,-28.32,0,150.0,10.0,1.00,0.500,0.300,3.00
15.8273,0.002393,-0.064834,0.000776,-28.32,0,150.0,10.0,1.00,0.500,0.300,3.00
15.8323,0.002407,-0.064784,0.000926,-28.32,0,150.0,10.0,1.00,0.500,0.300,3.00
15.8376,0.002413,-0.064730,0.001106,-28.32,0,150.0,10.0,1.00,0.500,0.300,3.00
15.8425,0.002428,-0.064672,0.001282,-28.32,0,150.0,10.0,1.00,0.500,0.300,3.00
15.8478,0.002443,-0.064613,0.001458,-28.32,0,150.0,10.0,1.00,0.500,0.300,3.00
15.8528,0.002457,-0.064555,0.001634,-28.32,0,150.0,10.0,1.00,0.500,0.300,3.00
15.8578,0.002466,-0.064496,0.001823,-28.32,0,150.0,10.0,1.00,0.500,0.300,3.00
15.8631,0.002485,-0.064434,0.002001,-28.31,0,150.0,10.0,1.00,0.500,0.300,3.00
15.8681,0.002501,-0.064375,0.002170,-28.31,0,150.0,10.0,1.00,0.500,0.300,3.00
15.8731,0.002522,-0.064308,0.002357,-28.31,0,150.0,10.0,1.00,0.500,0.300,3.00
15.8783,0.002534,-0.064241,0.002566,-28.30,0,150.0,10.0,1.00,0.500,0.300,3.00
15.8834,0.002550,-0.064169,0.002776,-28.30,0,150.0,10.0,1.00,0.500,0.300,3.00
15.8886,0.002572,-0.064093,0.002990,-28.30,0,150.0,10.0,1.00,0.500,0.300,3.00
15.8936,0.002597,-0.064008,0.003222,-28.29,0,150.0,10.0,1.00,0.500,0.300,3.00
15.8989,0.002626,-0.063928,0.003431,-28.29,0,150.0,10.0,1.00,0.500,0.300,3.00
15.9038,0.002660,-0.063844,0.003642,-28.28,0,150.0,10.0,1.00,0.500,0.300,3.00
15.9088,0.002683,-0.063767,0.003848,-28.27,0,150.0,10.0,1.00,0.500,0.300,3.00
15.9141,0.002697,-0.063690,0.004075,-28.27,0,150.0,10.0,1.00,0.500,0.300,3.00
15.9191,0.002714,-0.063617,0.004278,-28.26,0,150.0,10.0,1.00,0.500,0.300,3.00
15.9240,0.002716,-0.063541,0.004494,-28.25,0,150.0,10.0,1.00,0.500,0.300,3.00
15.9291,0.002715,-0.063471,0.004721,-28.25,0,150.0,10.0,1.00,0.500,0.300,3.00
15.9343,0.002737,-0.063378,0.004948,-28.24,0,150.0,10.0,1.00,0.500,0.300,3.00
15.9393,0.002754,-0.063289,0.005172,-28.23,0,150.0,10.0,1.00,0.500,0.300,3.00
15.9443,0.002778,-0.063191,0.005408,-28.22,0,150.0,10.0,1.00,0.500,0.300,3.00
15.9493,0.002799,-0.063097,0.005634,-28.21,0,150.0,10.0,1.00,0.500,0.300,3.00
15.9545,0.002833,-0.062991,0.005876,-28.21,0,150.0,10.0,1.00,0.500,0.300,3.00
15.9595,0.002867,-0.062881,0.006096,-28.19,0,150.0,10.0,1.00,0.500,0.300,3.00
15.9648,0.002919,-0.062775,0.006296,-28.19,0,150.0,10.0,1.00,0.500,0.300,3.00
15.9698,0.002962,-0.062666,0.006496,-28.18,0,150.0,10.0,1.00,0.500,0.300,3.00
15.9748,0.003020,-0.062551,0.006709,-28.17,0,150.0,10.0,1.00,0.500,0.300,3.00
15.9800,0.003061,-0.062444,0.006929,-28.16,0,150.0,10.0,1.00,0.500,0.300,3.00
15.9850,0.003116,-0.062333,0.007132,-28.15,0,150.0,10.0,1.00,0.500,0.300,3.00
15.9901,0.003154,-0.062230,0.007343,-28.14,0,150.0,10.0,1.00,0.500,0.300,3.00
15.9954,0.003183,-0.062138,0.007563,-28.13,0,150.0,10.0,1.00,0.500,0.300,3.00
16.0003,0.003214,-0.062054,0.007750,-28.12,0,150.0,10.0,1.00,0.500,0.300,3.00
16.0053,0.003237,-0.061975,0.007941,-28.11,0,150.0,10.0,1.00,0.500,0.300,3.00
16.0103,0.003266,-0.061886,0.008144,-28.10,0,150.0,10.0,1.00,0.500,0.300,3.00
16.0156,0.003284,-0.061802,0.008358,-28.08,0,150.0,10.0,1.00,0.500,0.300,3.00
16.0206,0.003300,-0.061726,0.008546,-28.08,0,150.0,10.0,1.00,0.500,0.300,3.00
16.0256,0.003323,-0.061641,0.008746,-28.06,0,150.0,10.0,1.00,0.500,0.300,3.00
16.0308,0.003320,-0.061576,0.008962,-28.06,0,150.0,10.0,1.00,0.500,0.300,3.00
16.0358,0.003326,-0.061508,0.009144,-28.05,0,150.0,10.0,1.00,0.500,0.300,3.00
16.0410,0.003328,-0.061440,0.009332,-28.04,0,150.0,10.0,1.00,0.500,0.300,3.00
16.0460,0.003327,-0.061383,0.009516,-28.04,0,150.0,10.0,1.00,0.500,0.300,3.00
16.0510,0.003315,-0.061330,0.009710,-28.03,0,150.0,10.0,1.00,0.500,0.300,3.00
16.0563,0.003316,-0.061262,0.009898,-28.03,0,150.0,10.0,1.00,0.500,0.300,3.00
16.0613,0.003318,-0.061205,0.010075,-28.03,0,150.0,10.0,1.00,0.500,0.300,3.00
16.0663,0.003308,-0.061145,0.010257,-28.03,0,150.0,10.0,1.00,0.500,0.300,3.00
16.0715,0.003303,-0.061087,0.010447,-28.03,0,150.0,10.0,1.00,0.500,0.300,3.00
16.0766,0.003307,-0.061028,0.010602,-28.03,0,150.0,10.0,1.00,0.500,0.300,3.00
16.0818,0.003294,-0.060979,0.010779,-28.03,0,150.0,10.0,1.00,0.500,0.300,3.00
16.0868,0.003287,-0.060926,0.010959,-28.03,0,150.0,10.0,1.00,0.500,0.300,3.00
16.0920,0.003278,-0.060861,0.011150,-28.02,0,150.0,10.0,1.00,0.500,0.300,3.00
16.0970,0.003278,-0.060803,0.011326,-28.02,0,150.0,10.0,1.00,0.500,0.300,3.00
16.1021,0.003275,-0.060738,0.011504,-28.01,0,150.0,10.0,1.00,0.500,0.300,3.00
16.1074,0.003275,-0.060672,0.011705,-28.00,0,150.0,10.0,1.00,0.500,0.300,3.00
16.1123,0.003285,-0.060598,0.011882,-28.00,0,150.0,10.0,1.00,0.500,0.300,3.00
16.1173,0.003297,-0.060532,0.012057,-27.99,0,150.0,10.0,1.00,0.500,0.300,3.00
16.1223,0.003312,-0.060461,0.012241,-27.98,0,150.0,10.0,1.00,0.500,0.300,3.00
16.1275,0.003316,-0.060392,0.012458,-27.98,0,150.0,10.0,1.00,0.500,0.300,3.00
16.1325,0.003318,-0.060335,0.012670,-27.97,0,150.0,10.0,1.00,0.500,0.300,3.00
16.1376,0.003321,-0.060272,0.012892,-27.97,0,150.0,10.0,1.00,0.500,0.300,3.00
16.1428,0.003310,-0.060205,0.013149,-27.95,0,150.0,10.0,1.00,0.500,0.300,3.00
16.1478,0.003306,-0.060134,0.013379,-27.94,0,150.0,10.0,1.00,0.500,0.300,3.00
16.1528,0.003306,-0.060067,0.013616,-27.93,0,150.0,10.0,1.00,0.500,0.300,3.00
16.1581,0.003291,-0.060001,0.013892,-27.91,0,150.0,10.0,1.00,0.500,0.300,3.00
16.1630,0.003288,-0.059931,0.014158,-27.90,0,150.0,10.0,1.00,0.500,0.300,3.00
16.1680,0.003286,-0.059856,0.014434,-27.88,0,150.0,10.0,1.00,0.500,0.300,3.00
16.1734,0.003269,-0.059789,0.014753,-27.87,0,150.0,10.0,1.00,0.500,0.300,3.00
16.1783,0.003270,-0.059724,0.015040,-27.86,0,150.0,10.0,1.00,0.500,0.300,3.00
16.1833,0.003258,-0.059665,0.015350,-27.84,0,150.0,10.0,1.00,0.500,0.300,3.00
16.1885,0.003253,-0.059592,0.015681,-27.83,0,150.0,10.0,1.00,0.500,0.300,3.00
16.1935,0.003251,-0.059526,0.016011,-27.82,0,150.0,10.0,1.00,0.500,0.300,3.00
16.1985,0.003257,-0.059451,0.016345,-27.81,0,150.0,10.0,1.00,0.500,0.300,3.00
16.2038,0.003272,-0.059374,0.016690,-27.79,0,150.0,10.0,1.00,0.500,0.300,3.00
16.2088,0.003278,-0.059297,0.017048,-27.77,0,150.0,10.0,1.00,0.500,0.300,3.00
16.2140,0.003284,-0.059221,0.017418,-27.75,0,150.0,10.0,1.00,0.500,0.300,3.00
16.2190,0.003286,-0.059133,0.017800,-27.73,0,150.0,10.0,1.00,0.500,0.300,3.00
16.2241,0.003327,-0.059031,0.018175,-27.71,0,150.0,10.0,1.00,0.500,0.300,3.00
16.2290,0.003363,-0.058926,0.018579,-27.69,0,150.0,10.0,1.00,0.500,0.300,3.00
16.2344,0.003396,-0.058817,0.019012,-27.66,0,150.0,10.0,1.00,0.500,0.300,3.00
16.2393,0.003417,-0.058698,0.019446,-27.65,0,150.0,10.0,1.00,0.500,0.300,3.00
16.2443,0.003470,-0.058563,0.019879,-27.62,0,150.0,10.0,1.00,0.500,0.300,3.00
16.2495,0.003532,-0.058393,0.020358,-27.60,0,150.0,10.0,1.00,0.500,0.300,3.00
16.2545,0.003603,-0.058227,0.020808,-27.59,0,150.0,10.0,1.00,0.500,0.300,3.00
16.2598,0.003671,-0.058042,0.021315,-27.57,0,150.0,10.0,1.00,0.500,0.300,3.00
16.2648,0.003744,-0.057868,0.021790,-27.57,0,150.0,10.0,1.00,0.500,0.300,3.00
16.2698,0.003816,-0.057687,0.022275,-27.55,0,150.0,10.0,1.00,0.500,0.300,3.00
16.2750,0.003898,-0.057477,0.022802,-27.55,0,150.0,10.0,1.00,0.500,0.300,3.00
16.2800,0.003989,-0.057271,0.023301,-27.55,0,150.0,10.0,1.00,0.500,0.300,3.00
16.2851,0.004066,-0.057068,0.023809,-27.54,0,150.0,10.0,1.00,0.500,0.300,3.00
16.2901,0.004179,-0.056845,0.024322,-27.54,0,150.0,10.0,1.00,0.500,0.300,3.00
16.2953,0.004280,-0.056596,0.024876,-27.54,0,150.0,10.0,1.00,0.500,0.300,3.00
16.3003,0.004389,-0.056368,0.025375,-27.54,0,150.0,10.0,1.00,0.500,0.300,3.00
16.3053,0.004493,-0.056128,0.025898,-27.53,0,150.0,10.0,1.00,0.500,0.300,3.00
16.3106,0.004598,-0.055878,0.026447,-27.52,0,150.0,10.0,1.00,0.500,0.300,3.00
16.3155,0.004728,-0.055617,0.026965,-27.52,0,150.0,10.0,1.00,0.500,0.300,3.00
16.3205,0.004847,-0.055357,0.027471,-27.52,0,150.0,10.0,1.00,0.500,0.300,3.00
16.3258,0.004981,-0.055065,0.028009,-27.52,0,150.0,10.0,1.00,0.500,0.300,3.00
16.3308,0.005087,-0.054801,0.028528,-27.52,0,150.0,10.0,1.00,0.500,0.300,3.00
16.3359,0.005228,-0.054525,0.029034,-27.52,0,150.0,10.0,1.00,0.500,0.300,3.00
16.3408,0.005363,-0.054252,0.029536,-27.51,0,150.0,10.0,1.00,0.500,0.300,3.00
16.3461,0.005507,-0.053977,0.030057,-27.51,0,150.0,10.0,1.00,0.500,0.300,3.00
16.3510,0.005641,-0.053693,0.030586,-27.51,0,150.0,10.0,1.00,0.500,0.300,3.00
16.3563,0.005772,-0.053412,0.031105,-27.50,0,150.0,10.0,1.00,0.500,0.300,3.00
16.3613,0.005904,-0.053140,0.031637,-27.50,0,150.0,10.0,1.00,0.500,0.300,3.00
16.3663,0.006021,-0.052873,0.032154,-27.50,0,150.0,10.0,1.00,0.500,0.300,3.00
16.3716,0.006152,-0.052590,0.032675,-27.50,0,150.0,10.0,1.00,0.500,0.300,3.00
16.3765,0.006294,-0.052350,0.033155,-27.49,0,150.0,10.0,1.00,0.500,0.300,3.00
16.3815,0.006427,-0.052097,0.033615,-27.49,0,150.0,10.0,1.00,0.500,0.300,3.00
16.3868,0.006560,-0.051828,0.034111,-27.49,0,150.0,10.0,1.00,0.500,0.300,3.00
16.3918,0.006686,-0.051580,0.034546,-27.48,0,150.0,10.0,1.00,0.500,0.300,3.00
16.3968,0.006823,-0.051323,0.034995,-27.47,0,150.0,10.0,1.00,0.500,0.300,3.00
16.4021,0.006969,-0.051080,0.035435,-27.47,0,150.0,10.0,1.00,0.500,0.300,3.00
16.4071,0.007112,-0.050837,0.035846,-27.46,0,150.0,10.0,1.00,0.500,0.300,3.00
16.4121,0.007251,-0.050620,0.036260,-27.45,0,150.0,10.0,1.00,0.500,0.300,3.00
16.4170,0.007373,-0.050411,0.036666,-27.44,0,150.0,10.0,1.00,0.500,0.300,3.00
16.4223,0.007528,-0.050180,0.037062,-27.42,0,150.0,10.0,1.00,0.500,0.300,3.00
16.4273,0.007666,-0.049981,0.037427,-27.40,0,150.0,10.0,1.00,0.500,0.300,3.00
16.4323,0.007818,-0.049781,0.037774,-27.38,0,150.0,10.0,1.00,0.500,0.300,3.00
16.4375,0.007986,-0.049562,0.038113,-27.35,0,150.0,10.0,1.00,0.500,0.300,3.00
16.4425,0.008148,-0.049375,0.038409,-27.32,0,150.0,10.0,1.00,0.500,0.300,3.00
16.4475,0.008332,-0.049157,0.038695,-27.29,0,150.0,10.0,1.00,0.500,0.300,3.00
16.4528,0.008522,-0.048934,0.038992,-27.25,0,150.0,10.0,1.00,0.500,0.300,3.00
16.4578,0.008680,-0.048767,0.039258,-27.22,0,150.0,10.0,1.00,0.500,0.300,3.00
16.4631,0.008854,-0.048588,0.039519,-27.20,0,150.0,10.0,1.00,0.500,0.300,3.00
16.4680,0.009020,-0.048425,0.039765,-27.17,0,150.0,10.0,1.00,0.500,0.300,3.00
16.4730,0.009183,-0.048265,0.039993,-27.15,0,150.0,10.0,1.00,0.500,0.300,3.00
16.4784,0.009341,-0.048118,0.040223,-27.12,0,150.0,10.0,1.00,0.500,0.300,3.00
16.4834,0.009496,-0.047960,0.040441,-27.09,0,150.0,10.0,1.00,0.500,0.300,3.00
16.4883,0.009636,-0.047808,0.040638,-27.06,0,150.0,10.0,1.00,0.500,0.300,3.00
16.4933,0.009740,-0.047698,0.040843,-27.02,0,150.0,10.0,1.00,0.500,0.300,3.00
16.4985,0.009857,-0.047563,0.041054,-26.99,0,150.0,10.0,1.00,0.500,0.300,3.00
16.5036,0.009973,-0.047420,0.041262,-26.97,0,150.0,10.0,1.00,0.500,0.300,3.00
16.5088,0.010102,-0.047266,0.041470,-26.94,0,150.0,10.0,1.00,0.500,0.300,3.00
16.5138,0.010221,-0.047119,0.041651,-26.91,0,150.0,10.0,1.00,0.500,0.300,3.00
16.5188,0.010344,-0.046967,0.041805,-26.88,0,150.0,10.0,1.00,0.500,0.300,3.00
16.5241,0.010479,-0.046810,0.041951,-26.84,0,150.0,10.0,1.00,0.500,0.300,3.00
16.5290,0.010594,-0.046663,0.042065,-26.81,0,150.0,10.0,1.00,0.500,0.300,3.00
16.5341,0.010700,-0.046514,0.042178,-26.77,0,150.0,10.0,1.00,0.500,0.300,3.00
16.5393,0.010814,-0.046345,0.042292,-26.74,0,150.0,10.0,1.00,0.500,0.300,3.00
16.5443,0.010917,-0.046180,0.042402,-26.70,0,150.0,10.0,1.00,0.500,0.300,3.00
16.5493,0.011026,-0.046003,0.042519,-26.67,0,150.0,10.0,1.00,0.500,0.300,3.00
16.5543,0.011129,-0.045829,0.042625,-26.64,0,150.0,10.0,1.00,0.500,0.300,3.00
16.5596,0.011240,-0.045650,0.042728,-26.61,0,150.0,10.0,1.00,0.500,0.300,3.00
16.5645,0.011352,-0.045468,0.042819,-26.59,0,150.0,10.0,1.00,0.500,0.300,3.00
16.5698,0.011475,-0.045279,0.042894,-26.56,0,150.0,10.0,1.00,0.500,0.300,3.00
16.5748,0.011602,-0.045075,0.042968,-26.53,0,150.0,10.0,1.00,0.500,0.300,3.00
16.5798,0.011733,-0.044869,0.043016,-26.51,0,150.0,10.0,1.00,0.500,0.300,3.00
16.5848,0.011859,-0.044653,0.043066,-26.48,0,150.0,10.0,1.00,0.500,0.300,3.00
16.5901,0.011998,-0.044411,0.043109,-26.46,0,150.0,10.0,1.00,0.500,0.300,3.00
16.5951,0.012126,-0.044172,0.043146,-26.43,0,150.0,10.0,1.00,0.500,0.300,3.00
16.6000,0.012260,-0.043929,0.043195,-26.42,0,150.0,10.0,1.00,0.500,0.300,3.00
16.6053,0.012402,-0.043658,0.043243,-26.41,0,150.0,10.0,1.00,0.500,0.300,3.00
16.6103,0.012530,-0.043414,0.043297,-26.41,0,150.0,10.0,1.00,0.500,0.300,3.00
16.6153,0.012651,-0.043184,0.043366,-26.41,0,150.0,10.0,1.00,0.500,0.300,3.00
16.6205,0.012755,-0.042945,0.043440,-26.42,0,150.0,10.0,1.00,0.500,0.300,3.00
16.6255,0.012849,-0.042718,0.043521,-26.42,0,150.0,10.0,1.00,0.500,0.300,3.00
16.6306,0.012936,-0.042485,0.043617,-26.42,0,150.0,10.0,1.00,0.500,0.300,3.00
16.6356,0.013023,-0.042259,0.043717,-26.41,0,150.0,10.0,1.00,0.500,0.300,3.00
16.6408,0.013113,-0.042008,0.043842,-26.40,0,150.0,10.0,1.00,0.500,0.300,3.00
16.6458,0.013191,-0.041780,0.043941,-26.39,0,150.0,10.0,1.00,0.500,0.300,3.00
16.6510,0.013284,-0.041526,0.044040,-26.38,0,150.0,10.0,1.00,0.500,0.300,3.00
16.6560,0.013396,-0.041265,0.044125,-26.36,0,150.0,10.0,1.00,0.500,0.300,3.00
16.6610,0.013521,-0.040991,0.044199,-26.34,0,150.0,10.0,1.00,0.500,0.300,3.00
16.6661,0.013648,-0.040699,0.044251,-26.32,0,150.0,10.0,1.00,0.500,0.300,3.00
16.6713,0.013779,-0.040401,0.044307,-26.29,0,150.0,10.0,1.00,0.500,0.300,3.00
16.6763,0.013890,-0.040098,0.044352,-26.26,0,150.0,10.0,1.00,0.500,0.300,3.00
16.6813,0.013991,-0.039792,0.044395,-26.24,0,150.0,10.0,1.00,0.500,0.300,3.00
16.6863,0.014089,-0.039492,0.044435,-26.23,0,150.0,10.0,1.00,0.500,0.300,3.00
16.6915,0.014180,-0.039177,0.044486,-26.23,0,150.0,10.0,1.00,0.500,0.300,3.00
16.6966,0.014265,-0.038870,0.044547,-26.22,0,150.0,10.0,1.00,0.500,0.300,3.00
16.7016,0.014339,-0.038554,0.044616,-26.23,0,150.0,10.0,1.00,0.500,0.300,3.00
16.7068,0.014408,-0.038246,0.044695,-26.23,0,150.0,10.0,1.00,0.500,0.300,3.00
16.7118,0.014466,-0.037922,0.044777,-26.22,0,150.0,10.0,1.00,0.500,0.300,3.00
16.7168,0.014532,-0.037591,0.044857,-26.22,0,150.0,10.0,1.00,0.500,0.300,3.00
16.7220,0.014619,-0.037219,0.044924,-26.22,0,150.0,10.0,1.00,0.500,0.300,3.00
16.7270,0.014704,-0.036828,0.044963,-26.22,0,150.0,10.0,1.00,0.500,0.300,3.00
16.7320,0.014803,-0.036437,0.044985,-26.22,0,150.0,10.0,1.00,0.500,0.300,3.00
16.7373,0.014926,-0.035998,0.044997,-26.22,0,150.0,10.0,1.00,0.500,0.300,3.00
16.7423,0.015043,-0.035565,0.045006,-26.22,0,150.0,10.0,1.00,0.500,0.300,3.00
16.7473,0.015163,-0.035132,0.045023,-26.22,0,150.0,10.0,1.00,0.500,0.300,3.00
16.7523,0.015278,-0.034698,0.045032,-26.22,0,150.0,10.0,1.00,0.500,0.300,3.00
16.7576,0.015395,-0.034234,0.045033,-26.22,0,150.0,10.0,1.00,0.500,0.300,3.00
16.7625,0.015509,-0.033771,0.045048,-26.22,0,150.0,10.0,1.00,0.500,0.300,3.00
16.7675,0.015613,-0.033314,0.045065,-26.22,0,150.0,10.0,1.00,0.500,0.300,3.00
16.7728,0.015716,-0.032821,0.045097,-26.22,0,150.0,10.0,1.00,0.500,0.300,3.00
16.7778,0.015801,-0.032336,0.045150,-26.22,0,150.0,10.0,1.00,0.500,0.300,3.00
16.7828,0.015890,-0.031808,0.045208,-26.22,0,150.0,10.0,1.00,0.500,0.300,3.00
16.7878,0.015979,-0.031281,0.045274,-26.22,0,150.0,10.0,1.00,0.500,0.300,3.00
16.7931,0.016083,-0.030710,0.045320,-26.22,0,150.0,10.0,1.00,0.500,0.300,3.00
16.7981,0.016195,-0.030153,0.045363,-26.22,0,150.0,10.0,1.00,0.500,0.300,3.00
16.8031,0.016318,-0.029544,0.045374,-26.23,0,150.0,10.0,1.00,0.500,0.300,3.00
16.8081,0.016444,-0.028941,0.045371,-26.23,0,150.0,10.0,1.00,0.500,0.300,3.00
16.8134,0.016574,-0.028309,0.045367,-26.24,0,150.0,10.0,1.00,0.500,0.300,3.00
16.8183,0.016702,-0.027687,0.045388,-26.25,0,150.0,10.0,1.00,0.500,0.300,3.00
16.8233,0.016827,-0.027025,0.045390,-26.26,0,150.0,10.0,1.00,0.500,0.300,3.00
16.8285,0.016952,-0.026364,0.045400,-26.28,0,150.0,10.0,1.00,0.500,0.300,3.00
16.8335,0.017068,-0.025738,0.045416,-26.29,0,150.0,10.0,1.00,0.500,0.300,3.00
16.8388,0.017186,-0.025071,0.045457,-26.30,0,150.0,10.0,1.00,0.500,0.300,3.00
16.8438,0.017291,-0.024428,0.045471,-26.31,0,150.0,10.0,1.00,0.500,0.300,3.00
16.8488,0.017387,-0.023798,0.045478,-26.31,0,150.0,10.0,1.00,0.500,0.300,3.00
16.8538,0.017503,-0.023156,0.045496,-26.30,0,150.0,10.0,1.00,0.500,0.300,3.00
16.8591,0.017623,-0.022447,0.045488,-26.30,0,150.0,10.0,1.00,0.500,0.300,3.00
16.8640,0.017738,-0.021772,0.045459,-26.30,0,150.0,10.0,1.00,0.500,0.300,3.00
16.8690,0.017861,-0.021076,0.045428,-26.30,0,150.0,10.0,1.00,0.500,0.300,3.00
16.8744,0.017986,-0.020328,0.045393,-26.31,0,150.0,10.0,1.00,0.500,0.300,3.00
16.8793,0.018097,-0.019623,0.045351,-26.32,0,150.0,10.0,1.00,0.500,0.300,3.00
16.8843,0.018197,-0.018923,0.045312,-26.33,0,150.0,10.0,1.00,0.500,0.300,3.00
16.8895,0.018300,-0.018203,0.045297,-26.35,0,150.0,10.0,1.00,0.500,0.300,3.00
16.8946,0.018377,-0.017524,0.045281,-26.37,0,150.0,10.0,1.00,0.500,0.300,3.00
16.8996,0.018442,-0.016860,0.045284,-26.39,0,150.0,10.0,1.00,0.500,0.300,3.00
16.9048,0.018498,-0.016181,0.045307,-26.42,0,150.0,10.0,1.00,0.500,0.300,3.00
16.9098,0.018543,-0.015515,0.045315,-26.44,0,150.0,10.0,1.00,0.500,0.300,3.00
16.9148,0.018580,-0.014863,0.045317,-26.46,0,150.0,10.0,1.00,0.500,0.300,3.00
16.9200,0.018630,-0.014204,0.045318,-26.48,0,150.0,10.0,1.00,0.500,0.300,3.00
16.9251,0.018694,-0.013560,0.045310,-26.49,0,150.0,10.0,1.00,0.500,0.300,3.00
16.9300,0.018757,-0.012929,0.045275,-26.50,0,150.0,10.0,1.00,0.500,0.300,3.00
16.9350,0.018825,-0.012283,0.045222,-26.51,0,150.0,10.0,1.00,0.500,0.300,3.00
16.9403,0.018896,-0.011652,0.045184,-26.53,0,150.0,10.0,1.00,0.500,0.300,3.00
16.9453,0.018954,-0.011056,0.045149,-26.54,0,150.0,10.0,1.00,0.500,0.300,3.00
16.9505,0.019001,-0.010482,0.045117,-26.57,0,150.0,10.0,1.00,0.500,0.300,3.00
16.9555,0.019021,-0.009957,0.045104,-26.59,0,150.0,10.0,1.00,0.500,0.300,3.00
16.9605,0.019035,-0.009455,0.045124,-26.61,0,150.0,10.0,1.00,0.500,0.300,3.00
16.9658,0.019036,-0.008953,0.045168,-26.62,0,150.0,10.0,1.00,0.500,0.300,3.00
16.9708,0.019031,-0.008509,0.045226,-26.63,0,150.0,10.0,1.00,0.500,0.300,3.00
16.9761,0.019018,-0.008064,0.045291,-26.63,0,150.0,10.0,1.00,0.500,0.300,3.00
16.9810,0.019012,-0.007670,0.045362,-26.63,0,150.0,10.0,1.00,0.500,0.300,3.00
16.9861,0.019018,-0.007270,0.045445,-26.63,0,150.0,10.0,1.00,0.500,0.300,3.00
16.9911,0.019037,-0.006870,0.045525,-26.63,0,150.0,10.0,1.00,0.500,0.300,3.00
16.9964,0.019064,-0.006447,0.045589,-26.64,0,150.0,10.0,1.00,0.500,0.300,3.00
17.0013,0.019103,-0.006082,0.045636,-26.64,0,150.0,10.0,1.00,0.500,0.300,3.00
17.0063,0.019147,-0.005731,0.045664,-26.64,0,150.0,10.0,1.00,0.500,0.300,3.00
17.0116,0.019215,-0.005344,0.045694,-26.65,0,150.0,10.0,1.00,0.500,0.300,3.00
17.0165,0.019283,-0.005001,0.045731,-26.66,0,150.0,10.0,1.00,0.500,0.300,3.00
17.0215,0.019345,-0.004649,0.045770,-26.67,0,150.0,10.0,1.00,0.500,0.300,3.00
17.0268,0.019395,-0.004312,0.045821,-26.67,0,150.0,10.0,1.00,0.500,0.300,3.00
17.0318,0.019419,-0.004003,0.045889,-26.68,0,150.0,10.0,1.00,0.500,0.300,3.00
17.0368,0.019435,-0.003673,0.045971,-26.67,0,150.0,10.0,1.00,0.500,0.300,3.00
17.0421,0.019426,-0.003335,0.046053,-26.67,0,150.0,10.0,1.00,0.500,0.300,3.00
17.0471,0.019422,-0.003010,0.046129,-26.67,0,150.0,10.0,1.00,0.500,0.300,3.00
17.0521,0.019414,-0.002715,0.046184,-26.66,0,150.0,10.0,1.00,0.500,0.300,3.00
17.0570,0.019418,-0.002398,0.046231,-26.66,0,150.0,10.0,1.00,0.500,0.300,3.00
17.0624,0.019428,-0.002080,0.046258,-26.66,0,150.0,10.0,1.00,0.500,0.300,3.00
17.0673,0.019453,-0.001755,0.046286,-26.66,0,150.0,10.0,1.00,0.500,0.300,3.00
17.0723,0.019473,-0.001445,0.046306,-26.66,0,150.0,10.0,1.00,0.500,0.300,3.00
17.0776,0.019500,-0.001149,0.046342,-26.66,0,150.0,10.0,1.00,0.500,0.300,3.00
17.0825,0.019519,-0.000867,0.046362,-26.66,0,150.0,10.0,1.00,0.500,0.300,3.00
17.0878,0.019525,-0.000578,0.046390,-26.66,0,150.0,10.0,1.00,0.500,0.300,3.00
17.0928,0.019524,-0.000318,0.046404,-26.66,0,150.0,10.0,1.00,0.500,0.300,3.00
17.0978,0.019516,-0.000058,0.046436,-26.66,0,150.0,10.0,1.00,0.500,0.300,3.00
17.1031,0.019494,0.000202,0.046473,-26.66,0,150.0,10.0,1.00,0.500,0.300,3.00
17.1081,0.019459,0.000441,0.046518,-26.66,0,150.0,10.0,1.00,0.500,0.300,3.00
17.1133,0.019412,0.000687,0.046570,-26.66,0,150.0,10.0,1.00,0.500,0.300,3.00
17.1183,0.019374,0.000896,0.046607,-26.66,0,150.0,10.0,1.00,0.500,0.300,3.00
17.1233,0.019340,0.001121,0.046639,-26.66,0,150.0,10.0,1.00,0.500,0.300,3.00
17.1283,0.019323,0.001323,0.046657,-26.66,0,150.0,10.0,1.00,0.500,0.300,3.00
17.1336,0.019313,0.001547,0.046659,-26.65,0,150.0,10.0,1.00,0.500,0.300,3.00
17.1386,0.019309,0.001778,0.046638,-26.65,0,150.0,10.0,1.00,0.500,0.300,3.00
17.1438,0.019303,0.002002,0.046614,-26.65,0,150.0,10.0,1.00,0.500,0.300,3.00
17.1488,0.019291,0.002218,0.046578,-26.66,0,150.0,10.0,1.00,0.500,0.300,3.00
17.1538,0.019268,0.002420,0.046533,-26.66,0,150.0,10.0,1.00,0.500,0.300,3.00
17.1590,0.019237,0.002629,0.046491,-26.67,0,150.0,10.0,1.00,0.500,0.300,3.00
17.1640,0.019203,0.002823,0.046440,-26.68,0,150.0,10.0,1.00,0.500,0.300,3.00
17.1691,0.019159,0.002996,0.046419,-26.69,0,150.0,10.0,1.00,0.500,0.300,3.00
17.1740,0.019104,0.003153,0.046409,-26.70,0,150.0,10.0,1.00,0.500,0.300,3.00
17.1793,0.019026,0.003326,0.046415,-26.70,0,150.0,10.0,1.00,0.500,0.300,3.00
17.1843,0.018946,0.003469,0.046434,-26.70,0,150.0,10.0,1.00,0.500,0.300,3.00
17.1893,0.018854,0.003626,0.046444,-26.70,0,150.0,10.0,1.00,0.500,0.300,3.00
17.1945,0.018778,0.003791,0.046440,-26.70,0,150.0,10.0,1.00,0.500,0.300,3.00
17.1996,0.018716,0.003962,0.046415,-26.70,0,150.0,10.0,1.00,0.500,0.300,3.00
17.2048,0.018671,0.004155,0.046363,-26.69,0,150.0,10.0,1.00,0.500,0.300,3.00
17.2098,0.018647,0.004348,0.046288,-26.68,0,150.0,10.0,1.00,0.500,0.300,3.00
17.2148,0.018621,0.004555,0.046213,-26.67,0,150.0,10.0,1.00,0.500,0.300,3.00
17.2201,0.018588,0.004790,0.046123,-26.67,0,150.0,10.0,1.00,0.500,0.300,3.00
17.2250,0.018539,0.005025,0.046050,-26.67,0,150.0,10.0,1.00,0.500,0.300,3.00
17.2301,0.018485,0.005246,0.045983,-26.67,0,150.0,10.0,1.00,0.500,0.300,3.00
17.2350,0.018426,0.005452,0.045922,-26.67,0,150.0,10.0,1.00,0.500,0.300,3.00
17.2403,0.018356,0.005664,0.045856,-26.67,0,150.0,10.0,1.00,0.500,0.300,3.00
17.2453,0.018294,0.005848,0.045804,-26.67,0,150.0,10.0,1.00,0.500,0.300,3.00
17.2505,0.018224,0.006046,0.045738,-26.67,0,150.0,10.0,1.00,0.500,0.300,3.00
17.2556,0.018148,0.006257,0.045677,-26.67,0,150.0,10.0,1.00,0.500,0.300,3.00
17.2605,0.018062,0.006454,0.045628,-26.67,0,150.0,10.0,1.00,0.500,0.300,3.00
17.2659,0.017976,0.006666,0.045579,-26.67,0,150.0,10.0,1.00,0.500,0.300,3.00
17.2708,0.017898,0.006863,0.045532,-26.67,0,150.0,10.0,1.00,0.500,0.300,3.00
17.2758,0.017823,0.007052,0.045475,-26.67,0,150.0,10.0,1.00,0.500,0.300,3.00
17.2811,0.017754,0.007255,0.045399,-26.67,0,150.0,10.0,1.00,0.500,0.300,3.00
17.2861,0.017708,0.007465,0.045290,-26.67,0,150.0,10.0,1.00,0.500,0.300,3.00
17.2910,0.017667,0.007675,0.045176,-26.67,0,150.0,10.0,1.00,0.500,0.300,3.00
17.2963,0.017636,0.007899,0.045037,-26.67,0,150.0,10.0,1.00,0.500,0.300,3.00
17.3013,0.017606,0.008130,0.044901,-26.67,0,150.0,10.0,1.00,0.500,0.300,3.00
17.3063,0.017564,0.008353,0.044774,-26.68,0,150.0,10.0,1.00,0.500,0.300,3.00
17.3115,0.017502,0.008631,0.044630,-26.70,0,150.0,10.0,1.00,0.500,0.300,3.00
17.3165,0.017447,0.008860,0.044510,-26.72,0,150.0,10.0,1.00,0.500,0.300,3.00
17.3215,0.017379,0.009096,0.044398,-26.74,0,150.0,10.0,1.00,0.500,0.300,3.00
17.3268,0.017306,0.009317,0.044292,-26.77,0,150.0,10.0,1.00,0.500,0.300,3.00
17.3318,0.017234,0.009517,0.044203,-26.78,0,150.0,10.0,1.00,0.500,0.300,3.00
17.3368,0.017154,0.009758,0.044086,-26.80,0,150.0,10.0,1.00,0.500,0.300,3.00
17.3421,0.017074,0.009993,0.043986,-26.82,0,150.0,10.0,1.00,0.500,0.300,3.00
17.3470,0.016992,0.010219,0.043883,-26.82,0,150.0,10.0,1.00,0.500,0.300,3.00
17.3520,0.016910,0.010439,0.043796,-26.82,0,150.0,10.0,1.00,0.500,0.300,3.00
17.3570,0.016836,0.010652,0.043707,-26.82,0,150.0,10.0,1.00,0.500,0.300,3.00
17.3624,0.016748,0.010905,0.043583,-26.82,0,150.0,10.0,1.00,0.500,0.300,3.00
17.3673,0.016675,0.011144,0.043454,-26.82,0,150.0,10.0,1.00,0.500,0.300,3.00
17.3723,0.016606,0.011369,0.043334,-26.82,0,150.0,10.0,1.00,0.500,0.300,3.00
17.3775,0.016540,0.011600,0.043190,-26.82,0,150.0,10.0,1.00,0.500,0.300,3.00
17.3826,0.016482,0.011804,0.043074,-26.82,0,150.0,10.0,1.00,0.500,0.300,3.00
17.3875,0.016415,0.012020,0.042944,-26.82,0,150.0,10.0,1.00,0.500,0.300,3.00
17.3928,0.016344,0.012244,0.042823,-26.83,0,150.0,10.0,1.00,0.500,0.300,3.00
17.3978,0.016265,0.012460,0.042718,-26.83,0,150.0,10.0,1.00,0.500,0.300,3.00
17.4031,0.016185,0.012676,0.042612,-26.85,0,150.0,10.0,1.00,0.500,0.300,3.00
17.4081,0.016111,0.012878,0.042501,-26.86,0,150.0,10.0,1.00,0.500,0.300,3.00
17.4130,0.016027,0.013106,0.042375,-26.89,0,150.0,10.0,1.00,0.500,0.300,3.00
17.4180,0.015956,0.013314,0.042241,-26.92,0,150.0,10.0,1.00,0.500,0.300,3.00
17.4233,0.015880,0.013521,0.042112,-26.95,0,150.0,10.0,1.00,0.500,0.300,3.00
17.4283,0.015811,0.013720,0.041982,-26.97,0,150.0,10.0,1.00,0.500,0.300,3.00
17.4333,0.015751,0.013893,0.041867,-26.99,0,150.0,10.0,1.00,0.500,0.300,3.00
17.4383,0.015685,0.014093,0.041744,-26.99,0,150.0,10.0,1.00,0.500,0.300,3.00
17.4436,0.015612,0.014299,0.041610,-27.00,0,150.0,10.0,1.00,0.500,0.300,3.00
17.4485,0.015551,0.014484,0.041481,-27.01,0,150.0,10.0,1.00,0.500,0.300,3.00
17.4535,0.015486,0.014669,0.041345,-27.01,0,150.0,10.0,1.00,0.500,0.300,3.00
17.4588,0.015429,0.014846,0.041207,-27.02,0,150.0,10.0,1.00,0.500,0.300,3.00
17.4638,0.015379,0.015003,0.041067,-27.04,0,150.0,10.0,1.00,0.500,0.300,3.00
17.4688,0.015326,0.015180,0.040923,-27.05,0,150.0,10.0,1.00,0.500,0.300,3.00
17.4738,0.015279,0.015330,0.040786,-27.06,0,150.0,10.0,1.00,0.500,0.300,3.00
17.4790,0.015224,0.015486,0.040651,-27.06,0,150.0,10.0,1.00,0.500,0.300,3.00
17.4840,0.015173,0.015630,0.040537,-27.06,0,150.0,10.0,1.00,0.500,0.300,3.00
17.4890,0.015111,0.015773,0.040435,-27.07,0,150.0,10.0,1.00,0.500,0.300,3.00
17.4943,0.015053,0.015909,0.040337,-27.07,0,150.0,10.0,1.00,0.500,0.300,3.00
17.4993,0.014986,0.016052,0.040241,-27.07,0,150.0,10.0,1.00,0.500,0.300,3.00
17.5043,0.014920,0.016173,0.040140,-27.09,0,150.0,10.0,1.00,0.500,0.300,3.00
17.5095,0.014860,0.016280,0.040034,-27.10,0,150.0,10.0,1.00,0.500,0.300,3.00
17.5146,0.014799,0.016367,0.039937,-27.10,0,150.0,10.0,1.00,0.500,0.300,3.00
17.5196,0.014741,0.016447,0.039843,-27.11,0,150.0,10.0,1.00,0.500,0.300,3.00
17.5248,0.014675,0.016527,0.039748,-27.10,0,150.0,10.0,1.00,0.500,0.300,3.00
17.5298,0.014628,0.016580,0.039656,-27.10,0,150.0,10.0,1.00,0.500,0.300,3.00
17.5348,0.014578,0.016653,0.039560,-27.10,0,150.0,10.0,1.00,0.500,0.300,3.00
17.5401,0.014530,0.016741,0.039459,-27.10,0,150.0,10.0,1.00,0.500,0.300,3.00
17.5450,0.014499,0.016821,0.039344,-27.10,0,150.0,10.0,1.00,0.500,0.300,3.00
17.5500,0.014485,0.016897,0.039229,-27.10,0,150.0,10.0,1.00,0.500,0.300,3.00
17.5550,0.014474,0.016965,0.039104,-27.10,0,150.0,10.0,1.00,0.500,0.300,3.00
17.5604,0.014476,0.017026,0.038957,-27.10,0,150.0,10.0,1.00,0.500,0.300,3.00
17.5653,0.014479,0.017074,0.038824,-27.10,0,150.0,10.0,1.00,0.500,0.300,3.00
17.5703,0.014485,0.017115,0.038694,-27.10,0,150.0,10.0,1.00,0.500,0.300,3.00
17.5753,0.014496,0.017143,0.038558,-27.10,0,150.0,10.0,1.00,0.500,0.300,3.00
17.5805,0.014515,0.017165,0.038433,-27.10,0,150.0,10.0,1.00,0.500,0.300,3.00
17.5855,0.014540,0.017181,0.038320,-27.10,0,150.0,10.0,1.00,0.500,0.300,3.00
17.5905,0.014565,0.017205,0.038224,-27.10,0,150.0,10.0,1.00,0.500,0.300,3.00
17.5958,0.014602,0.017224,0.038119,-27.10,0,150.0,10.0,1.00,0.500,0.300,3.00
17.6008,0.014635,0.017241,0.038021,-27.10,0,150.0,10.0,1.00,0.500,0.300,3.00
17.6058,0.014670,0.017253,0.037926,-27.10,0,150.0,10.0,1.00,0.500,0.300,3.00
17.6109,0.014708,0.017258,0.037835,-27.10,0,150.0,10.0,1.00,0.500,0.300,3.00
17.6161,0.014753,0.017249,0.037738,-27.10,0,150.0,10.0,1.00,0.500,0.300,3.00
17.6211,0.014795,0.017234,0.037650,-27.10,0,150.0,10.0,1.00,0.500,0.300,3.00
17.6261,0.014844,0.017227,0.037560,-27.10,0,150.0,10.0,1.00,0.500,0.300,3.00
17.6313,0.014907,0.017226,0.037456,-27.10,0,150.0,10.0,1.00,0.500,0.300,3.00
17.6363,0.014970,0.017227,0.037366,-27.09,0,150.0,10.0,1.00,0.500,0.300,3.00
17.6415,0.015061,0.017228,0.037240,-27.09,0,150.0,10.0,1.00,0.500,0.300,3.00
17.6465,0.015156,0.017250,0.037112,-27.09,0,150.0,10.0,1.00,0.500,0.300,3.00
17.6518,0.015256,0.017252,0.036987,-27.09,0,150.0,10.0,1.00,0.500,0.300,3.00
17.6568,0.015358,0.017260,0.036852,-27.09,0,150.0,10.0,1.00,0.500,0.300,3.00
17.6621,0.015484,0.017256,0.036701,-27.09,0,150.0,10.0,1.00,0.500,0.300,3.00
17.6671,0.015600,0.017251,0.036562,-27.09,0,150.0,10.0,1.00,0.500,0.300,3.00
17.6721,0.015722,0.017234,0.036429,-27.10,0,150.0,10.0,1.00,0.500,0.300,3.00
17.6773,0.015872,0.017217,0.036274,-27.10,0,150.0,10.0,1.00,0.500,0.300,3.00
17.6823,0.016019,0.017195,0.036128,-27.10,0,150.0,10.0,1.00,0.500,0.300,3.00
17.6873,0.016167,0.017159,0.035996,-27.10,0,150.0,10.0,1.00,0.500,0.300,3.00
17.6925,0.016325,0.017123,0.035851,-27.10,0,150.0,10.0,1.00,0.500,0.300,3.00
17.6975,0.016465,0.017094,0.035733,-27.10,0,150.0,10.0,1.00,0.500,0.300,3.00
17.7025,0.016596,0.017051,0.035627,-27.10,0,150.0,10.0,1.00,0.500,0.300,3.00
17.7078,0.016752,0.017009,0.035491,-27.10,0,150.0,10.0,1.00,0.500,0.300,3.00
17.7128,0.016910,0.016960,0.035358,-27.10,0,150.0,10.0,1.00,0.500,0.300,3.00
17.7181,0.017081,0.016911,0.035220,-27.10,0,150.0,10.0,1.00,0.500,0.300,3.00
17.7231,0.017251,0.016856,0.035078,-27.10,0,150.0,10.0,1.00,0.500,0.300,3.00
17.7280,0.017415,0.016801,0.034956,-27.10,0,150.0,10.0,1.00,0.500,0.300,3.00
17.7331,0.017581,0.016753,0.034836,-27.10,0,150.0,10.0,1.00,0.500,0.300,3.00
17.7383,0.017780,0.016691,0.034674,-27.10,0,150.0,10.0,1.00,0.500,0.300,3.00
17.7433,0.017969,0.016644,0.034523,-27.09,0,150.0,10.0,1.00,0.500,0.300,3.00
17.7483,0.018178,0.016589,0.034351,-27.09,0,150.0,10.0,1.00,0.500,0.300,3.00
17.7535,0.018378,0.016535,0.034191,-27.09,0,150.0,10.0,1.00,0.500,0.300,3.00
17.7585,0.018577,0.016473,0.034026,-27.09,0,150.0,10.0,1.00,0.500,0.300,3.00
17.7638,0.018787,0.016405,0.033866,-27.09,0,150.0,10.0,1.00,0.500,0.300,3.00
17.7688,0.018965,0.016335,0.033722,-27.09,0,150.0,10.0,1.00,0.500,0.300,3.00
17.7738,0.019151,0.016280,0.033564,-27.09,0,150.0,10.0,1.00,0.500,0.300,3.00
17.7788,0.019316,0.016229,0.033414,-27.08,0,150.0,10.0,1.00,0.500,0.300,3.00
17.7840,0.019493,0.016172,0.033240,-27.08,0,150.0,10.0,1.00,0.500,0.300,3.00
17.7891,0.019661,0.016114,0.033079,-27.08,0,150.0,10.0,1.00,0.500,0.300,3.00
17.7940,0.019818,0.016070,0.032916,-27.08,0,150.0,10.0,1.00,0.500,0.300,3.00
17.7993,0.019977,0.016032,0.032743,-27.08,0,150.0,10.0,1.00,0.500,0.300,3.00
17.8043,0.020104,0.015993,0.032600,-27.08,0,150.0,10.0,1.00,0.500,0.300,3.00
17.8096,0.020223,0.015960,0.032459,-27.08,0,150.0,10.0,1.00,0.500,0.300,3.00
17.8145,0.020336,0.015933,0.032306,-27.08,0,150.0,10.0,1.00,0.500,0.300,3.00
17.8195,0.020440,0.015914,0.032170,-27.08,0,150.0,10.0,1.00,0.500,0.300,3.00
17.8248,0.020528,0.015901,0.032049,-27.08,0,150.0,10.0,1.00,0.500,0.300,3.00
17.8299,0.020602,0.015887,0.031933,-27.08,0,150.0,10.0,1.00,0.500,0.300,3.00
17.8348,0.020673,0.015879,0.031813,-27.08,0,150.0,10.0,1.00,0.500,0.300,3.00
17.8401,0.020740,0.015873,0.031714,-27.08,0,150.0,10.0,1.00,0.500,0.300,3.00
17.8451,0.020793,0.015866,0.031633,-27.08,0,150.0,10.0,1.00,0.500,0.300,3.00
17.8501,0.020841,0.015859,0.031559,-27.08,0,150.0,10.0,1.00,0.500,0.300,3.00
17.8550,0.020880,0.015852,0.031498,-27.08,0,150.0,10.0,1.00,0.500,0.300,3.00
17.8603,0.020924,0.015845,0.031430,-27.08,0,150.0,10.0,1.00,0.500,0.300,3.00
17.8653,0.020972,0.015839,0.031370,-27.08,0,150.0,10.0,1.00,0.500,0.300,3.00
17.8703,0.021017,0.015819,0.031316,-27.08,0,150.0,10.0,1.00,0.500,0.300,3.00
17.8755,0.021067,0.015806,0.031259,-27.08,0,150.0,10.0,1.00,0.500,0.300,3.00
17.8805,0.021121,0.015786,0.031206,-27.08,0,150.0,10.0,1.00,0.500,0.300,3.00
17.8858,0.021168,0.015781,0.031174,-27.08,0,150.0,10.0,1.00,0.500,0.300,3.00
17.8908,0.021221,0.015763,0.031135,-27.08,0,150.0,10.0,1.00,0.500,0.300,3.00
17.8958,0.021273,0.015758,0.031110,-27.08,0,150.0,10.0,1.00,0.500,0.300,3.00
17.9008,0.021334,0.015762,0.031090,-27.08,0,150.0,10.0,1.00,0.500,0.300,3.00
17.9060,0.021409,0.015766,0.031066,-27.09,0,150.0,10.0,1.00,0.500,0.300,3.00
17.9110,0.021491,0.015785,0.031043,-27.09,0,150.0,10.0,1.00,0.500,0.300,3.00
17.9160,0.021572,0.015804,0.031033,-27.09,0,150.0,10.0,1.00,0.500,0.300,3.00
17.9210,0.021662,0.015824,0.031025,-27.09,0,150.0,10.0,1.00,0.500,0.300,3.00
17.9263,0.021756,0.015866,0.031029,-27.09,0,150.0,10.0,1.00,0.500,0.300,3.00
17.9314,0.021850,0.015909,0.031047,-27.09,0,150.0,10.0,1.00,0.500,0.300,3.00
17.9365,0.021955,0.015967,0.031074,-27.09,0,150.0,10.0,1.00,0.500,0.300,3.00
17.9415,0.022060,0.016024,0.031101,-27.09,0,150.0,10.0,1.00,0.500,0.300,3.00
17.9468,0.022183,0.016111,0.031125,-27.09,0,150.0,10.0,1.00,0.500,0.300,3.00
17.9518,0.022305,0.016212,0.031149,-27.09,0,150.0,10.0,1.00,0.500,0.300,3.00
17.9568,0.022420,0.016327,0.031179,-27.09,0,150.0,10.0,1.00,0.500,0.300,3.00
17.9618,0.022536,0.016450,0.031228,-27.09,0,150.0,10.0,1.00,0.500,0.300,3.00
17.9668,0.022662,0.016581,0.031268,-27.09,0,150.0,10.0,1.00,0.500,0.300,3.00
17.9720,0.022800,0.016726,0.031302,-27.09,0,150.0,10.0,1.00,0.500,0.300,3.00
17.9770,0.022925,0.016878,0.031346,-27.09,0,150.0,10.0,1.00,0.500,0.300,3.00
17.9820,0.023056,0.017016,0.031383,-27.09,0,150.0,10.0,1.00,0.500,0.300,3.00
17.9873,0.023196,0.017183,0.031430,-27.09,0,150.0,10.0,1.00,0.500,0.300,3.00
17.9923,0.023326,0.017343,0.031471,-27.09,0,150.0,10.0,1.00,0.500,0.300,3.00
17.9973,0.023460,0.017503,0.031505,-27.09,0,150.0,10.0,1.00,0.500,0.300,3.00
18.0025,0.023597,0.017656,0.031544,-27.10,0,150.0,10.0,1.00,0.500,0.300,3.00
18.0075,0.023720,0.017809,0.031587,-27.10,0,150.0,10.0,1.00,0.500,0.300,3.00
18.0128,0.023841,0.017976,0.031645,-27.12,0,150.0,10.0,1.00,0.500,0.300,3.00
18.0178,0.023957,0.018144,0.031710,-27.13,0,150.0,10.0,1.00,0.500,0.300,3.00
18.0228,0.024076,0.018305,0.031778,-27.14,0,150.0,10.0,1.00,0.500,0.300,3.00
18.0279,0.024196,0.018452,0.031832,-27.16,0,150.0,10.0,1.00,0.500,0.300,3.00
18.0330,0.024308,0.018606,0.031902,-27.18,0,150.0,10.0,1.00,0.500,0.300,3.00
18.0381,0.024408,0.018738,0.031974,-27.19,0,150.0,10.0,1.00,0.500,0.300,3.00
18.0430,0.024510,0.018885,0.032054,-27.21,0,150.0,10.0,1.00,0.500,0.300,3.00
18.0483,0.024610,0.019053,0.032138,-27.23,0,150.0,10.0,1.00,0.500,0.300,3.00
18.0533,0.024702,0.019221,0.032221,-27.25,0,150.0,10.0,1.00,0.500,0.300,3.00
18.0583,0.024800,0.019375,0.032297,-27.26,0,150.0,10.0,1.00,0.500,0.300,3.00
18.0635,0.024897,0.019530,0.032373,-27.28,0,150.0,10.0,1.00,0.500,0.300,3.00
18.0685,0.024989,0.019676,0.032437,-27.30,0,150.0,10.0,1.00,0.500,0.300,3.00
18.0735,0.025081,0.019822,0.032502,-27.31,0,150.0,10.0,1.00,0.500,0.300,3.00
18.0788,0.025171,0.019962,0.032576,-27.33,0,150.0,10.0,1.00,0.500,0.300,3.00
18.0838,0.025247,0.020093,0.032652,-27.34,0,150.0,10.0,1.00,0.500,0.300,3.00
18.0891,0.025323,0.020225,0.032728,-27.36,0,150.0,10.0,1.00,0.500,0.300,3.00
18.0940,0.025396,0.020342,0.032796,-27.38,0,150.0,10.0,1.00,0.500,0.300,3.00
18.0993,0.025472,0.020452,0.032868,-27.39,0,150.0,10.0,1.00,0.500,0.300,3.00
18.1043,0.025543,0.020555,0.032942,-27.41,0,150.0,10.0,1.00,0.500,0.300,3.00
18.1093,0.025605,0.020657,0.033015,-27.42,0,150.0,10.0,1.00,0.500,0.300,3.00
18.1145,0.025683,0.020753,0.033086,-27.44,0,150.0,10.0,1.00,0.500,0.300,3.00
18.1196,0.025751,0.020850,0.033170,-27.46,0,150.0,10.0,1.00,0.500,0.300,3.00
18.1248,0.025835,0.020933,0.033248,-27.49,0,150.0,10.0,1.00,0.500,0.300,3.00
18.1298,0.025910,0.020994,0.033335,-27.51,0,150.0,10.0,1.00,0.500,0.300,3.00
18.1351,0.025989,0.021056,0.033430,-27.54,0,150.0,10.0,1.00,0.500,0.300,3.00
18.1400,0.026073,0.021090,0.033510,-27.58,0,150.0,10.0,1.00,0.500,0.300,3.00
18.1450,0.026154,0.021138,0.033604,-27.60,0,150.0,10.0,1.00,0.500,0.300,3.00
18.1500,0.026235,0.021165,0.033708,-27.63,0,150.0,10.0,1.00,0.500,0.300,3.00
18.1553,0.026326,0.021171,0.033808,-27.65,0,150.0,10.0,1.00,0.500,0.300,3.00
18.1603,0.026408,0.021169,0.033904,-27.66,0,150.0,10.0,1.00,0.500,0.300,3.00
18.1653,0.026491,0.021153,0.034013,-27.66,0,150.0,10.0,1.00,0.500,0.300,3.00
18.1705,0.026576,0.021124,0.034122,-27.66,0,150.0,10.0,1.00,0.500,0.300,3.00
18.1755,0.026654,0.021079,0.034229,-27.65,0,150.0,10.0,1.00,0.500,0.300,3.00
18.1808,0.026742,0.021013,0.034333,-27.65,0,150.0,10.0,1.00,0.500,0.300,3.00
18.1858,0.026813,0.020966,0.034425,-27.64,0,150.0,10.0,1.00,0.500,0.300,3.00
18.1908,0.026884,0.020919,0.034503,-27.63,0,150.0,10.0,1.00,0.500,0.300,3.00
18.1958,0.026952,0.020849,0.034583,-27.63,0,150.0,10.0,1.00,0.500,0.300,3.00
18.2010,0.027016,0.020800,0.034646,-27.63,0,150.0,10.0,1.00,0.500,0.300,3.00
18.2061,0.027088,0.020722,0.034701,-27.62,0,150.0,10.0,1.00,0.500,0.300,3.00
18.2110,0.027149,0.020651,0.034752,-27.62,0,150.0,10.0,1.00,0.500,0.300,3.00
18.2163,0.027219,0.020579,0.034789,-27.62,0,150.0,10.0,1.00,0.500,0.300,3.00
18.2213,0.027288,0.020499,0.034823,-27.63,0,150.0,10.0,1.00,0.500,0.300,3.00
18.2263,0.027356,0.020404,0.034848,-27.63,0,150.0,10.0,1.00,0.500,0.300,3.00
18.2313,0.027420,0.020317,0.034870,-27.63,0,150.0,10.0,1.00,0.500,0.300,3.00
18.2365,0.027491,0.020214,0.034884,-27.63,0,150.0,10.0,1.00,0.500,0.300,3.00
18.2416,0.027547,0.020117,0.034887,-27.63,0,150.0,10.0,1.00,0.500,0.300,3.00
18.2468,0.027605,0.020013,0.034893,-27.63,0,150.0,10.0,1.00,0.500,0.300,3.00
18.2518,0.027659,0.019902,0.034902,-27.63,0,150.0,10.0,1.00,0.500,0.300,3.00
18.2568,0.027705,0.019797,0.034899,-27.63,0,150.0,10.0,1.00,0.500,0.300,3.00
18.2621,0.027756,0.019670,0.034900,-27.63,0,150.0,10.0,1.00,0.500,0.300,3.00
18.2670,0.027799,0.019564,0.034890,-27.63,0,150.0,10.0,1.00,0.500,0.300,3.00
18.2721,0.027831,0.019443,0.034885,-27.62,0,150.0,10.0,1.00,0.500,0.300,3.00
18.2770,0.027866,0.019314,0.034870,-27.62,0,150.0,10.0,1.00,0.500,0.300,3.00
18.2823,0.027889,0.019184,0.034846,-27.62,0,150.0,10.0,1.00,0.500,0.300,3.00
18.2873,0.027909,0.019061,0.034818,-27.62,0,150.0,10.0,1.00,0.500,0.300,3.00
18.2923,0.027920,0.018930,0.034785,-27.62,0,150.0,10.0,1.00,0.500,0.300,3.00
18.2975,0.027937,0.018784,0.034746,-27.62,0,150.0,10.0,1.00,0.500,0.300,3.00
18.3025,0.027951,0.018646,0.034703,-27.62,0,150.0,10.0,1.00,0.500,0.300,3.00
18.3075,0.027960,0.018499,0.034648,-27.62,0,150.0,10.0,1.00,0.500,0.300,3.00
18.3125,0.027960,0.018373,0.034596,-27.62,0,150.0,10.0,1.00,0.500,0.300,3.00
18.3178,0.027960,0.018217,0.034522,-27.62,0,150.0,10.0,1.00,0.500,0.300,3.00
18.3228,0.027959,0.018084,0.034453,-27.62,0,150.0,10.0,1.00,0.500,0.300,3.00
18.3281,0.027952,0.017935,0.034382,-27.62,0,150.0,10.0,1.00,0.500,0.300,3.00
18.3330,0.027941,0.017815,0.034311,-27.62,0,150.0,10.0,1.00,0.500,0.300,3.00
18.3381,0.027927,0.017681,0.034233,-27.62,0,150.0,10.0,1.00,0.500,0.300,3.00
18.3431,0.027907,0.017553,0.034158,-27.62,0,150.0,10.0,1.00,0.500,0.300,3.00
18.3480,0.027876,0.017417,0.034077,-27.62,0,150.0,10.0,1.00,0.500,0.300,3.00
18.3533,0.027842,0.017281,0.033989,-27.62,0,150.0,10.0,1.00,0.500,0.300,3.00
18.3583,0.027804,0.017151,0.033898,-27.62,0,150.0,10.0,1.00,0.500,0.300,3.00
18.3633,0.027762,0.017022,0.033813,-27.62,0,150.0,10.0,1.00,0.500,0.300,3.00
18.3685,0.027718,0.016907,0.033714,-27.62,0,150.0,10.0,1.00,0.500,0.300,3.00
18.3735,0.027674,0.016792,0.033629,-27.62,0,150.0,10.0,1.00,0.500,0.300,3.00
18.3788,0.027634,0.016677,0.033538,-27.62,0,150.0,10.0,1.00,0.500,0.300,3.00
18.3838,0.027588,0.016577,0.033454,-27.62,0,150.0,10.0,1.00,0.500,0.300,3.00
18.3891,0.027544,0.016469,0.033359,-27.62,0,150.0,10.0,1.00,0.500,0.300,3.00
18.3941,0.027503,0.016376,0.033272,-27.62,0,150.0,10.0,1.00,0.500,0.300,3.00
18.3993,0.027452,0.016275,0.033180,-27.62,0,150.0,10.0,1.00,0.500,0.300,3.00
18.4043,0.027402,0.016175,0.033088,-27.62,0,150.0,10.0,1.00,0.500,0.300,3.00
18.4095,0.027346,0.016074,0.032988,-27.62,0,150.0,10.0,1.00,0.500,0.300,3.00
18.4145,0.027291,0.015994,0.032893,-27.62,0,150.0,10.0,1.00,0.500,0.300,3.00
18.4195,0.027229,0.015907,0.032800,-27.62,0,150.0,10.0,1.00,0.500,0.300,3.00
18.4248,0.027165,0.015828,0.032703,-27.62,0,150.0,10.0,1.00,0.500,0.300,3.00
18.4298,0.027101,0.015755,0.032611,-27.61,0,150.0,10.0,1.00,0.500,0.300,3.00
18.4348,0.027030,0.015690,0.032521,-27.61,0,150.0,10.0,1.00,0.500,0.300,3.00
18.4400,0.026967,0.015617,0.032429,-27.61,0,150.0,10.0,1.00,0.500,0.300,3.00
18.4451,0.026901,0.015559,0.032336,-27.61,0,150.0,10.0,1.00,0.500,0.300,3.00
18.4500,0.026837,0.015509,0.032248,-27.61,0,150.0,10.0,1.00,0.500,0.300,3.00
18.4550,0.026769,0.015465,0.032156,-27.61,0,150.0,10.0,1.00,0.500,0.300,3.00
18.4603,0.026702,0.015443,0.032069,-27.61,0,150.0,10.0,1.00,0.500,0.300,3.00
18.4653,0.026635,0.015406,0.031980,-27.61,0,150.0,10.0,1.00,0.500,0.300,3.00
18.4703,0.026567,0.015384,0.031893,-27.61,0,150.0,10.0,1.00,0.500,0.300,3.00
18.4756,0.026493,0.015355,0.031808,-27.61,0,150.0,10.0,1.00,0.500,0.300,3.00
18.4805,0.026432,0.015326,0.031717,-27.61,0,150.0,10.0,1.00,0.500,0.300,3.00
18.4855,0.026363,0.015296,0.031625,-27.61,0,150.0,10.0,1.00,0.500,0.300,3.00
18.4908,0.026299,0.015274,0.031531,-27.61,0,150.0,10.0,1.00,0.500,0.300,3.00
18.4958,0.026233,0.015245,0.031447,-27.61,0,150.0,10.0,1.00,0.500,0.300,3.00
18.5008,0.026162,0.015230,0.031355,-27.61,0,150.0,10.0,1.00,0.500,0.300,3.00
18.5061,0.026097,0.015208,0.031261,-27.61,0,150.0,10.0,1.00,0.500,0.300,3.00
18.5110,0.026030,0.015214,0.031181,-27.61,0,150.0,10.0,1.00,0.500,0.300,3.00
18.5160,0.025965,0.015214,0.031091,-27.61,0,150.0,10.0,1.00,0.500,0.300,3.00
18.5213,0.025890,0.015226,0.030986,-27.61,0,150.0,10.0,1.00,0.500,0.300,3.00
18.5263,0.025825,0.015246,0.030885,-27.61,0,150.0,10.0,1.00,0.500,0.300,3.00
18.5313,0.025760,0.015245,0.030795,-27.61,0,150.0,10.0,1.00,0.500,0.300,3.00
18.5365,0.025696,0.015264,0.030681,-27.61,0,150.0,10.0,1.00,0.500,0.300,3.00
18.5415,0.025636,0.015271,0.030588,-27.61,0,150.0,10.0,1.00,0.500,0.300,3.00
18.5468,0.025574,0.015284,0.030477,-27.61,0,150.0,10.0,1.00,0.500,0.300,3.00
18.5518,0.025518,0.015290,0.030377,-27.61,0,150.0,10.0,1.00,0.500,0.300,3.00
18.5568,0.025467,0.015296,0.030271,-27.61,0,150.0,10.0,1.00,0.500,0.300,3.00
18.5620,0.025415,0.015296,0.030175,-27.61,0,150.0,10.0,1.00,0.500,0.300,3.00
18.5671,0.025365,0.015289,0.030083,-27.61,0,150.0,10.0,1.00,0.500,0.300,3.00
18.5720,0.025313,0.015296,0.029991,-27.61,0,150.0,10.0,1.00,0.500,0.300,3.00
18.5773,0.025260,0.015295,0.029895,-27.61,0,150.0,10.0,1.00,0.500,0.300,3.00
18.5823,0.025213,0.015303,0.029811,-27.61,0,150.0,10.0,1.00,0.500,0.300,3.00
18.5876,0.025162,0.015296,0.029719,-27.61,0,150.0,10.0,1.00,0.500,0.300,3.00
18.5926,0.025117,0.015296,0.029638,-27.61,0,150.0,10.0,1.00,0.500,0.300,3.00
18.5978,0.025071,0.015290,0.029554,-27.61,0,150.0,10.0,1.00,0.500,0.300,3.00
18.6028,0.025029,0.015284,0.029477,-27.61,0,150.0,10.0,1.00,0.500,0.300,3.00
18.6078,0.024994,0.015271,0.029397,-27.61,0,150.0,10.0,1.00,0.500,0.300,3.00
18.6130,0.024956,0.015265,0.029314,-27.61,0,150.0,10.0,1.00,0.500,0.300,3.00
18.6180,0.024924,0.015246,0.029238,-27.61,0,150.0,10.0,1.00,0.500,0.300,3.00
18.6231,0.024897,0.015234,0.029173,-27.61,0,150.0,10.0,1.00,0.500,0.300,3.00
18.6283,0.024874,0.015216,0.029098,-27.61,0,150.0,10.0,1.00,0.500,0.300,3.00
18.6334,0.024857,0.015191,0.029034,-27.61,0,150.0,10.0,1.00,0.500,0.300,3.00
18.6383,0.024846,0.015173,0.028968,-27.62,0,150.0,10.0,1.00,0.500,0.300,3.00
18.6433,0.024834,0.015149,0.028912,-27.62,0,150.0,10.0,1.00,0.500,0.300,3.00
18.6486,0.024833,0.015119,0.028861,-27.62,0,150.0,10.0,1.00,0.500,0.300,3.00
18.6535,0.024835,0.015081,0.028813,-27.62,0,150.0,10.0,1.00,0.500,0.300,3.00
18.6585,0.024841,0.015045,0.028773,-27.62,0,150.0,10.0,1.00,0.500,0.300,3.00
18.6638,0.024850,0.015002,0.028737,-27.62,0,150.0,10.0,1.00,0.500,0.300,3.00
18.6688,0.024863,0.014959,0.028709,-27.62,0,150.0,10.0,1.00,0.500,0.300,3.00
18.6738,0.024875,0.014910,0.028690,-27.62,0,150.0,10.0,1.00,0.500,0.300,3.00
18.6791,0.024894,0.014854,0.028669,-27.63,0,150.0,10.0,1.00,0.500,0.300,3.00
18.6841,0.024917,0.014799,0.028656,-27.63,0,150.0,10.0,1.00,0.500,0.300,3.00
18.6890,0.024932,0.014743,0.028641,-27.63,0,150.0,10.0,1.00,0.500,0.300,3.00
18.6943,0.024950,0.014688,0.028634,-27.64,0,150.0,10.0,1.00,0.500,0.300,3.00
18.6993,0.024971,0.014619,0.028627,-27.64,0,150.0,10.0,1.00,0.500,0.300,3.00
18.7043,0.024991,0.014549,0.028620,-27.64,0,150.0,10.0,1.00,0.500,0.300,3.00
18.7095,0.025011,0.014480,0.028613,-27.64,0,150.0,10.0,1.00,0.500,0.300,3.00
18.7145,0.025030,0.014404,0.028616,-27.65,0,150.0,10.0,1.00,0.500,0.300,3.00
18.7195,0.025054,0.014335,0.028617,-27.65,0,150.0,10.0,1.00,0.500,0.300,3.00
18.7248,0.025078,0.014267,0.028618,-27.65,0,150.0,10.0,1.00,0.500,0.300,3.00
18.7298,0.025098,0.014198,0.028625,-27.65,0,150.0,10.0,1.00,0.500,0.300,3.00
18.7348,0.025125,0.014122,0.028629,-27.65,0,150.0,10.0,1.00,0.500,0.300,3.00
18.7401,0.025145,0.014053,0.028637,-27.65,0,150.0,10.0,1.00,0.500,0.300,3.00
18.7450,0.025169,0.013985,0.028652,-27.65,0,150.0,10.0,1.00,0.500,0.300,3.00
18.7500,0.025192,0.013910,0.028677,-27.65,0,150.0,10.0,1.00,0.500,0.300,3.00
18.7550,0.025217,0.013828,0.028706,-27.66,0,150.0,10.0,1.00,0.500,0.300,3.00
18.7603,0.025240,0.013754,0.028746,-27.67,0,150.0,10.0,1.00,0.500,0.300,3.00
18.7653,0.025269,0.013672,0.028783,-27.68,0,150.0,10.0,1.00,0.500,0.300,3.00
18.7705,0.025296,0.013598,0.028830,-27.70,0,150.0,10.0,1.00,0.500,0.300,3.00
18.7755,0.025322,0.013524,0.028878,-27.71,0,150.0,10.0,1.00,0.500,0.300,3.00
