time,x,y,z,gripper_deg,button,K_trans,K_rot,damping_ratio,K_fb,deadband,scale
0.0009,0.036971,0.021661,0.066136,-28.22,0,200.0,10.0,1.00,0.500,0.300,3.00
0.0062,0.036940,0.021651,0.066291,-28.22,0,200.0,10.0,1.00,0.500,0.300,3.00
0.0112,0.036990,0.021441,0.066419,-28.22,0,199.8,10.0,1.00,0.500,0.300,3.00
0.0161,0.036982,0.021281,0.066570,-28.22,0,199.8,10.0,1.00,0.500,0.300,3.00
0.0212,0.036882,0.021160,0.066775,-28.22,0,199.3,10.0,1.00,0.500,0.300,3.00
0.0265,0.036781,0.020969,0.066965,-28.22,0,199.3,10.0,1.00,0.500,0.300,3.00
0.0314,0.036734,0.020812,0.067136,-28.22,0,198.4,10.0,1.00,0.500,0.300,3.00
0.0364,0.036782,0.020546,0.067261,-28.22,0,198.4,10.0,1.00,0.500,0.300,3.00
0.0417,0.036837,0.020271,0.067382,-28.22,0,197.2,10.0,1.00,0.500,0.300,3.00
0.0467,0.036888,0.020027,0.067474,-28.22,0,197.2,10.0,1.00,0.500,0.300,3.00
0.0517,0.036908,0.019762,0.067607,-28.22,0,195.8,10.0,1.00,0.500,0.300,3.00
0.0567,0.036981,0.019423,0.067714,-28.22,0,195.8,10.0,1.00,0.500,0.300,3.00
0.0619,0.037069,0.019035,0.067860,-28.22,0,194.1,10.0,1.00,0.500,0.300,3.00
0.0669,0.037164,0.018631,0.068005,-28.22,0,194.1,10.0,1.00,0.500,0.300,3.00
0.0721,0.037259,0.018195,0.068138,-28.22,0,192.2,10.0,1.00,0.500,0.300,3.00
0.0771,0.037331,0.017823,0.068273,-28.22,0,192.2,10.0,1.00,0.500,0.300,3.00
0.0822,0.037421,0.017387,0.068423,-28.22,0,190.1,10.0,1.00,0.500,0.300,3.00
0.0872,0.037512,0.016935,0.068578,-28.22,0,190.1,10.0,1.00,0.500,0.300,3.00
0.0921,0.037589,0.016523,0.068731,-28.22,0,187.8,10.0,1.00,0.500,0.300,3.00
0.0974,0.037647,0.016112,0.068897,-28.22,0,187.8,10.0,1.00,0.500,0.300,3.00
0.1024,0.037716,0.015715,0.069033,-28.22,0,185.4,10.0,1.00,0.500,0.300,3.00
0.1074,0.037801,0.015316,0.069155,-28.22,0,185.4,10.0,1.00,0.500,0.300,3.00
0.1126,0.037913,0.014884,0.069261,-28.22,0,182.9,10.0,1.00,0.500,0.300,3.00
0.1177,0.038021,0.014531,0.069328,-28.22,0,182.9,10.0,1.00,0.500,0.300,3.00
0.1227,0.038129,0.014232,0.069364,-28.22,0,180.3,10.0,1.00,0.500,0.300,3.00
0.1279,0.038254,0.013916,0.069379,-28.22,0,180.3,10.0,1.00,0.500,0.300,3.00
0.1329,0.038383,0.013647,0.069372,-28.22,0,177.7,10.0,1.00,0.500,0.300,3.00
0.1379,0.038513,0.013402,0.069349,-28.22,0,177.7,10.0,1.00,0.500,0.300,3.00
0.1431,0.038638,0.013181,0.069319,-28.22,0,175.0,10.0,1.00,0.500,0.300,3.00
0.1482,0.038773,0.013021,0.069236,-28.22,0,175.0,10.0,1.00,0.500,0.300,3.00
0.1532,0.038900,0.012918,0.069140,-28.22,0,172.3,10.0,1.00,0.500,0.300,3.00
0.1581,0.039028,0.012838,0.069029,-28.22,0,172.3,10.0,1.00,0.500,0.300,3.00
0.1634,0.039162,0.012781,0.068892,-28.22,0,169.7,10.0,1.00,0.500,0.300,3.00
0.1684,0.039299,0.012779,0.068729,-28.22,0,169.7,10.0,1.00,0.500,0.300,3.00
0.1734,0.039438,0.012815,0.068534,-28.22,0,167.1,10.0,1.00,0.500,0.300,3.00
0.1784,0.039558,0.012885,0.068354,-28.22,0,167.1,10.0,1.00,0.500,0.300,3.00
0.1836,0.039693,0.012984,0.068136,-28.22,0,164.6,10.0,1.00,0.500,0.300,3.00
0.1887,0.039808,0.013132,0.067910,-28.22,0,164.6,10.0,1.00,0.500,0.300,3.00
0.1936,0.039908,0.013335,0.067677,-28.22,0,162.2,10.0,1.00,0.500,0.300,3.00
0.1989,0.040029,0.013568,0.067396,-28.22,0,162.2,10.0,1.00,0.500,0.300,3.00
0.2039,0.040144,0.013831,0.067109,-28.22,0,159.9,10.0,1.00,0.500,0.300,3.00
0.2092,0.040268,0.014101,0.066806,-28.22,0,159.9,10.0,1.00,0.500,0.300,3.00
0.2141,0.040394,0.014348,0.066504,-28.22,0,157.8,10.0,1.00,0.500,0.300,3.00
0.2192,0.040491,0.014635,0.066221,-28.22,0,157.8,10.0,1.00,0.500,0.300,3.00
0.2244,0.040590,0.014960,0.065905,-28.22,0,155.9,10.0,1.00,0.500,0.300,3.00
0.2294,0.040693,0.015284,0.065588,-28.22,0,155.9,10.0,1.00,0.500,0.300,3.00
0.2344,0.040791,0.015577,0.065294,-28.22,0,154.2,10.0,1.00,0.500,0.300,3.00
0.2394,0.040898,0.015868,0.064986,-28.22,0,154.2,10.0,1.00,0.500,0.300,3.00
0.2446,0.040998,0.016191,0.064668,-28.22,0,152.8,10.0,1.00,0.500,0.300,3.00
0.2497,0.041081,0.016476,0.064383,-28.22,0,152.8,10.0,1.00,0.500,0.300,3.00
0.2549,0.041190,0.016789,0.064052,-28.22,0,151.6,10.0,1.00,0.500,0.300,3.00
0.2599,0.041274,0.017088,0.063755,-28.22,0,151.6,10.0,1.00,0.500,0.300,3.00
0.2651,0.041364,0.017379,0.063458,-28.22,0,150.7,10.0,1.00,0.500,0.300,3.00
0.2701,0.041453,0.017646,0.063176,-28.22,0,150.7,10.0,1.00,0.500,0.300,3.00
0.2751,0.041529,0.017891,0.062915,-28.22,0,150.2,10.0,1.00,0.500,0.300,3.00
0.2801,0.041607,0.018150,0.062648,-28.22,0,150.2,10.0,1.00,0.500,0.300,3.00
0.2852,0.041706,0.018377,0.062366,-28.22,0,150.0,10.0,1.00,0.500,0.300,3.00
0.2904,0.041791,0.018620,0.062097,-28.22,0,150.0,10.0,1.00,0.500,0.300,3.00
0.2954,0.041875,0.018832,0.061840,-28.22,0,150.0,10.0,1.00,0.500,0.300,3.00
0.3004,0.041966,0.019043,0.061581,-28.22,0,150.0,10.0,1.00,0.500,0.300,3.00
0.3056,0.042052,0.019262,0.061314,-28.22,0,150.0,10.0,1.00,0.500,0.300,3.00
0.3106,0.042145,0.019457,0.061060,-28.22,0,150.0,10.0,1.00,0.500,0.300,3.00
0.3159,0.042255,0.019657,0.060770,-28.22,0,150.0,10.0,1.00,0.500,0.300,3.00
0.3209,0.042343,0.019837,0.060522,-28.22,0,150.0,10.0,1.00,0.500,0.300,3.00
0.3262,0.042440,0.020022,0.060264,-28.22,0,150.0,10.0,1.00,0.500,0.300,3.00
0.3311,0.042526,0.020187,0.060027,-28.22,0,150.0,10.0,1.00,0.500,0.300,3.00
0.3362,0.042593,0.020368,0.059811,-28.22,0,150.0,10.0,1.00,0.500,0.300,3.00
0.3412,0.042670,0.020525,0.059596,-28.22,0,150.0,10.0,1.00,0.500,0.300,3.00
0.3464,0.042763,0.020672,0.059358,-28.22,0,150.0,10.0,1.00,0.500,0.300,3.00
0.3514,0.042835,0.020830,0.059149,-28.22,0,150.0,10.0,1.00,0.500,0.300,3.00
0.3564,0.042901,0.020980,0.058944,-28.22,0,150.0,10.0,1.00,0.500,0.300,3.00
0.3614,0.042971,0.021137,0.058735,-28.22,0,150.0,10.0,1.00,0.500,0.300,3.00
0.3666,0.043029,0.021318,0.058519,-28.22,0,150.0,10.0,1.00,0.500,0.300,3.00
0.3717,0.043077,0.021515,0.058303,-28.22,0,150.0,10.0,1.00,0.500,0.300,3.00
0.3769,0.043122,0.021726,0.058088,-28.21,0,150.0,10.0,1.00,0.500,0.300,3.00
0.3819,0.043179,0.021922,0.057858,-28.20,0,150.0,10.0,1.00,0.500,0.300,3.00
0.3869,0.043238,0.022124,0.057619,-28.17,0,150.0,10.0,1.00,0.500,0.300,3.00
0.3922,0.043293,0.022341,0.057374,-28.14,0,150.0,10.0,1.00,0.500,0.300,3.00
0.3971,0.043335,0.022604,0.057112,-28.10,0,150.0,10.0,1.00,0.500,0.300,3.00
0.4022,0.043384,0.022836,0.056837,-28.06,0,150.0,10.0,1.00,0.500,0.300,3.00
0.4072,0.043424,0.023076,0.056560,-28.01,0,150.0,10.0,1.00,0.500,0.300,3.00
0.4121,0.043444,0.023311,0.056288,-27.95,0,150.0,10.0,1.00,0.500,0.300,3.00
0.4174,0.043468,0.023560,0.055966,-27.89,0,150.0,10.0,1.00,0.500,0.300,3.00
0.4225,0.043486,0.023795,0.055644,-27.84,0,150.0,10.0,1.00,0.500,0.300,3.00
0.4277,0.043489,0.024023,0.055314,-27.77,0,150.0,10.0,1.00,0.500,0.300,3.00
0.4327,0.043483,0.024259,0.054988,-27.71,0,150.0,10.0,1.00,0.500,0.300,3.00
0.4377,0.043473,0.024517,0.054621,-27.64,0,150.0,10.0,1.00,0.500,0.300,3.00
0.4429,0.043445,0.024784,0.054270,-27.57,0,150.0,10.0,1.00,0.500,0.300,3.00
0.4479,0.043423,0.025043,0.053914,-27.49,0,150.0,10.0,1.00,0.500,0.300,3.00
0.4529,0.043383,0.025310,0.053576,-27.41,0,150.0,10.0,1.00,0.500,0.300,3.00
0.4582,0.043362,0.025589,0.053177,-27.32,0,150.0,10.0,1.00,0.500,0.300,3.00
0.4631,0.043340,0.025859,0.052774,-27.25,0,150.0,10.0,1.00,0.500,0.300,3.00
0.4681,0.043306,0.026144,0.052370,-27.16,0,150.0,10.0,1.00,0.500,0.300,3.00
0.4732,0.043286,0.026412,0.051939,-27.08,0,150.0,10.0,1.00,0.500,0.300,3.00
0.4785,0.043253,0.026732,0.051478,-27.01,0,150.0,10.0,1.00,0.500,0.300,3.00
0.4834,0.043217,0.027007,0.051055,-26.93,0,150.0,10.0,1.00,0.500,0.300,3.00
0.4884,0.043155,0.027321,0.050623,-26.86,0,150.0,10.0,1.00,0.500,0.300,3.00
0.4934,0.043106,0.027602,0.050175,-26.82,0,150.0,10.0,1.00,0.500,0.300,3.00
0.4987,0.043054,0.027882,0.049700,-26.78,0,150.0,10.0,1.00,0.500,0.300,3.00
0.5036,0.042990,0.028156,0.049253,-26.77,0,150.0,10.0,1.00,0.500,0.300,3.00
0.5089,0.042914,0.028444,0.048805,-26.77,0,150.0,10.0,1.00,0.500,0.300,3.00
0.5139,0.042833,0.028738,0.048353,-26.78,0,150.0,10.0,1.00,0.500,0.300,3.00
0.5189,0.042754,0.028988,0.047925,-26.79,0,150.0,10.0,1.00,0.500,0.300,3.00
0.5242,0.042647,0.029282,0.047472,-26.80,0,150.0,10.0,1.00,0.500,0.300,3.00
0.5292,0.042543,0.029539,0.047045,-26.80,0,150.0,10.0,1.00,0.500,0.300,3.00
0.5342,0.042421,0.029812,0.046646,-26.80,0,150.0,10.0,1.00,0.500,0.300,3.00
0.5392,0.042304,0.030082,0.046224,-26.80,0,150.0,10.0,1.00,0.500,0.300,3.00
0.5444,0.042178,0.030351,0.045781,-26.81,0,150.0,10.0,1.00,0.500,0.300,3.00
0.5494,0.042045,0.030619,0.045343,-26.80,0,150.0,10.0,1.00,0.500,0.300,3.00
0.5544,0.041917,0.030850,0.044919,-26.80,0,150.0,10.0,1.00,0.500,0.300,3.00
0.5597,0.041762,0.031108,0.044462,-26.80,0,150.0,10.0,1.00,0.500,0.300,3.00
0.5646,0.041609,0.031352,0.044029,-26.80,0,150.0,10.0,1.00,0.500,0.300,3.00
0.5696,0.041469,0.031592,0.043574,-26.80,0,150.0,10.0,1.00,0.500,0.300,3.00
0.5749,0.041314,0.031860,0.043105,-26.80,0,150.0,10.0,1.00,0.500,0.300,3.00
0.5799,0.041173,0.032112,0.042647,-26.80,0,150.0,10.0,1.00,0.500,0.300,3.00
0.5849,0.041026,0.032342,0.042204,-26.80,0,150.0,10.0,1.00,0.500,0.300,3.00
0.5902,0.040864,0.032577,0.041729,-26.80,0,150.0,10.0,1.00,0.500,0.300,3.00
0.5952,0.040721,0.032761,0.041295,-26.80,0,150.0,10.0,1.00,0.500,0.300,3.00
0.6001,0.040562,0.032988,0.040868,-26.80,0,150.0,10.0,1.00,0.500,0.300,3.00
0.6051,0.040401,0.033186,0.040460,-26.80,0,150.0,10.0,1.00,0.500,0.300,3.00
0.6104,0.040225,0.033390,0.040040,-26.81,0,150.0,10.0,1.00,0.500,0.300,3.00
0.6155,0.040044,0.033592,0.039612,-26.81,0,150.0,10.0,1.00,0.500,0.300,3.00
0.6204,0.039885,0.033764,0.039189,-26.82,0,150.0,10.0,1.00,0.500,0.300,3.00
0.6258,0.039699,0.033954,0.038733,-26.83,0,150.0,10.0,1.00,0.500,0.300,3.00
0.6307,0.039518,0.034129,0.038282,-26.86,0,150.0,10.0,1.00,0.500,0.300,3.00
0.6357,0.039330,0.034290,0.037865,-26.90,0,150.0,10.0,1.00,0.500,0.300,3.00
0.6409,0.039129,0.034470,0.037415,-26.96,0,150.0,10.0,1.00,0.500,0.300,3.00
0.6460,0.038929,0.034636,0.036999,-27.02,0,150.0,10.0,1.00,0.500,0.300,3.00
0.6513,0.038722,0.034792,0.036563,-27.08,0,150.0,10.0,1.00,0.500,0.300,3.00
0.6562,0.038519,0.034950,0.036176,-27.14,0,150.0,10.0,1.00,0.500,0.300,3.00
0.6611,0.038313,0.035130,0.035800,-27.22,0,150.0,10.0,1.00,0.500,0.300,3.00
0.6661,0.038124,0.035289,0.035454,-27.29,0,150.0,10.0,1.00,0.500,0.300,3.00
0.6712,0.037927,0.035462,0.035101,-27.37,0,150.0,10.0,1.00,0.500,0.300,3.00
0.6764,0.037726,0.035640,0.034744,-27.46,0,150.0,10.0,1.00,0.500,0.300,3.00
0.6814,0.037539,0.035805,0.034415,-27.55,0,150.0,10.0,1.00,0.500,0.300,3.00
0.6864,0.037350,0.035977,0.034089,-27.65,0,150.0,10.0,1.00,0.500,0.300,3.00
0.6916,0.037171,0.036119,0.033768,-27.73,0,150.0,10.0,1.00,0.500,0.300,3.00
0.6967,0.037000,0.036263,0.033469,-27.82,0,150.0,10.0,1.00,0.500,0.300,3.00
0.7017,0.036830,0.036408,0.033191,-27.89,0,150.0,10.0,1.00,0.500,0.300,3.00
0.7067,0.036680,0.036540,0.032934,-27.96,0,150.0,10.0,1.00,0.500,0.300,3.00
0.7119,0.036530,0.036657,0.032669,-28.02,0,150.0,10.0,1.00,0.500,0.300,3.00
0.7169,0.036379,0.036765,0.032399,-28.05,0,150.0,10.0,1.00,0.500,0.300,3.00
0.7219,0.036233,0.036839,0.032153,-28.08,0,150.0,10.0,1.00,0.500,0.300,3.00
0.7272,0.036090,0.036891,0.031900,-28.08,0,150.0,10.0,1.00,0.500,0.300,3.00
0.7322,0.035956,0.036923,0.031687,-28.08,0,150.0,10.0,1.00,0.500,0.300,3.00
0.7371,0.035811,0.036958,0.031502,-28.08,0,150.0,10.0,1.00,0.500,0.300,3.00
0.7422,0.035676,0.036965,0.031337,-28.07,0,150.0,10.0,1.00,0.500,0.300,3.00
0.7475,0.035540,0.036945,0.031184,-28.07,0,150.0,10.0,1.00,0.500,0.300,3.00
0.7524,0.035410,0.036918,0.031042,-28.07,0,150.0,10.0,1.00,0.500,0.300,3.00
0.7574,0.035286,0.036878,0.030921,-28.07,0,150.0,10.0,1.00,0.500,0.300,3.00
0.7627,0.035155,0.036844,0.030789,-28.07,0,150.0,10.0,1.00,0.500,0.300,3.00
0.7677,0.035039,0.036797,0.030664,-28.07,0,150.0,10.0,1.00,0.500,0.300,3.00
0.7726,0.034905,0.036744,0.030562,-28.07,0,150.0,10.0,1.00,0.500,0.300,3.00
0.7779,0.034782,0.036625,0.030446,-28.08,0,150.0,10.0,1.00,0.500,0.300,3.00
0.7829,0.034667,0.036514,0.030334,-28.08,0,150.0,10.0,1.00,0.500,0.300,3.00
0.7882,0.034554,0.036389,0.030236,-28.09,0,150.0,10.0,1.00,0.500,0.300,3.00
0.7931,0.034456,0.036273,0.030142,-28.10,0,150.0,10.0,1.00,0.500,0.300,3.00
0.7982,0.034357,0.036158,0.030063,-28.10,0,150.0,10.0,1.00,0.500,0.300,3.00
0.8032,0.034250,0.036036,0.029994,-28.10,0,150.0,10.0,1.00,0.500,0.300,3.00
0.8084,0.034142,0.035899,0.029917,-28.10,0,150.0,10.0,1.00,0.500,0.300,3.00
0.8135,0.034024,0.035772,0.029886,-28.10,0,150.0,10.0,1.00,0.500,0.300,3.00
0.8184,0.033913,0.035646,0.029856,-28.10,0,150.0,10.0,1.00,0.500,0.300,3.00
0.8237,0.033803,0.035519,0.029812,-28.10,0,150.0,10.0,1.00,0.500,0.300,3.00
0.8287,0.033700,0.035384,0.029763,-28.10,0,150.0,10.0,1.00,0.500,0.300,3.00
0.8337,0.033597,0.035235,0.029721,-28.11,0,150.0,10.0,1.00,0.500,0.300,3.00
0.8389,0.033477,0.035077,0.029674,-28.11,0,150.0,10.0,1.00,0.500,0.300,3.00
0.8439,0.033356,0.034921,0.029641,-28.11,0,150.0,10.0,1.00,0.500,0.300,3.00
0.8492,0.033243,0.034742,0.029596,-28.11,0,150.0,10.0,1.00,0.500,0.300,3.00
0.8542,0.033134,0.034592,0.029545,-28.12,0,150.0,10.0,1.00,0.500,0.300,3.00
0.8591,0.033028,0.034413,0.029501,-28.11,0,150.0,10.0,1.00,0.500,0.300,3.00
0.8642,0.032924,0.034237,0.029478,-28.11,0,150.0,10.0,1.00,0.500,0.300,3.00
0.8694,0.032828,0.034046,0.029447,-28.11,0,150.0,10.0,1.00,0.500,0.300,3.00
0.8744,0.032739,0.033879,0.029430,-28.11,0,150.0,10.0,1.00,0.500,0.300,3.00
0.8797,0.032660,0.033684,0.029418,-28.11,0,150.0,10.0,1.00,0.500,0.300,3.00
0.8846,0.032582,0.033496,0.029411,-28.11,0,150.0,10.0,1.00,0.500,0.300,3.00
0.8899,0.032502,0.033294,0.029410,-28.11,0,150.0,10.0,1.00,0.500,0.300,3.00
0.8949,0.032434,0.033092,0.029388,-28.11,0,150.0,10.0,1.00,0.500,0.300,3.00
0.8999,0.032358,0.032905,0.029388,-28.11,0,150.0,10.0,1.00,0.500,0.300,3.00
0.9051,0.032297,0.032696,0.029363,-28.10,0,150.0,10.0,1.00,0.500,0.300,3.00
0.9101,0.032229,0.032516,0.029353,-28.10,0,150.0,10.0,1.00,0.500,0.300,3.00
0.9152,0.032164,0.032315,0.029339,-28.10,0,150.0,10.0,1.00,0.500,0.300,3.00
0.9204,0.032106,0.032106,0.029320,-28.10,0,150.0,10.0,1.00,0.500,0.300,3.00
0.9254,0.032056,0.031897,0.029274,-28.10,0,150.0,10.0,1.00,0.500,0.300,3.00
0.9304,0.032016,0.031708,0.029211,-28.10,0,150.0,10.0,1.00,0.500,0.300,3.00
0.9357,0.031976,0.031519,0.029149,-28.10,0,150.0,10.0,1.00,0.500,0.300,3.00
0.9406,0.031936,0.031352,0.029084,-28.10,0,150.0,10.0,1.00,0.500,0.300,3.00
0.9457,0.031896,0.031186,0.029034,-28.10,0,150.0,10.0,1.00,0.500,0.300,3.00
0.9509,0.031859,0.031012,0.028972,-28.11,0,150.0,10.0,1.00,0.500,0.300,3.00
0.9559,0.031824,0.030876,0.028932,-28.11,0,150.0,10.0,1.00,0.500,0.300,3.00
0.9609,0.031801,0.030734,0.028881,-28.11,0,150.0,10.0,1.00,0.500,0.300,3.00
0.9662,0.031774,0.030605,0.028831,-28.12,0,150.0,10.0,1.00,0.500,0.300,3.00
0.9712,0.031756,0.030500,0.028793,-28.13,0,150.0,10.0,1.00,0.500,0.300,3.00
0.9762,0.031735,0.030409,0.028757,-28.14,0,150.0,10.0,1.00,0.500,0.300,3.00
0.9812,0.031715,0.030325,0.028725,-28.16,0,150.0,10.0,1.00,0.500,0.300,3.00
0.9864,0.031695,0.030256,0.028686,-28.18,0,150.0,10.0,1.00,0.500,0.300,3.00
0.9914,0.031676,0.030194,0.028651,-28.20,0,150.0,10.0,1.00,0.500,0.300,3.00
0.9964,0.031653,0.030139,0.028613,-28.22,0,150.0,10.0,1.00,0.500,0.300,3.00
1.0016,0.031631,0.030090,0.028565,-28.22,0,150.0,10.0,1.00,0.500,0.300,3.00
1.0067,0.031615,0.030055,0.028503,-28.22,0,150.0,10.0,1.00,0.500,0.300,3.00
1.0117,0.031595,0.030018,0.028419,-28.22,0,150.0,10.0,1.00,0.500,0.300,3.00
1.0169,0.031575,0.029980,0.028320,-28.22,0,150.0,10.0,1.00,0.500,0.300,3.00
1.0219,0.031543,0.029940,0.028213,-28.22,0,150.0,10.0,1.00,0.500,0.300,3.00
1.0269,0.031504,0.029906,0.028095,-28.22,0,150.0,10.0,1.00,0.500,0.300,3.00
1.0321,0.031455,0.029857,0.027968,-28.22,0,150.0,10.0,1.00,0.500,0.300,3.00
1.0371,0.031400,0.029829,0.027852,-28.22,0,150.0,10.0,1.00,0.500,0.300,3.00
1.0422,0.031328,0.029792,0.027731,-28.22,0,150.0,10.0,1.00,0.500,0.300,3.00
1.0472,0.031260,0.029755,0.027603,-28.22,0,150.0,10.0,1.00,0.500,0.300,3.00
1.0524,0.031192,0.029709,0.027456,-28.22,0,150.0,10.0,1.00,0.500,0.300,3.00
1.0574,0.031119,0.029669,0.027306,-28.22,0,150.0,10.0,1.00,0.500,0.300,3.00
1.0624,0.031037,0.029650,0.027145,-28.22,0,150.0,10.0,1.00,0.500,0.300,3.00
1.0677,0.030932,0.029656,0.026969,-28.22,0,150.0,10.0,1.00,0.500,0.300,3.00
1.0726,0.030827,0.029668,0.026783,-28.22,0,150.0,10.0,1.00,0.500,0.300,3.00
1.0777,0.030719,0.029695,0.026611,-28.22,0,150.0,10.0,1.00,0.500,0.300,3.00
1.0829,0.030599,0.029726,0.026407,-28.22,0,150.0,10.0,1.00,0.500,0.300,3.00
1.0879,0.030482,0.029758,0.026224,-28.22,0,150.0,10.0,1.00,0.500,0.300,3.00
1.0931,0.030347,0.029807,0.026001,-28.22,0,150.0,10.0,1.00,0.500,0.300,3.00
1.0982,0.030223,0.029858,0.025786,-28.22,0,150.0,10.0,1.00,0.500,0.300,3.00
1.1031,0.030096,0.029914,0.025568,-28.22,0,150.0,10.0,1.00,0.500,0.300,3.00
1.1082,0.029967,0.029963,0.025346,-28.22,0,150.0,10.0,1.00,0.500,0.300,3.00
1.1134,0.029831,0.030025,0.025116,-28.22,0,150.0,10.0,1.00,0.500,0.300,3.00
1.1184,0.029683,0.030106,0.024876,-28.22,0,150.0,10.0,1.00,0.500,0.300,3.00
1.1234,0.029524,0.030199,0.024635,-28.22,0,150.0,10.0,1.00,0.500,0.300,3.00
1.1286,0.029352,0.030295,0.024361,-28.22,0,150.0,10.0,1.00,0.500,0.300,3.00
1.1336,0.029190,0.030385,0.024092,-28.22,0,150.0,10.0,1.00,0.500,0.300,3.00
1.1389,0.029005,0.030490,0.023773,-28.22,0,150.0,10.0,1.00,0.500,0.300,3.00
1.1439,0.028822,0.030589,0.023473,-28.22,0,150.0,10.0,1.00,0.500,0.300,3.00
1.1489,0.028651,0.030682,0.023178,-28.22,0,150.0,10.0,1.00,0.500,0.300,3.00
1.1542,0.028447,0.030796,0.022852,-28.22,0,150.0,10.0,1.00,0.500,0.300,3.00
1.1591,0.028245,0.030898,0.022539,-28.22,0,150.0,10.0,1.00,0.500,0.300,3.00
1.1642,0.028049,0.030986,0.022234,-28.22,0,150.0,10.0,1.00,0.500,0.300,3.00
1.1691,0.027842,0.031092,0.021919,-28.22,0,150.0,10.0,1.00,0.500,0.300,3.00
1.1745,0.027620,0.031202,0.021585,-28.22,0,150.0,10.0,1.00,0.500,0.300,3.00
1.1794,0.027418,0.031294,0.021276,-28.22,0,150.0,10.0,1.00,0.500,0.300,3.00
1.1844,0.027195,0.031409,0.020946,-28.22,0,150.0,10.0,1.00,0.500,0.300,3.00
1.1897,0.026954,0.031527,0.020589,-28.22,0,150.0,10.0,1.00,0.500,0.300,3.00
1.1947,0.026735,0.031608,0.020268,-28.22,0,150.0,10.0,1.00,0.500,0.300,3.00
1.1996,0.026500,0.031713,0.019948,-28.22,0,150.0,10.0,1.00,0.500,0.300,3.00
1.2049,0.026252,0.031836,0.019603,-28.22,0,150.0,10.0,1.00,0.500,0.300,3.00
1.2099,0.026030,0.031922,0.019286,-28.22,0,150.0,10.0,1.00,0.500,0.300,3.00
1.2152,0.025794,0.032010,0.018951,-28.22,0,150.0,10.0,1.00,0.500,0.300,3.00
1.2201,0.025560,0.032120,0.018629,-28.22,0,150.0,10.0,1.00,0.500,0.300,3.00
1.2252,0.025330,0.032245,0.018323,-28.22,0,150.0,10.0,1.00,0.500,0.300,3.00
1.2304,0.025080,0.032365,0.017986,-28.22,0,150.0,10.0,1.00,0.500,0.300,3.00
1.2354,0.024843,0.032486,0.017658,-28.22,0,150.0,10.0,1.00,0.500,0.300,3.00
1.2404,0.024613,0.032607,0.017331,-28.22,0,150.0,10.0,1.00,0.500,0.300,3.00
1.2454,0.024370,0.032745,0.016993,-28.22,0,150.0,10.0,1.00,0.500,0.300,3.00
1.2507,0.024143,0.032891,0.016647,-28.22,0,150.0,10.0,1.00,0.500,0.300,3.00
1.2557,0.023936,0.033040,0.016309,-28.22,0,150.0,10.0,1.00,0.500,0.300,3.00
1.2609,0.023717,0.033220,0.015956,-28.22,0,150.0,10.0,1.00,0.500,0.300,3.00
1.2659,0.023517,0.033375,0.015624,-28.22,0,150.0,10.0,1.00,0.500,0.300,3.00
1.2712,0.023311,0.033560,0.015247,-28.22,0,150.0,10.0,1.00,0.500,0.300,3.00
1.2762,0.023113,0.033739,0.014881,-28.22,0,150.0,10.0,1.00,0.500,0.300,3.00
1.2811,0.022914,0.033917,0.014516,-28.22,0,150.0,10.0,1.00,0.500,0.300,3.00
1.2861,0.022716,0.034080,0.014149,-28.22,0,150.0,10.0,1.00,0.500,0.300,3.00
1.2915,0.022484,0.034277,0.013763,-28.22,0,150.0,10.0,1.00,0.500,0.300,3.00
1.2964,0.022276,0.034445,0.013401,-28.22,0,150.0,10.0,1.00,0.500,0.300,3.00
1.3014,0.022079,0.034613,0.013033,-28.22,0,150.0,10.0,1.00,0.500,0.300,3.00
1.3066,0.021871,0.034777,0.012649,-28.22,0,150.0,10.0,1.00,0.500,0.300,3.00
1.3116,0.021692,0.034934,0.012282,-28.22,0,150.0,10.0,1.00,0.500,0.300,3.00
1.3166,0.021493,0.035127,0.011917,-28.22,0,150.0,10.0,1.00,0.500,0.300,3.00
1.3219,0.021308,0.035307,0.011545,-28.22,0,150.0,10.0,1.00,0.500,0.300,3.00
1.3269,0.021143,0.035492,0.011203,-28.22,0,150.0,10.0,1.00,0.500,0.300,3.00
1.3319,0.020980,0.035703,0.010843,-28.22,0,150.0,10.0,1.00,0.500,0.300,3.00
1.3372,0.020823,0.035896,0.010437,-28.22,0,150.0,10.0,1.00,0.500,0.300,3.00
1.3422,0.020684,0.036084,0.010091,-28.22,0,150.0,10.0,1.00,0.500,0.300,3.00
1.3471,0.020538,0.036282,0.009731,-28.22,0,150.0,10.0,1.00,0.500,0.300,3.00
1.3522,0.020406,0.036473,0.009353,-28.22,0,150.0,10.0,1.00,0.500,0.300,3.00
1.3574,0.020269,0.036664,0.008982,-28.22,0,150.0,10.0,1.00,0.500,0.300,3.00
1.3624,0.020141,0.036857,0.008626,-28.22,0,150.0,10.0,1.00,0.500,0.300,3.00
1.3674,0.020010,0.037057,0.008283,-28.22,0,150.0,10.0,1.00,0.500,0.300,3.00
1.3727,0.019906,0.037244,0.007902,-28.22,0,150.0,10.0,1.00,0.500,0.300,3.00
1.3776,0.019799,0.037434,0.007566,-28.22,0,150.0,10.0,1.00,0.500,0.300,3.00
1.3829,0.019670,0.037663,0.007185,-28.22,0,150.0,10.0,1.00,0.500,0.300,3.00
1.3879,0.019554,0.037875,0.006829,-28.22,0,150.0,10.0,1.00,0.500,0.300,3.00
1.3929,0.019448,0.038078,0.006495,-28.22,0,150.0,10.0,1.00,0.500,0.300,3.00
1.3982,0.019326,0.038291,0.006168,-28.22,0,150.0,10.0,1.00,0.500,0.300,3.00
1.4031,0.019203,0.038527,0.005808,-28.22,0,150.0,10.0,1.00,0.500,0.300,3.00
1.4082,0.019082,0.038751,0.005468,-28.22,0,150.0,10.0,1.00,0.500,0.300,3.00
1.4132,0.018977,0.038965,0.005135,-28.22,0,150.0,10.0,1.00,0.500,0.300,3.00
1.4184,0.018847,0.039198,0.004782,-28.22,0,150.0,10.0,1.00,0.500,0.300,3.00
1.4234,0.018735,0.039405,0.004475,-28.22,0,150.0,10.0,1.00,0.500,0.300,3.00
1.4284,0.018632,0.039603,0.004189,-28.22,0,150.0,10.0,1.00,0.500,0.300,3.00
1.4337,0.018526,0.039804,0.003877,-28.22,0,150.0,10.0,1.00,0.500,0.300,3.00
1.4386,0.018426,0.040011,0.003556,-28.22,0,150.0,10.0,1.00,0.500,0.300,3.00
1.4439,0.018327,0.040219,0.003249,-28.22,0,150.0,10.0,1.00,0.500,0.300,3.00
1.4489,0.018241,0.040399,0.002959,-28.22,0,150.0,10.0,1.00,0.500,0.300,3.00
1.4539,0.018175,0.040561,0.002663,-28.22,0,150.0,10.0,1.00,0.500,0.300,3.00
1.4592,0.018102,0.040722,0.002359,-28.22,0,150.0,10.0,1.00,0.500,0.300,3.00
1.4642,0.018027,0.040876,0.002074,-28.21,0,150.0,10.0,1.00,0.500,0.300,3.00
1.4692,0.017967,0.041020,0.001780,-28.21,0,150.0,10.0,1.00,0.500,0.300,3.00
1.4742,0.017900,0.041151,0.001507,-28.19,0,150.0,10.0,1.00,0.500,0.300,3.00
1.4795,0.017831,0.041270,0.001247,-28.16,0,150.0,10.0,1.00,0.500,0.300,3.00
1.4844,0.017775,0.041372,0.000997,-28.14,0,150.0,10.0,1.00,0.500,0.300,3.00
1.4894,0.017691,0.041483,0.000762,-28.11,0,150.0,10.0,1.00,0.500,0.300,3.00
1.4946,0.017599,0.041579,0.000534,-28.08,0,150.0,10.0,1.00,0.500,0.300,3.00
1.4997,0.017500,0.041669,0.000316,-28.06,0,150.0,10.0,1.00,0.500,0.300,3.00
1.5046,0.017394,0.041738,0.000114,-28.04,0,150.0,10.0,1.00,0.500,0.300,3.00
1.5099,0.017295,0.041813,-0.000120,-28.02,0,150.0,10.0,1.00,0.500,0.300,3.00
1.5149,0.017219,0.041871,-0.000367,-28.01,0,150.0,10.0,1.00,0.500,0.300,3.00
1.5202,0.017139,0.041945,-0.000652,-28.00,0,150.0,10.0,1.00,0.500,0.300,3.00
1.5251,0.017078,0.041999,-0.000903,-28.00,0,150.0,10.0,1.00,0.500,0.300,3.00
1.5302,0.017026,0.042055,-0.001154,-28.00,0,150.0,10.0,1.00,0.500,0.300,3.00
1.5351,0.016986,0.042108,-0.001402,-28.00,0,150.0,10.0,1.00,0.500,0.300,3.00
1.5404,0.016939,0.042154,-0.001639,-28.00,0,150.0,10.0,1.00,0.500,0.300,3.00
1.5454,0.016895,0.042189,-0.001856,-28.00,0,150.0,10.0,1.00,0.500,0.300,3.00
1.5504,0.016849,0.042200,-0.002053,-27.99,0,150.0,10.0,1.00,0.500,0.300,3.00
1.5557,0.016787,0.042226,-0.002251,-27.98,0,150.0,10.0,1.00,0.500,0.300,3.00
1.5607,0.016716,0.042238,-0.002444,-27.97,0,150.0,10.0,1.00,0.500,0.300,3.00
1.5657,0.016657,0.042242,-0.002615,-27.95,0,150.0,10.0,1.00,0.500,0.300,3.00
1.5709,0.016612,0.042242,-0.002783,-27.94,0,150.0,10.0,1.00,0.500,0.300,3.00
1.5759,0.016581,0.042246,-0.002944,-27.92,0,150.0,10.0,1.00,0.500,0.300,3.00
1.5809,0.016564,0.042254,-0.003098,-27.89,0,150.0,10.0,1.00,0.500,0.300,3.00
1.5862,0.016571,0.042273,-0.003262,-27.84,0,150.0,10.0,1.00,0.500,0.300,3.00
1.5911,0.016598,0.042276,-0.003433,-27.79,0,150.0,10.0,1.00,0.500,0.300,3.00
1.5961,0.016636,0.042283,-0.003588,-27.74,0,150.0,10.0,1.00,0.500,0.300,3.00
1.6011,0.016687,0.042286,-0.003741,-27.68,0,150.0,10.0,1.00,0.500,0.300,3.00
1.6062,0.016732,0.042285,-0.003860,-27.62,0,150.0,10.0,1.00,0.500,0.300,3.00
1.6114,0.016793,0.042278,-0.004007,-27.54,0,150.0,10.0,1.00,0.500,0.300,3.00
1.6164,0.016845,0.042271,-0.004132,-27.47,0,150.0,10.0,1.00,0.500,0.300,3.00
1.6217,0.016899,0.042259,-0.004246,-27.39,0,150.0,10.0,1.00,0.500,0.300,3.00
1.6267,0.016940,0.042253,-0.004340,-27.33,0,150.0,10.0,1.00,0.500,0.300,3.00
1.6317,0.016984,0.042247,-0.004442,-27.27,0,150.0,10.0,1.00,0.500,0.300,3.00
1.6366,0.017030,0.042259,-0.004554,-27.23,0,150.0,10.0,1.00,0.500,0.300,3.00
1.6419,0.017085,0.042273,-0.004666,-27.18,0,150.0,10.0,1.00,0.500,0.300,3.00
1.6469,0.017131,0.042307,-0.004757,-27.15,0,150.0,10.0,1.00,0.500,0.300,3.00
1.6519,0.017186,0.042343,-0.004848,-27.13,0,150.0,10.0,1.00,0.500,0.300,3.00
1.6572,0.017238,0.042393,-0.004915,-27.12,0,150.0,10.0,1.00,0.500,0.300,3.00
1.6621,0.017293,0.042450,-0.004986,-27.12,0,150.0,10.0,1.00,0.500,0.300,3.00
1.6672,0.017343,0.042507,-0.005042,-27.13,0,150.0,10.0,1.00,0.500,0.300,3.00
1.6722,0.017382,0.042569,-0.005085,-27.13,0,150.0,10.0,1.00,0.500,0.300,3.00
1.6775,0.017419,0.042632,-0.005122,-27.14,0,150.0,10.0,1.00,0.500,0.300,3.00
1.6824,0.017453,0.042675,-0.005148,-27.14,0,150.0,10.0,1.00,0.500,0.300,3.00
1.6874,0.017478,0.042717,-0.005175,-27.14,0,150.0,10.0,1.00,0.500,0.300,3.00
1.6926,0.017508,0.042751,-0.005221,-27.13,0,150.0,10.0,1.00,0.500,0.300,3.00
1.6976,0.017545,0.042780,-0.005272,-27.12,0,150.0,10.0,1.00,0.500,0.300,3.00
1.7029,0.017579,0.042807,-0.005337,-27.10,0,150.0,10.0,1.00,0.500,0.300,3.00
1.7079,0.017614,0.042822,-0.005397,-27.09,0,150.0,10.0,1.00,0.500,0.300,3.00
1.7132,0.017660,0.042831,-0.005468,-27.06,0,150.0,10.0,1.00,0.500,0.300,3.00
1.7182,0.017701,0.042834,-0.005537,-27.02,0,150.0,10.0,1.00,0.500,0.300,3.00
1.7232,0.017728,0.042827,-0.005594,-26.97,0,150.0,10.0,1.00,0.500,0.300,3.00
1.7282,0.017750,0.042814,-0.005649,-26.92,0,150.0,10.0,1.00,0.500,0.300,3.00
1.7332,0.017765,0.042787,-0.005697,-26.87,0,150.0,10.0,1.00,0.500,0.300,3.00
1.7384,0.017780,0.042753,-0.005749,-26.82,0,150.0,10.0,1.00,0.500,0.300,3.00
1.7434,0.017794,0.042719,-0.005802,-26.78,0,150.0,10.0,1.00,0.500,0.300,3.00
1.7487,0.017810,0.042685,-0.005862,-26.74,0,150.0,10.0,1.00,0.500,0.300,3.00
1.7537,0.017821,0.042649,-0.005930,-26.71,0,150.0,10.0,1.00,0.500,0.300,3.00
1.7587,0.017834,0.042608,-0.005987,-26.68,0,150.0,10.0,1.00,0.500,0.300,3.00
1.7639,0.017849,0.042578,-0.006057,-26.66,0,150.0,10.0,1.00,0.500,0.300,3.00
1.7689,0.017858,0.042549,-0.006113,-26.65,0,150.0,10.0,1.00,0.500,0.300,3.00
1.7742,0.017867,0.042520,-0.006168,-26.64,0,150.0,10.0,1.00,0.500,0.300,3.00
1.7792,0.017867,0.042490,-0.006224,-26.64,0,150.0,10.0,1.00,0.500,0.300,3.00
1.7841,0.017871,0.042461,-0.006264,-26.64,0,150.0,10.0,1.00,0.500,0.300,3.00
1.7892,0.017866,0.042431,-0.006305,-26.64,0,150.0,10.0,1.00,0.500,0.300,3.00
1.7942,0.017872,0.042402,-0.006353,-26.64,0,150.0,10.0,1.00,0.500,0.300,3.00
1.7994,0.017883,0.042366,-0.006420,-26.63,0,150.0,10.0,1.00,0.500,0.300,3.00
1.8044,0.017895,0.042341,-0.006502,-26.62,0,150.0,10.0,1.00,0.500,0.300,3.00
1.8095,0.017920,0.042314,-0.006580,-26.59,0,150.0,10.0,1.00,0.500,0.300,3.00
1.8147,0.017952,0.042293,-0.006670,-26.56,0,150.0,10.0,1.00,0.500,0.300,3.00
1.8197,0.017985,0.042279,-0.006755,-26.53,0,150.0,10.0,1.00,0.500,0.300,3.00
1.8249,0.018039,0.042262,-0.006860,-26.49,0,150.0,10.0,1.00,0.500,0.300,3.00
1.8299,0.018088,0.042230,-0.006967,-26.45,0,150.0,10.0,1.00,0.500,0.300,3.00
1.8349,0.018133,0.042206,-0.007054,-26.41,0,150.0,10.0,1.00,0.500,0.300,3.00
1.8402,0.018186,0.042162,-0.007162,-26.37,0,150.0,10.0,1.00,0.500,0.300,3.00
1.8452,0.018233,0.042118,-0.007255,-26.32,0,150.0,10.0,1.00,0.500,0.300,3.00
1.8502,0.018283,0.042079,-0.007374,-26.28,0,150.0,10.0,1.00,0.500,0.300,3.00
1.8555,0.018346,0.042035,-0.007512,-26.24,0,150.0,10.0,1.00,0.500,0.300,3.00
1.8605,0.018414,0.042004,-0.007650,-26.19,0,150.0,10.0,1.00,0.500,0.300,3.00
1.8654,0.018474,0.041979,-0.007784,-26.14,0,150.0,10.0,1.00,0.500,0.300,3.00
1.8704,0.018548,0.041962,-0.007928,-26.11,0,150.0,10.0,1.00,0.500,0.300,3.00
1.8757,0.018634,0.041946,-0.008081,-26.07,0,150.0,10.0,1.00,0.500,0.300,3.00
1.8807,0.018723,0.041933,-0.008219,-26.05,0,150.0,10.0,1.00,0.500,0.300,3.00
1.8859,0.018808,0.041931,-0.008355,-26.03,0,150.0,10.0,1.00,0.500,0.300,3.00
1.8909,0.018892,0.041923,-0.008496,-26.02,0,150.0,10.0,1.00,0.500,0.300,3.00
1.8959,0.018973,0.041919,-0.008648,-26.01,0,150.0,10.0,1.00,0.500,0.300,3.00
1.9012,0.019049,0.041921,-0.008804,-26.01,0,150.0,10.0,1.00,0.500,0.300,3.00
1.9061,0.019121,0.041915,-0.008956,-26.01,0,150.0,10.0,1.00,0.500,0.300,3.00
1.9112,0.019199,0.041916,-0.009119,-26.01,0,150.0,10.0,1.00,0.500,0.300,3.00
1.9162,0.019287,0.041912,-0.009295,-26.01,0,150.0,10.0,1.00,0.500,0.300,3.00
1.9214,0.019385,0.041916,-0.009467,-26.00,0,150.0,10.0,1.00,0.500,0.300,3.00
1.9264,0.019494,0.041919,-0.009678,-26.00,0,150.0,10.0,1.00,0.500,0.300,3.00
1.9314,0.019609,0.041923,-0.009882,-26.00,0,150.0,10.0,1.00,0.500,0.300,3.00
1.9367,0.019730,0.041916,-0.010095,-25.99,0,150.0,10.0,1.00,0.500,0.300,3.00
1.9417,0.019853,0.041907,-0.010316,-25.98,0,150.0,10.0,1.00,0.500,0.300,3.00
1.9467,0.019974,0.041894,-0.010512,-25.97,0,150.0,10.0,1.00,0.500,0.300,3.00
1.9519,0.020103,0.041866,-0.010755,-25.95,0,150.0,10.0,1.00,0.500,0.300,3.00
1.9569,0.020212,0.041836,-0.010960,-25.94,0,150.0,10.0,1.00,0.500,0.300,3.00
1.9619,0.020319,0.041800,-0.011169,-25.93,0,150.0,10.0,1.00,0.500,0.300,3.00
1.9672,0.020425,0.041749,-0.011395,-25.92,0,150.0,10.0,1.00,0.500,0.300,3.00
1.9721,0.020526,0.041706,-0.011594,-25.92,0,150.0,10.0,1.00,0.500,0.300,3.00
1.9772,0.020644,0.041644,-0.011822,-25.92,0,150.0,10.0,1.00,0.500,0.300,3.00
1.9822,0.020768,0.041596,-0.012058,-25.92,0,150.0,10.0,1.00,0.500,0.300,3.00
1.9875,0.020902,0.041537,-0.012288,-25.92,0,150.0,10.0,1.00,0.500,0.300,3.00
1.9924,0.021042,0.041484,-0.012529,-25.92,0,150.0,10.0,1.00,0.500,0.300,3.00
1.9974,0.021183,0.041426,-0.012760,-25.92,0,150.0,10.0,1.00,0.500,0.300,3.00
2.0027,0.021355,0.041370,-0.013040,-25.93,0,150.0,10.0,1.00,0.500,0.300,3.00
2.0077,0.021515,0.041314,-0.013281,-25.94,0,150.0,10.0,1.00,0.500,0.300,3.00
2.0127,0.021676,0.041277,-0.013532,-25.94,0,150.0,10.0,1.00,0.500,0.300,3.00
2.0179,0.021834,0.041247,-0.013763,-25.95,0,150.0,10.0,1.00,0.500,0.300,3.00
2.0229,0.021987,0.041226,-0.014024,-25.95,0,150.0,10.0,1.00,0.500,0.300,3.00
2.0282,0.022143,0.041208,-0.014263,-25.96,0,150.0,10.0,1.00,0.500,0.300,3.00
2.0332,0.022283,0.041200,-0.014492,-25.97,0,150.0,10.0,1.00,0.500,0.300,3.00
2.0381,0.022410,0.041191,-0.014705,-25.97,0,150.0,10.0,1.00,0.500,0.300,3.00
2.0432,0.022542,0.041194,-0.014948,-25.98,0,150.0,10.0,1.00,0.500,0.300,3.00
2.0482,0.022671,0.041196,-0.015184,-25.99,0,150.0,10.0,1.00,0.500,0.300,3.00
2.0535,0.022811,0.041203,-0.015456,-26.00,0,150.0,10.0,1.00,0.500,0.300,3.00
2.0584,0.022934,0.041236,-0.015686,-26.01,0,150.0,10.0,1.00,0.500,0.300,3.00
2.0637,0.023082,0.041256,-0.015974,-26.02,0,150.0,10.0,1.00,0.500,0.300,3.00
2.0687,0.023219,0.041289,-0.016237,-26.03,0,150.0,10.0,1.00,0.500,0.300,3.00
2.0737,0.023364,0.041327,-0.016519,-26.03,0,150.0,10.0,1.00,0.500,0.300,3.00
2.0789,0.023513,0.041375,-0.016783,-26.05,0,150.0,10.0,1.00,0.500,0.300,3.00
2.0839,0.023661,0.041419,-0.017078,-26.06,0,150.0,10.0,1.00,0.500,0.300,3.00
2.0889,0.023799,0.041464,-0.017334,-26.08,0,150.0,10.0,1.00,0.500,0.300,3.00
2.0942,0.023933,0.041514,-0.017601,-26.10,0,150.0,10.0,1.00,0.500,0.300,3.00
2.0992,0.024042,0.041563,-0.017834,-26.11,0,150.0,10.0,1.00,0.500,0.300,3.00
2.1042,0.024143,0.041629,-0.018078,-26.13,0,150.0,10.0,1.00,0.500,0.300,3.00
2.1092,0.024228,0.041680,-0.018306,-26.13,0,150.0,10.0,1.00,0.500,0.300,3.00
2.1144,0.024301,0.041742,-0.018541,-26.14,0,150.0,10.0,1.00,0.500,0.300,3.00
2.1194,0.024358,0.041811,-0.018730,-26.14,0,150.0,10.0,1.00,0.500,0.300,3.00
2.1244,0.024411,0.041885,-0.018930,-26.14,0,150.0,10.0,1.00,0.500,0.300,3.00
2.1297,0.024467,0.041962,-0.019166,-26.14,0,150.0,10.0,1.00,0.500,0.300,3.00
2.1346,0.024514,0.042053,-0.019384,-26.14,0,150.0,10.0,1.00,0.500,0.300,3.00
2.1397,0.024569,0.042156,-0.019618,-26.14,0,150.0,10.0,1.00,0.500,0.300,3.00
2.1449,0.024627,0.042272,-0.019844,-26.14,0,150.0,10.0,1.00,0.500,0.300,3.00
2.1499,0.024689,0.042384,-0.020066,-26.14,0,150.0,10.0,1.00,0.500,0.300,3.00
2.1552,0.024752,0.042505,-0.020311,-26.15,0,150.0,10.0,1.00,0.500,0.300,3.00
2.1602,0.024806,0.042629,-0.020516,-26.16,0,150.0,10.0,1.00,0.500,0.300,3.00
2.1652,0.024863,0.042740,-0.020722,-26.17,0,150.0,10.0,1.00,0.500,0.300,3.00
2.1701,0.024902,0.042864,-0.020901,-26.19,0,150.0,10.0,1.00,0.500,0.300,3.00
2.1752,0.024941,0.042987,-0.021081,-26.21,0,150.0,10.0,1.00,0.500,0.300,3.00
2.1804,0.024970,0.043114,-0.021280,-26.23,0,150.0,10.0,1.00,0.500,0.300,3.00
2.1854,0.024990,0.043231,-0.021422,-26.26,0,150.0,10.0,1.00,0.500,0.300,3.00
2.1904,0.025004,0.043360,-0.021555,-26.27,0,150.0,10.0,1.00,0.500,0.300,3.00
2.1957,0.025014,0.043502,-0.021686,-26.30,0,150.0,10.0,1.00,0.500,0.300,3.00
2.2007,0.025027,0.043636,-0.021778,-26.32,0,150.0,10.0,1.00,0.500,0.300,3.00
2.2059,0.025052,0.043784,-0.021862,-26.34,0,150.0,10.0,1.00,0.500,0.300,3.00
2.2109,0.025081,0.043923,-0.021914,-26.35,0,150.0,10.0,1.00,0.500,0.300,3.00
2.2159,0.025121,0.044066,-0.022012,-26.37,0,150.0,10.0,1.00,0.500,0.300,3.00
2.2212,0.025182,0.044225,-0.022109,-26.38,0,150.0,10.0,1.00,0.500,0.300,3.00
2.2262,0.025236,0.044379,-0.022187,-26.38,0,150.0,10.0,1.00,0.500,0.300,3.00
2.2311,0.025300,0.044525,-0.022286,-26.39,0,150.0,10.0,1.00,0.500,0.300,3.00
2.2361,0.025362,0.044679,-0.022363,-26.40,0,150.0,10.0,1.00,0.500,0.300,3.00
2.2415,0.025418,0.044854,-0.022418,-26.40,0,150.0,10.0,1.00,0.500,0.300,3.00
2.2464,0.025474,0.045006,-0.022443,-26.40,0,150.0,10.0,1.00,0.500,0.300,3.00
2.2515,0.025528,0.045178,-0.022462,-26.40,0,150.0,10.0,1.00,0.500,0.300,3.00
2.2567,0.025583,0.045348,-0.022488,-26.39,0,150.0,10.0,1.00,0.500,0.300,3.00
2.2617,0.025634,0.045520,-0.022498,-26.39,0,150.0,10.0,1.00,0.500,0.300,3.00
2.2667,0.025673,0.045677,-0.022508,-26.40,0,150.0,10.0,1.00,0.500,0.300,3.00
2.2719,0.025714,0.045863,-0.022483,-26.40,0,150.0,10.0,1.00,0.500,0.300,3.00
2.2769,0.025744,0.046049,-0.022449,-26.40,0,150.0,10.0,1.00,0.500,0.300,3.00
2.2819,0.025768,0.046222,-0.022407,-26.40,0,150.0,10.0,1.00,0.500,0.300,3.00
2.2872,0.025795,0.046408,-0.022356,-26.40,0,150.0,10.0,1.00,0.500,0.300,3.00
2.2922,0.025817,0.046582,-0.022306,-26.40,0,150.0,10.0,1.00,0.500,0.300,3.00
2.2972,0.025853,0.046751,-0.022253,-26.40,0,150.0,10.0,1.00,0.500,0.300,3.00
2.3022,0.025888,0.046920,-0.022200,-26.40,0,150.0,10.0,1.00,0.500,0.300,3.00
2.3074,0.025926,0.047110,-0.022133,-26.40,0,150.0,10.0,1.00,0.500,0.300,3.00
2.3124,0.025966,0.047289,-0.022059,-26.40,0,150.0,10.0,1.00,0.500,0.300,3.00
2.3176,0.026011,0.047463,-0.021982,-26.40,0,150.0,10.0,1.00,0.500,0.300,3.00
2.3227,0.026052,0.047634,-0.021920,-26.40,0,150.0,10.0,1.00,0.500,0.300,3.00
2.3279,0.026094,0.047819,-0.021849,-26.39,0,150.0,10.0,1.00,0.500,0.300,3.00
2.3329,0.026138,0.047992,-0.021772,-26.38,0,150.0,10.0,1.00,0.500,0.300,3.00
2.3379,0.026186,0.048187,-0.021679,-26.38,0,150.0,10.0,1.00,0.500,0.300,3.00
2.3432,0.026231,0.048382,-0.021579,-26.37,0,150.0,10.0,1.00,0.500,0.300,3.00
2.3481,0.026271,0.048572,-0.021466,-26.36,0,150.0,10.0,1.00,0.500,0.300,3.00
2.3532,0.026302,0.048753,-0.021358,-26.35,0,150.0,10.0,1.00,0.500,0.300,3.00
2.3582,0.026325,0.048933,-0.021248,-26.34,0,150.0,10.0,1.00,0.500,0.300,3.00
2.3634,0.026346,0.049129,-0.021113,-26.33,0,150.0,10.0,1.00,0.500,0.300,3.00
2.3684,0.026359,0.049316,-0.020990,-26.32,0,150.0,10.0,1.00,0.500,0.300,3.00
2.3737,0.026370,0.049503,-0.020858,-26.32,0,150.0,10.0,1.00,0.500,0.300,3.00
2.3787,0.026383,0.049672,-0.020725,-26.32,0,150.0,10.0,1.00,0.500,0.300,3.00
2.3837,0.026391,0.049845,-0.020603,-26.33,0,150.0,10.0,1.00,0.500,0.300,3.00
2.3889,0.026397,0.050020,-0.020473,-26.33,0,150.0,10.0,1.00,0.500,0.300,3.00
2.3939,0.026407,0.050189,-0.020331,-26.33,0,150.0,10.0,1.00,0.500,0.300,3.00
2.3989,0.026417,0.050351,-0.020202,-26.33,0,150.0,10.0,1.00,0.500,0.300,3.00
2.4042,0.026428,0.050535,-0.020051,-26.33,0,150.0,10.0,1.00,0.500,0.300,3.00
2.4092,0.026449,0.050701,-0.019906,-26.33,0,150.0,10.0,1.00,0.500,0.300,3.00
2.4142,0.026470,0.050859,-0.019766,-26.32,0,150.0,10.0,1.00,0.500,0.300,3.00
2.4192,0.026496,0.051020,-0.019619,-26.32,0,150.0,10.0,1.00,0.500,0.300,3.00
2.4244,0.026525,0.051187,-0.019474,-26.32,0,150.0,10.0,1.00,0.500,0.300,3.00
2.4294,0.026550,0.051348,-0.019326,-26.32,0,150.0,10.0,1.00,0.500,0.300,3.00
2.4347,0.026579,0.051522,-0.019177,-26.32,0,150.0,10.0,1.00,0.500,0.300,3.00
2.4397,0.026614,0.051683,-0.019037,-26.32,0,150.0,10.0,1.00,0.500,0.300,3.00
2.4449,0.026650,0.051851,-0.018901,-26.32,0,150.0,10.0,1.00,0.500,0.300,3.00
2.4499,0.026687,0.052004,-0.018782,-26.32,0,150.0,10.0,1.00,0.500,0.300,3.00
2.4549,0.026725,0.052139,-0.018662,-26.32,0,150.0,10.0,1.00,0.500,0.300,3.00
2.4602,0.026758,0.052278,-0.018545,-26.32,0,150.0,10.0,1.00,0.500,0.300,3.00
2.4652,0.026799,0.052401,-0.018419,-26.32,0,150.0,10.0,1.00,0.500,0.300,3.00
2.4702,0.026838,0.052532,-0.018280,-26.32,0,150.0,10.0,1.00,0.500,0.300,3.00
2.4752,0.026882,0.052657,-0.018137,-26.32,0,150.0,10.0,1.00,0.500,0.300,3.00
2.4804,0.026924,0.052783,-0.017986,-26.32,0,150.0,10.0,1.00,0.500,0.300,3.00
2.4854,0.026971,0.052897,-0.017837,-26.32,0,150.0,10.0,1.00,0.500,0.300,3.00
2.4904,0.027016,0.053004,-0.017693,-26.32,0,150.0,10.0,1.00,0.500,0.300,3.00
2.4957,0.027065,0.053113,-0.017532,-26.32,0,150.0,10.0,1.00,0.500,0.300,3.00
2.5007,0.027115,0.053207,-0.017390,-26.32,0,150.0,10.0,1.00,0.500,0.300,3.00
2.5056,0.027167,0.053308,-0.017251,-26.32,0,150.0,10.0,1.00,0.500,0.300,3.00
2.5109,0.027233,0.053419,-0.017099,-26.32,0,150.0,10.0,1.00,0.500,0.300,3.00
2.5159,0.027300,0.053515,-0.016966,-26.32,0,150.0,10.0,1.00,0.500,0.300,3.00
2.5212,0.027378,0.053622,-0.016811,-26.32,0,150.0,10.0,1.00,0.500,0.300,3.00
2.5263,0.027459,0.053713,-0.016683,-26.31,0,150.0,10.0,1.00,0.500,0.300,3.00
2.5311,0.027544,0.053800,-0.016544,-26.31,0,150.0,10.0,1.00,0.500,0.300,3.00
2.5362,0.027630,0.053885,-0.016412,-26.30,0,150.0,10.0,1.00,0.500,0.300,3.00
2.5412,0.027712,0.053969,-0.016297,-26.30,0,150.0,10.0,1.00,0.500,0.300,3.00
2.5464,0.027791,0.054053,-0.016174,-26.29,0,150.0,10.0,1.00,0.500,0.300,3.00
2.5514,0.027870,0.054129,-0.016055,-26.29,0,150.0,10.0,1.00,0.500,0.300,3.00
2.5567,0.027948,0.054199,-0.015941,-26.27,0,150.0,10.0,1.00,0.500,0.300,3.00
2.5617,0.028018,0.054261,-0.015832,-26.27,0,150.0,10.0,1.00,0.500,0.300,3.00
2.5667,0.028090,0.054310,-0.015717,-26.26,0,150.0,10.0,1.00,0.500,0.300,3.00
2.5719,0.028166,0.054359,-0.015618,-26.25,0,150.0,10.0,1.00,0.500,0.300,3.00
2.5769,0.028240,0.054408,-0.015511,-26.24,0,150.0,10.0,1.00,0.500,0.300,3.00
2.5819,0.028316,0.054449,-0.015417,-26.22,0,150.0,10.0,1.00,0.500,0.300,3.00
2.5872,0.028399,0.054491,-0.015323,-26.22,0,150.0,10.0,1.00,0.500,0.300,3.00
2.5922,0.028476,0.054531,-0.015237,-26.21,0,150.0,10.0,1.00,0.500,0.300,3.00
2.5972,0.028564,0.054561,-0.015145,-26.20,0,150.0,10.0,1.00,0.500,0.300,3.00
2.6022,0.028646,0.054595,-0.015056,-26.20,0,150.0,10.0,1.00,0.500,0.300,3.00
2.6074,0.028729,0.054622,-0.014980,-26.21,0,150.0,10.0,1.00,0.500,0.300,3.00
2.6124,0.028813,0.054642,-0.014909,-26.21,0,150.0,10.0,1.00,0.500,0.300,3.00
2.6177,0.028895,0.054655,-0.014844,-26.21,0,150.0,10.0,1.00,0.500,0.300,3.00
2.6227,0.028986,0.054657,-0.014764,-26.21,0,150.0,10.0,1.00,0.500,0.300,3.00
2.6277,0.029076,0.054639,-0.014699,-26.21,0,150.0,10.0,1.00,0.500,0.300,3.00
2.6329,0.029169,0.054615,-0.014622,-26.21,0,150.0,10.0,1.00,0.500,0.300,3.00
2.6379,0.029268,0.054571,-0.014561,-26.21,0,150.0,10.0,1.00,0.500,0.300,3.00
2.6429,0.029362,0.054533,-0.014503,-26.20,0,150.0,10.0,1.00,0.500,0.300,3.00
2.6482,0.029455,0.054487,-0.014450,-26.20,0,150.0,10.0,1.00,0.500,0.300,3.00
2.6532,0.029558,0.054416,-0.014401,-26.20,0,150.0,10.0,1.00,0.500,0.300,3.00
2.6582,0.029650,0.054356,-0.014357,-26.20,0,150.0,10.0,1.00,0.500,0.300,3.00
2.6632,0.029731,0.054293,-0.014330,-26.19,0,150.0,10.0,1.00,0.500,0.300,3.00
2.6685,0.029807,0.054234,-0.014306,-26.19,0,150.0,10.0,1.00,0.500,0.300,3.00
2.6734,0.029892,0.054158,-0.014280,-26.18,0,150.0,10.0,1.00,0.500,0.300,3.00
2.6784,0.029962,0.054091,-0.014269,-26.18,0,150.0,10.0,1.00,0.500,0.300,3.00
2.6837,0.030036,0.054018,-0.014255,-26.16,0,150.0,10.0,1.00,0.500,0.300,3.00
2.6887,0.030107,0.053950,-0.014251,-26.15,0,150.0,10.0,1.00,0.500,0.300,3.00
2.6937,0.030173,0.053881,-0.014256,-26.14,0,150.0,10.0,1.00,0.500,0.300,3.00
2.6989,0.030235,0.053823,-0.014267,-26.14,0,150.0,10.0,1.00,0.500,0.300,3.00
2.7039,0.030295,0.053770,-0.014289,-26.14,0,150.0,10.0,1.00,0.500,0.300,3.00
2.7089,0.030356,0.053715,-0.014319,-26.14,0,150.0,10.0,1.00,0.500,0.300,3.00
2.7142,0.030413,0.053681,-0.014343,-26.14,0,150.0,10.0,1.00,0.500,0.300,3.00
2.7192,0.030465,0.053645,-0.014374,-26.14,0,150.0,10.0,1.00,0.500,0.300,3.00
2.7242,0.030516,0.053627,-0.014415,-26.14,0,150.0,10.0,1.00,0.500,0.300,3.00
2.7295,0.030566,0.053620,-0.014470,-26.14,0,150.0,10.0,1.00,0.500,0.300,3.00
2.7344,0.030612,0.053625,-0.014523,-26.14,0,150.0,10.0,1.00,0.500,0.300,3.00
2.7397,0.030656,0.053641,-0.014591,-26.14,0,150.0,10.0,1.00,0.500,0.300,3.00
2.7447,0.030696,0.053670,-0.014657,-26.14,0,150.0,10.0,1.00,0.500,0.300,3.00
2.7497,0.030731,0.053711,-0.014720,-26.14,0,150.0,10.0,1.00,0.500,0.300,3.00
2.7549,0.030766,0.053764,-0.014799,-26.14,0,150.0,10.0,1.00,0.500,0.300,3.00
2.7599,0.030790,0.053823,-0.014863,-26.14,0,150.0,10.0,1.00,0.500,0.300,3.00
2.7652,0.030816,0.053885,-0.014956,-26.14,0,150.0,10.0,1.00,0.500,0.300,3.00
2.7701,0.030837,0.053931,-0.015075,-26.14,0,150.0,10.0,1.00,0.500,0.300,3.00
2.7752,0.030850,0.053982,-0.015188,-26.14,0,150.0,10.0,1.00,0.500,0.300,3.00
2.7802,0.030859,0.054022,-0.015295,-26.14,0,150.0,10.0,1.00,0.500,0.300,3.00
2.7855,0.030859,0.054056,-0.015435,-26.13,0,150.0,10.0,1.00,0.500,0.300,3.00
2.7904,0.030853,0.054096,-0.015569,-26.12,0,150.0,10.0,1.00,0.500,0.300,3.00
2.7954,0.030845,0.054123,-0.015714,-26.11,0,150.0,10.0,1.00,0.500,0.300,3.00
2.8004,0.030840,0.054155,-0.015862,-26.10,0,150.0,10.0,1.00,0.500,0.300,3.00
2.8057,0.030831,0.054174,-0.016011,-26.09,0,150.0,10.0,1.00,0.500,0.300,3.00
2.8107,0.030821,0.054201,-0.016148,-26.08,0,150.0,10.0,1.00,0.500,0.300,3.00
2.8159,0.030817,0.054215,-0.016295,-26.08,0,150.0,10.0,1.00,0.500,0.300,3.00
2.8209,0.030812,0.054225,-0.016466,-26.08,0,150.0,10.0,1.00,0.500,0.300,3.00
2.8259,0.030802,0.054237,-0.016621,-26.08,0,150.0,10.0,1.00,0.500,0.300,3.00
2.8311,0.030788,0.054240,-0.016797,-26.08,0,150.0,10.0,1.00,0.500,0.300,3.00
2.8362,0.030767,0.054237,-0.016954,-26.08,0,150.0,10.0,1.00,0.500,0.300,3.00
2.8412,0.030748,0.054234,-0.017119,-26.08,0,150.0,10.0,1.00,0.500,0.300,3.00
2.8461,0.030729,0.054224,-0.017289,-26.08,0,150.0,10.0,1.00,0.500,0.300,3.00
2.8514,0.030696,0.054214,-0.017495,-26.08,0,150.0,10.0,1.00,0.500,0.300,3.00
2.8564,0.030664,0.054201,-0.017681,-26.08,0,150.0,10.0,1.00,0.500,0.300,3.00
2.8614,0.030634,0.054193,-0.017870,-26.08,0,150.0,10.0,1.00,0.500,0.300,3.00
2.8667,0.030604,0.054186,-0.018060,-26.08,0,150.0,10.0,1.00,0.500,0.300,3.00
2.8717,0.030573,0.054189,-0.018264,-26.08,0,150.0,10.0,1.00,0.500,0.300,3.00
2.8767,0.030545,0.054190,-0.018485,-26.08,0,150.0,10.0,1.00,0.500,0.300,3.00
2.8819,0.030498,0.054227,-0.018716,-26.08,0,150.0,10.0,1.00,0.500,0.300,3.00
2.8869,0.030460,0.054253,-0.018933,-26.08,0,150.0,10.0,1.00,0.500,0.300,3.00
2.8919,0.030429,0.054280,-0.019150,-26.07,0,150.0,10.0,1.00,0.500,0.300,3.00
2.8972,0.030393,0.054314,-0.019398,-26.07,0,150.0,10.0,1.00,0.500,0.300,3.00
2.9022,0.030358,0.054346,-0.019627,-26.07,0,150.0,10.0,1.00,0.500,0.300,3.00
2.9072,0.030321,0.054384,-0.019842,-26.06,0,150.0,10.0,1.00,0.500,0.300,3.00
2.9122,0.030289,0.054420,-0.020083,-26.06,0,150.0,10.0,1.00,0.500,0.300,3.00
2.9175,0.030260,0.054455,-0.020340,-26.06,0,150.0,10.0,1.00,0.500,0.300,3.00
2.9224,0.030229,0.054487,-0.020561,-26.06,0,150.0,10.0,1.00,0.500,0.300,3.00
2.9274,0.030205,0.054506,-0.020792,-26.06,0,150.0,10.0,1.00,0.500,0.300,3.00
2.9327,0.030184,0.054515,-0.021054,-26.06,0,150.0,10.0,1.00,0.500,0.300,3.00
2.9377,0.030161,0.054515,-0.021285,-26.06,0,150.0,10.0,1.00,0.500,0.300,3.00
2.9429,0.030132,0.054514,-0.021523,-26.06,0,150.0,10.0,1.00,0.500,0.300,3.00
2.9479,0.030114,0.054508,-0.021751,-26.06,0,150.0,10.0,1.00,0.500,0.300,3.00
2.9529,0.030104,0.054488,-0.022006,-26.06,0,150.0,10.0,1.00,0.500,0.300,3.00
2.9582,0.030093,0.054468,-0.022253,-26.06,0,150.0,10.0,1.00,0.500,0.300,3.00
2.9632,0.030092,0.054446,-0.022481,-26.06,0,150.0,10.0,1.00,0.500,0.300,3.00
2.9682,0.030096,0.054410,-0.022719,-26.06,0,150.0,10.0,1.00,0.500,0.300,3.00
2.9732,0.030096,0.054376,-0.022940,-26.06,0,150.0,10.0,1.00,0.500,0.300,3.00
2.9785,0.030098,0.054334,-0.023175,-26.06,0,150.0,10.0,1.00,0.500,0.300,3.00
2.9834,0.030098,0.054291,-0.023374,-26.06,0,150.0,10.0,1.00,0.500,0.300,3.00
2.9885,0.030103,0.054237,-0.023611,-26.06,0,150.0,10.0,1.00,0.500,0.300,3.00
2.9934,0.030099,0.054175,-0.023853,-26.06,0,150.0,10.0,1.00,0.500,0.300,3.00
2.9987,0.030091,0.054107,-0.024084,-26.06,0,150.0,10.0,1.00,0.500,0.300,3.00
3.0037,0.030078,0.054038,-0.024331,-26.06,0,150.0,10.0,1.00,0.500,0.300,3.00
3.0089,0.030063,0.053962,-0.024575,-26.06,0,150.0,10.0,1.00,0.500,0.300,3.00
3.0139,0.030050,0.053889,-0.024794,-26.06,0,150.0,10.0,1.00,0.500,0.300,3.00
3.0189,0.030031,0.053830,-0.025003,-26.06,0,150.0,10.0,1.00,0.500,0.300,3.00
3.0242,0.030004,0.053770,-0.025211,-26.06,0,150.0,10.0,1.00,0.500,0.300,3.00
3.0292,0.029980,0.053723,-0.025418,-26.06,0,150.0,10.0,1.00,0.500,0.300,3.00
3.0342,0.029959,0.053663,-0.025627,-26.06,0,150.0,10.0,1.00,0.500,0.300,3.00
3.0392,0.029937,0.053614,-0.025850,-26.06,0,150.0,10.0,1.00,0.500,0.300,3.00
3.0444,0.029910,0.053561,-0.026054,-26.06,0,150.0,10.0,1.00,0.500,0.300,3.00
3.0494,0.029888,0.053511,-0.026286,-26.06,0,150.0,10.0,1.00,0.500,0.300,3.00
3.0545,0.029861,0.053457,-0.026498,-26.06,0,150.0,10.0,1.00,0.500,0.300,3.00
3.0594,0.029837,0.053408,-0.026722,-26.06,0,150.0,10.0,1.00,0.500,0.300,3.00
3.0647,0.029806,0.053358,-0.026946,-26.06,0,150.0,10.0,1.00,0.500,0.300,3.00
3.0697,0.029764,0.053316,-0.027147,-26.06,0,150.0,10.0,1.00,0.500,0.300,3.00
3.0749,0.029721,0.053274,-0.027340,-26.06,0,150.0,10.0,1.00,0.500,0.300,3.00
3.0799,0.029677,0.053226,-0.027538,-26.05,0,150.0,10.0,1.00,0.500,0.300,3.00
3.0849,0.029632,0.053171,-0.027741,-26.06,0,150.0,10.0,1.00,0.500,0.300,3.00
3.0902,0.029576,0.053109,-0.027940,-26.06,0,150.0,10.0,1.00,0.500,0.300,3.00
3.0952,0.029526,0.053050,-0.028123,-26.06,0,150.0,10.0,1.00,0.500,0.300,3.00
3.1002,0.029474,0.052992,-0.028297,-26.05,0,150.0,10.0,1.00,0.500,0.300,3.00
3.1052,0.029425,0.052922,-0.028465,-26.06,0,150.0,10.0,1.00,0.500,0.300,3.00
3.1104,0.029375,0.052846,-0.028638,-26.06,0,150.0,10.0,1.00,0.500,0.300,3.00
3.1154,0.029332,0.052778,-0.028798,-26.05,0,150.0,10.0,1.00,0.500,0.300,3.00
3.1207,0.029299,0.052700,-0.028952,-26.05,0,150.0,10.0,1.00,0.500,0.300,3.00
3.1257,0.029268,0.052629,-0.029101,-26.05,0,150.0,10.0,1.00,0.500,0.300,3.00
3.1307,0.029250,0.052560,-0.029242,-26.04,0,150.0,10.0,1.00,0.500,0.300,3.00
3.1360,0.029237,0.052479,-0.029385,-26.03,0,150.0,10.0,1.00,0.500,0.300,3.00
3.1409,0.029225,0.052413,-0.029510,-26.02,0,150.0,10.0,1.00,0.500,0.300,3.00
3.1459,0.029219,0.052348,-0.029626,-25.99,0,150.0,10.0,1.00,0.500,0.300,3.00
3.1512,0.029218,0.052279,-0.029740,-25.96,0,150.0,10.0,1.00,0.500,0.300,3.00
3.1562,0.029211,0.052215,-0.029848,-25.92,0,150.0,10.0,1.00,0.500,0.300,3.00
3.1612,0.029207,0.052148,-0.029945,-25.89,0,150.0,10.0,1.00,0.500,0.300,3.00
3.1662,0.029205,0.052095,-0.030023,-25.85,0,150.0,10.0,1.00,0.500,0.300,3.00
3.1714,0.029202,0.052027,-0.030119,-25.81,0,150.0,10.0,1.00,0.500,0.300,3.00
3.1764,0.029205,0.051969,-0.030194,-25.78,0,150.0,10.0,1.00,0.500,0.300,3.00
3.1814,0.029208,0.051911,-0.030269,-25.76,0,150.0,10.0,1.00,0.500,0.300,3.00
3.1867,0.029219,0.051853,-0.030344,-25.75,0,150.0,10.0,1.00,0.500,0.300,3.00
3.1917,0.029224,0.051801,-0.030423,-25.74,0,150.0,10.0,1.00,0.500,0.300,3.00
3.1967,0.029232,0.051763,-0.030491,-25.74,0,150.0,10.0,1.00,0.500,0.300,3.00
3.2019,0.029247,0.051725,-0.030560,-25.74,0,150.0,10.0,1.00,0.500,0.300,3.00
3.2069,0.029263,0.051694,-0.030624,-25.74,0,150.0,10.0,1.00,0.500,0.300,3.00
3.2122,0.029279,0.051672,-0.030674,-25.73,0,150.0,10.0,1.00,0.500,0.300,3.00
3.2172,0.029296,0.051656,-0.030719,-25.73,0,150.0,10.0,1.00,0.500,0.300,3.00
3.2222,0.029308,0.051653,-0.030753,-25.73,0,150.0,10.0,1.00,0.500,0.300,3.00
3.2272,0.029313,0.051656,-0.030782,-25.71,0,150.0,10.0,1.00,0.500,0.300,3.00
3.2322,0.029318,0.051660,-0.030803,-25.70,0,150.0,10.0,1.00,0.500,0.300,3.00
3.2374,0.029312,0.051681,-0.030824,-25.67,0,150.0,10.0,1.00,0.500,0.300,3.00
3.2424,0.029306,0.051696,-0.030851,-25.64,0,150.0,10.0,1.00,0.500,0.300,3.00
3.2474,0.029293,0.051723,-0.030867,-25.60,0,150.0,10.0,1.00,0.500,0.300,3.00
3.2527,0.029276,0.051764,-0.030872,-25.55,0,150.0,10.0,1.00,0.500,0.300,3.00
3.2577,0.029263,0.051792,-0.030880,-25.51,0,150.0,10.0,1.00,0.500,0.300,3.00
3.2627,0.029244,0.051826,-0.030890,-25.47,0,150.0,10.0,1.00,0.500,0.300,3.00
3.2679,0.029221,0.051871,-0.030898,-25.43,0,150.0,10.0,1.00,0.500,0.300,3.00
3.2729,0.029198,0.051917,-0.030907,-25.39,0,150.0,10.0,1.00,0.500,0.300,3.00
3.2779,0.029168,0.051962,-0.030914,-25.36,0,150.0,10.0,1.00,0.500,0.300,3.00
3.2832,0.029137,0.052015,-0.030909,-25.32,0,150.0,10.0,1.00,0.500,0.300,3.00
3.2882,0.029112,0.052062,-0.030900,-25.30,0,150.0,10.0,1.00,0.500,0.300,3.00
3.2932,0.029081,0.052115,-0.030894,-25.27,0,150.0,10.0,1.00,0.500,0.300,3.00
3.2982,0.029045,0.052172,-0.030892,-25.25,0,150.0,10.0,1.00,0.500,0.300,3.00
3.3034,0.029009,0.052230,-0.030889,-25.23,0,150.0,10.0,1.00,0.500,0.300,3.00
3.3084,0.028972,0.052289,-0.030877,-25.20,0,150.0,10.0,1.00,0.500,0.300,3.00
3.3134,0.028922,0.052351,-0.030877,-25.19,0,150.0,10.0,1.00,0.500,0.300,3.00
3.3187,0.028866,0.052419,-0.030871,-25.18,0,150.0,10.0,1.00,0.500,0.300,3.00
3.3237,0.028805,0.052493,-0.030868,-25.17,0,150.0,10.0,1.00,0.500,0.300,3.00
3.3287,0.028742,0.052559,-0.030871,-25.16,0,150.0,10.0,1.00,0.500,0.300,3.00
3.3339,0.028672,0.052625,-0.030872,-25.15,0,150.0,10.0,1.00,0.500,0.300,3.00
3.3389,0.028601,0.052690,-0.030874,-25.15,0,150.0,10.0,1.00,0.500,0.300,3.00
3.3442,0.028530,0.052757,-0.030867,-25.15,0,150.0,10.0,1.00,0.500,0.300,3.00
3.3492,0.028464,0.052818,-0.030857,-25.15,0,150.0,10.0,1.00,0.500,0.300,3.00
3.3542,0.028397,0.052880,-0.030838,-25.15,0,150.0,10.0,1.00,0.500,0.300,3.00
3.3592,0.028334,0.052938,-0.030808,-25.15,0,150.0,10.0,1.00,0.500,0.300,3.00
3.3644,0.028272,0.053003,-0.030773,-25.15,0,150.0,10.0,1.00,0.500,0.300,3.00
3.3694,0.028216,0.053070,-0.030722,-25.15,0,150.0,10.0,1.00,0.500,0.300,3.00
3.3744,0.028167,0.053124,-0.030689,-25.15,0,150.0,10.0,1.00,0.500,0.300,3.00
3.3797,0.028118,0.053184,-0.030652,-25.15,0,150.0,10.0,1.00,0.500,0.300,3.00
3.3847,0.028075,0.053232,-0.030625,-25.15,0,150.0,10.0,1.00,0.500,0.300,3.00
3.3899,0.028027,0.053291,-0.030595,-25.15,0,150.0,10.0,1.00,0.500,0.300,3.00
3.3949,0.027984,0.053339,-0.030568,-25.15,0,150.0,10.0,1.00,0.500,0.300,3.00
3.4000,0.027941,0.053394,-0.030528,-25.15,0,150.0,10.0,1.00,0.500,0.300,3.00
3.4049,0.027902,0.053437,-0.030489,-25.15,0,150.0,10.0,1.00,0.500,0.300,3.00
3.4102,0.027857,0.053486,-0.030445,-25.15,0,150.0,10.0,1.00,0.500,0.300,3.00
3.4152,0.027817,0.053522,-0.030412,-25.15,0,150.0,10.0,1.00,0.500,0.300,3.00
3.4202,0.027784,0.053560,-0.030370,-25.14,0,150.0,10.0,1.00,0.500,0.300,3.00
3.4252,0.027757,0.053592,-0.030335,-25.14,0,150.0,10.0,1.00,0.500,0.300,3.00
3.4304,0.027725,0.053630,-0.030302,-25.12,0,150.0,10.0,1.00,0.500,0.300,3.00
3.4354,0.027705,0.053663,-0.030258,-25.10,0,150.0,10.0,1.00,0.500,0.300,3.00
3.4407,0.027679,0.053702,-0.030217,-25.07,0,150.0,10.0,1.00,0.500,0.300,3.00
3.4457,0.027659,0.053744,-0.030159,-25.04,0,150.0,10.0,1.00,0.500,0.300,3.00
3.4507,0.027639,0.053785,-0.030102,-24.99,0,150.0,10.0,1.00,0.500,0.300,3.00
3.4559,0.027626,0.053820,-0.030058,-24.95,0,150.0,10.0,1.00,0.500,0.300,3.00
3.4609,0.027624,0.053838,-0.030014,-24.91,0,150.0,10.0,1.00,0.500,0.300,3.00
3.4662,0.027616,0.053860,-0.029973,-24.87,0,150.0,10.0,1.00,0.500,0.300,3.00
3.4712,0.027615,0.053869,-0.029951,-24.85,0,150.0,10.0,1.00,0.500,0.300,3.00
3.4762,0.027619,0.053881,-0.029912,-24.82,0,150.0,10.0,1.00,0.500,0.300,3.00
3.4812,0.027619,0.053889,-0.029899,-24.80,0,150.0,10.0,1.00,0.500,0.300,3.00
3.4865,0.027628,0.053880,-0.029876,-24.79,0,150.0,10.0,1.00,0.500,0.300,3.00
3.4914,0.027633,0.053883,-0.029859,-24.79,0,150.0,10.0,1.00,0.500,0.300,3.00
3.4964,0.027651,0.053875,-0.029845,-24.78,0,150.0,10.0,1.00,0.500,0.300,3.00
3.5017,0.027668,0.053866,-0.029832,-24.77,0,150.0,10.0,1.00,0.500,0.300,3.00
3.5067,0.027687,0.053857,-0.029826,-24.77,0,150.0,10.0,1.00,0.500,0.300,3.00
3.5117,0.027711,0.053843,-0.029818,-24.77,0,150.0,10.0,1.00,0.500,0.300,3.00
3.5169,0.027728,0.053827,-0.029809,-24.77,0,150.0,10.0,1.00,0.500,0.300,3.00
3.5219,0.027749,0.053800,-0.029802,-24.76,0,150.0,10.0,1.00,0.500,0.300,3.00
3.5269,0.027766,0.053785,-0.029794,-24.75,0,150.0,10.0,1.00,0.500,0.300,3.00
3.5322,0.027783,0.053761,-0.029798,-24.74,0,150.0,10.0,1.00,0.500,0.300,3.00
3.5372,0.027800,0.053745,-0.029798,-24.73,0,150.0,10.0,1.00,0.500,0.300,3.00
3.5422,0.027817,0.053722,-0.029803,-24.72,0,150.0,10.0,1.00,0.500,0.300,3.00
3.5474,0.027842,0.053700,-0.029808,-24.70,0,150.0,10.0,1.00,0.500,0.300,3.00
3.5525,0.027865,0.053671,-0.029818,-24.69,0,150.0,10.0,1.00,0.500,0.300,3.00
3.5574,0.027887,0.053634,-0.029834,-24.67,0,150.0,10.0,1.00,0.500,0.300,3.00
3.5627,0.027903,0.053604,-0.029844,-24.65,0,150.0,10.0,1.00,0.500,0.300,3.00
3.5677,0.027920,0.053573,-0.029862,-24.64,0,150.0,10.0,1.00,0.500,0.300,3.00
3.5727,0.027935,0.053536,-0.029877,-24.63,0,150.0,10.0,1.00,0.500,0.300,3.00
3.5779,0.027944,0.053496,-0.029908,-24.61,0,150.0,10.0,1.00,0.500,0.300,3.00
3.5829,0.027951,0.053451,-0.029936,-24.60,0,150.0,10.0,1.00,0.500,0.300,3.00
3.5882,0.027947,0.053415,-0.029970,-24.58,0,150.0,10.0,1.00,0.500,0.300,3.00
3.5932,0.027946,0.053361,-0.030011,-24.57,0,150.0,10.0,1.00,0.500,0.300,3.00
3.5982,0.027940,0.053311,-0.030055,-24.55,0,150.0,10.0,1.00,0.500,0.300,3.00
3.6032,0.027928,0.053267,-0.030102,-24.53,0,150.0,10.0,1.00,0.500,0.300,3.00
3.6082,0.027916,0.053215,-0.030163,-24.51,0,150.0,10.0,1.00,0.500,0.300,3.00
3.6134,0.027905,0.053155,-0.030237,-24.49,0,150.0,10.0,1.00,0.500,0.300,3.00
3.6184,0.027893,0.053095,-0.030311,-24.47,0,150.0,10.0,1.00,0.500,0.300,3.00
3.6234,0.027884,0.053041,-0.030397,-24.43,0,150.0,10.0,1.00,0.500,0.300,3.00
3.6287,0.027868,0.052985,-0.030482,-24.41,0,150.0,10.0,1.00,0.500,0.300,3.00
3.6338,0.027857,0.052916,-0.030578,-24.39,0,150.0,10.0,1.00,0.500,0.300,3.00
3.6389,0.027839,0.052846,-0.030682,-24.37,0,150.0,10.0,1.00,0.500,0.300,3.00
3.6439,0.027823,0.052782,-0.030781,-24.35,0,150.0,10.0,1.00,0.500,0.300,3.00
3.6489,0.027806,0.052711,-0.030894,-24.34,0,150.0,10.0,1.00,0.500,0.300,3.00
3.6542,0.027789,0.052640,-0.031007,-24.32,0,150.0,10.0,1.00,0.500,0.300,3.00
3.6592,0.027773,0.052568,-0.031128,-24.31,0,150.0,10.0,1.00,0.500,0.300,3.00
3.6642,0.027757,0.052495,-0.031249,-24.30,0,150.0,10.0,1.00,0.500,0.300,3.00
3.6692,0.027745,0.052419,-0.031358,-24.29,0,150.0,10.0,1.00,0.500,0.300,3.00
3.6745,0.027727,0.052340,-0.031485,-24.27,0,150.0,10.0,1.00,0.500,0.300,3.00
3.6795,0.027712,0.052267,-0.031614,-24.26,0,150.0,10.0,1.00,0.500,0.300,3.00
3.6845,0.027704,0.052195,-0.031744,-24.24,0,150.0,10.0,1.00,0.500,0.300,3.00
3.6897,0.027695,0.052115,-0.031888,-24.22,0,150.0,10.0,1.00,0.500,0.300,3.00
3.6947,0.027693,0.052029,-0.032037,-24.20,0,150.0,10.0,1.00,0.500,0.300,3.00
3.6997,0.027693,0.051949,-0.032190,-24.18,0,150.0,10.0,1.00,0.500,0.300,3.00
3.7050,0.027692,0.051862,-0.032348,-24.16,0,150.0,10.0,1.00,0.500,0.300,3.00
3.7100,0.027690,0.051782,-0.032492,-24.14,0,150.0,10.0,1.00,0.500,0.300,3.00
3.7153,0.027692,0.051701,-0.032662,-24.12,0,150.0,10.0,1.00,0.500,0.300,3.00
3.7202,0.027694,0.051626,-0.032827,-24.09,0,150.0,10.0,1.00,0.500,0.300,3.00
3.7252,0.027691,0.051564,-0.032981,-24.06,0,150.0,10.0,1.00,0.500,0.300,3.00
3.7302,0.027693,0.051496,-0.033133,-24.02,0,150.0,10.0,1.00,0.500,0.300,3.00
3.7354,0.027690,0.051442,-0.033273,-23.99,0,150.0,10.0,1.00,0.500,0.300,3.00
3.7404,0.027680,0.051394,-0.033409,-23.94,0,150.0,10.0,1.00,0.500,0.300,3.00
3.7454,0.027669,0.051347,-0.033535,-23.90,0,150.0,10.0,1.00,0.500,0.300,3.00
3.7507,0.027659,0.051298,-0.033671,-23.85,0,150.0,10.0,1.00,0.500,0.300,3.00
3.7557,0.027644,0.051262,-0.033804,-23.81,0,150.0,10.0,1.00,0.500,0.300,3.00
3.7607,0.027630,0.051226,-0.033937,-23.76,0,150.0,10.0,1.00,0.500,0.300,3.00
3.7659,0.027611,0.051200,-0.034077,-23.71,0,150.0,10.0,1.00,0.500,0.300,3.00
3.7709,0.027599,0.051178,-0.034200,-23.67,0,150.0,10.0,1.00,0.500,0.300,3.00
3.7759,0.027574,0.051167,-0.034312,-23.62,0,150.0,10.0,1.00,0.500,0.300,3.00
3.7812,0.027549,0.051156,-0.034433,-23.57,0,150.0,10.0,1.00,0.500,0.300,3.00
3.7862,0.027525,0.051144,-0.034553,-23.52,0,150.0,10.0,1.00,0.500,0.300,3.00
3.7912,0.027501,0.051139,-0.034669,-23.48,0,150.0,10.0,1.00,0.500,0.300,3.00
3.7965,0.027471,0.051141,-0.034779,-23.43,0,150.0,10.0,1.00,0.500,0.300,3.00
3.8014,0.027441,0.051143,-0.034881,-23.40,0,150.0,10.0,1.00,0.500,0.300,3.00
3.8065,0.027410,0.051153,-0.034969,-23.36,0,150.0,10.0,1.00,0.500,0.300,3.00
3.8118,0.027374,0.051169,-0.035051,-23.33,0,150.0,10.0,1.00,0.500,0.300,3.00
3.8167,0.027343,0.051187,-0.035117,-23.31,0,150.0,10.0,1.00,0.500,0.300,3.00
3.8217,0.027314,0.051213,-0.035177,-23.28,0,150.0,10.0,1.00,0.500,0.300,3.00
3.8270,0.027290,0.051241,-0.035221,-23.25,0,150.0,10.0,1.00,0.500,0.300,3.00
3.8320,0.027261,0.051275,-0.035269,-23.22,0,150.0,10.0,1.00,0.500,0.300,3.00
3.8369,0.027236,0.051305,-0.035295,-23.19,0,150.0,10.0,1.00,0.500,0.300,3.00
3.8422,0.027209,0.051329,-0.035319,-23.17,0,150.0,10.0,1.00,0.500,0.300,3.00
3.8472,0.027189,0.051355,-0.035334,-23.15,0,150.0,10.0,1.00,0.500,0.300,3.00
3.8522,0.027174,0.051377,-0.035338,-23.12,0,150.0,10.0,1.00,0.500,0.300,3.00
3.8572,0.027158,0.051399,-0.035342,-23.11,0,150.0,10.0,1.00,0.500,0.300,3.00
3.8622,0.027143,0.051421,-0.035346,-23.08,0,150.0,10.0,1.00,0.500,0.300,3.00
3.8674,0.027126,0.051436,-0.035355,-23.06,0,150.0,10.0,1.00,0.500,0.300,3.00
3.8724,0.027110,0.051459,-0.035350,-23.04,0,150.0,10.0,1.00,0.500,0.300,3.00
3.8778,0.027100,0.051476,-0.035351,-23.01,0,150.0,10.0,1.00,0.500,0.300,3.00
3.8827,0.027090,0.051494,-0.035343,-22.99,0,150.0,10.0,1.00,0.500,0.300,3.00
3.8879,0.027078,0.051513,-0.035327,-22.96,0,150.0,10.0,1.00,0.500,0.300,3.00
3.8930,0.027066,0.051525,-0.035315,-22.95,0,150.0,10.0,1.00,0.500,0.300,3.00
3.8982,0.027051,0.051539,-0.035287,-22.93,0,150.0,10.0,1.00,0.500,0.300,3.00
3.9032,0.027030,0.051560,-0.035244,-22.92,0,150.0,10.0,1.00,0.500,0.300,3.00
3.9082,0.027013,0.051576,-0.035190,-22.90,0,150.0,10.0,1.00,0.500,0.300,3.00
3.9132,0.026988,0.051592,-0.035135,-22.89,0,150.0,10.0,1.00,0.500,0.300,3.00
3.9184,0.026963,0.051618,-0.035050,-22.88,0,150.0,10.0,1.00,0.500,0.300,3.00
3.9234,0.026936,0.051645,-0.034956,-22.87,0,150.0,10.0,1.00,0.500,0.300,3.00
3.9284,0.026911,0.051678,-0.034856,-22.86,0,150.0,10.0,1.00,0.500,0.300,3.00
3.9337,0.026883,0.051706,-0.034745,-22.85,0,150.0,10.0,1.00,0.500,0.300,3.00
3.9387,0.026862,0.051736,-0.034634,-22.84,0,150.0,10.0,1.00,0.500,0.300,3.00
3.9440,0.026842,0.051773,-0.034510,-22.82,0,150.0,10.0,1.00,0.500,0.300,3.00
3.9490,0.026819,0.051812,-0.034369,-22.79,0,150.0,10.0,1.00,0.500,0.300,3.00
3.9539,0.026811,0.051853,-0.034220,-22.76,0,150.0,10.0,1.00,0.500,0.300,3.00
3.9593,0.026806,0.051900,-0.034084,-22.72,0,150.0,10.0,1.00,0.500,0.300,3.00
3.9642,0.026808,0.051948,-0.033939,-22.68,0,150.0,10.0,1.00,0.500,0.300,3.00
3.9692,0.026817,0.051999,-0.033787,-22.61,0,150.0,10.0,1.00,0.500,0.300,3.00
3.9742,0.026832,0.052059,-0.033613,-22.54,0,150.0,10.0,1.00,0.500,0.300,3.00
3.9795,0.026847,0.052126,-0.033425,-22.46,0,150.0,10.0,1.00,0.500,0.300,3.00
3.9844,0.026860,0.052188,-0.033235,-22.37,0,150.0,10.0,1.00,0.500,0.300,3.00
3.9895,0.026881,0.052251,-0.033044,-22.30,0,150.0,10.0,1.00,0.500,0.300,3.00
3.9947,0.026902,0.052320,-0.032849,-22.21,0,150.0,10.0,1.00,0.500,0.300,3.00
3.9997,0.026935,0.052387,-0.032643,-22.13,0,150.0,10.0,1.00,0.500,0.300,3.00
4.0050,0.026968,0.052462,-0.032414,-22.03,0,150.0,10.0,1.00,0.500,0.300,3.00
4.0100,0.027002,0.052535,-0.032203,-21.92,0,150.0,10.0,1.00,0.500,0.300,3.00
4.0150,0.027035,0.052600,-0.032006,-21.81,0,150.0,10.0,1.00,0.500,0.300,3.00
4.0200,0.027077,0.052673,-0.031804,-21.71,0,150.0,10.0,1.00,0.500,0.300,3.00
4.0252,0.027129,0.052745,-0.031574,-21.59,0,150.0,10.0,1.00,0.500,0.300,3.00
4.0302,0.027185,0.052804,-0.031355,-21.46,0,150.0,10.0,1.00,0.500,0.300,3.00
4.0352,0.027246,0.052867,-0.031110,-21.33,0,150.0,10.0,1.00,0.500,0.300,3.00
4.0402,0.027315,0.052938,-0.030853,-21.20,0,150.0,10.0,1.00,0.500,0.300,3.00
4.0454,0.027396,0.053005,-0.030593,-21.04,0,150.0,10.0,1.00,0.500,0.300,3.00
4.0505,0.027479,0.053062,-0.030319,-20.86,0,150.0,10.0,1.00,0.500,0.300,3.00
4.0555,0.027567,0.053120,-0.030036,-20.67,0,150.0,10.0,1.00,0.500,0.300,3.00
4.0607,0.027658,0.053184,-0.029712,-20.44,0,150.0,10.0,1.00,0.500,0.300,3.00
4.0657,0.027755,0.053233,-0.029415,-20.21,0,150.0,10.0,1.00,0.500,0.300,3.00
4.0707,0.027845,0.053280,-0.029126,-19.94,0,150.0,10.0,1.00,0.500,0.300,3.00
4.0759,0.027934,0.053336,-0.028815,-19.67,0,150.0,10.0,1.00,0.500,0.300,3.00
4.0809,0.028021,0.053391,-0.028504,-19.39,0,150.0,10.0,1.00,0.500,0.300,3.00
4.0862,0.028120,0.053451,-0.028169,-19.10,0,150.0,10.0,1.00,0.500,0.300,3.00
4.0912,0.028222,0.053500,-0.027873,-18.78,0,150.0,10.0,1.00,0.500,0.300,3.00
4.0962,0.028327,0.053537,-0.027579,-18.45,0,150.0,10.0,1.00,0.500,0.300,3.00
4.1012,0.028428,0.053586,-0.027282,-18.10,0,150.0,10.0,1.00,0.500,0.300,3.00
4.1065,0.028538,0.053618,-0.026985,-17.72,0,150.0,10.0,1.00,0.500,0.300,3.00
4.1114,0.028644,0.053638,-0.026727,-17.35,0,150.0,10.0,1.00,0.500,0.300,3.00
4.1167,0.028744,0.053678,-0.026453,-16.95,0,150.0,10.0,1.00,0.500,0.300,3.00
4.1217,0.028837,0.053701,-0.026205,-16.58,0,150.0,10.0,1.00,0.500,0.300,3.00
4.1267,0.028940,0.053721,-0.025938,-16.20,0,150.0,10.0,1.00,0.500,0.300,3.00
4.1319,0.029050,0.053750,-0.025658,-15.78,0,150.0,10.0,1.00,0.500,0.300,3.00
4.1369,0.029160,0.053771,-0.025391,-15.40,0,150.0,10.0,1.00,0.500,0.300,3.00
4.1419,0.029276,0.053786,-0.025130,-15.00,0,150.0,10.0,1.00,0.500,0.300,3.00
4.1472,0.029410,0.053791,-0.024864,-14.62,0,150.0,10.0,1.00,0.500,0.300,3.00
4.1522,0.029540,0.053792,-0.024622,-14.28,0,150.0,10.0,1.00,0.500,0.300,3.00
4.1572,0.029664,0.053792,-0.024388,-13.96,0,150.0,10.0,1.00,0.500,0.300,3.00
4.1622,0.029801,0.053778,-0.024165,-13.69,0,150.0,10.0,1.00,0.500,0.300,3.00
4.1674,0.029948,0.053754,-0.023936,-13.42,0,150.0,10.0,1.00,0.500,0.300,3.00
4.1724,0.030094,0.053723,-0.023712,-13.21,0,150.0,10.0,1.00,0.500,0.300,3.00
4.1777,0.030245,0.053686,-0.023485,-13.00,0,150.0,10.0,1.00,0.500,0.300,3.00
4.1827,0.030391,0.053647,-0.023274,-12.83,0,150.0,10.0,1.00,0.500,0.300,3.00
4.1879,0.030524,0.053612,-0.023066,-12.68,0,150.0,10.0,1.00,0.500,0.300,3.00
4.1929,0.030650,0.053565,-0.022843,-12.58,0,150.0,10.0,1.00,0.500,0.300,3.00
4.1980,0.030761,0.053508,-0.022632,-12.50,0,150.0,10.0,1.00,0.500,0.300,3.00
4.2033,0.030876,0.053440,-0.022416,-12.44,0,150.0,10.0,1.00,0.500,0.300,3.00
4.2082,0.030964,0.053373,-0.022218,-12.39,0,150.0,10.0,1.00,0.500,0.300,3.00
4.2132,0.031057,0.053279,-0.022041,-12.35,0,150.0,10.0,1.00,0.500,0.300,3.00
4.2182,0.031132,0.053187,-0.021883,-12.29,0,150.0,10.0,1.00,0.500,0.300,3.00
4.2234,0.031212,0.053091,-0.021750,-12.21,0,150.0,10.0,1.00,0.500,0.300,3.00
4.2284,0.031272,0.053009,-0.021651,-12.09,0,150.0,10.0,1.00,0.500,0.300,3.00
4.2334,0.031347,0.052929,-0.021544,-11.94,0,150.0,10.0,1.00,0.500,0.300,3.00
4.2387,0.031406,0.052857,-0.021459,-11.76,0,150.0,10.0,1.00,0.500,0.300,3.00
4.2437,0.031479,0.052779,-0.021380,-11.56,0,150.0,10.0,1.00,0.500,0.300,3.00
4.2490,0.031558,0.052696,-0.021298,-11.33,0,150.0,10.0,1.00,0.500,0.300,3.00
4.2540,0.031633,0.052625,-0.021223,-11.07,0,150.0,10.0,1.00,0.500,0.300,3.00
4.2589,0.031710,0.052542,-0.021132,-10.77,0,150.0,10.0,1.00,0.500,0.300,3.00
4.2642,0.031797,0.052442,-0.021041,-10.41,0,150.0,10.0,1.00,0.500,0.300,3.00
4.2692,0.031884,0.052349,-0.020944,-10.02,0,150.0,10.0,1.00,0.500,0.300,3.00
4.2742,0.031966,0.052261,-0.020850,-9.57,0,150.0,10.0,1.00,0.500,0.300,3.00
4.2794,0.032047,0.052172,-0.020757,-9.03,0,150.0,10.0,1.00,0.500,0.300,3.00
4.2845,0.032135,0.052086,-0.020655,-8.45,0,150.0,10.0,1.00,0.500,0.300,3.00
4.2895,0.032216,0.051997,-0.020561,-7.80,0,150.0,10.0,1.00,0.500,0.300,3.00
4.2947,0.032304,0.051902,-0.020473,-7.07,0,150.0,10.0,1.00,0.500,0.300,3.00
4.2997,0.032387,0.051806,-0.020393,-6.35,0,150.0,10.0,1.00,0.500,0.300,3.00
4.3047,0.032476,0.051710,-0.020312,-5.60,0,150.0,10.0,1.00,0.500,0.300,3.00
4.3100,0.032572,0.051600,-0.020242,-4.85,0,150.0,10.0,1.00,0.500,0.300,3.00
4.3149,0.032658,0.051509,-0.020173,-4.15,0,150.0,10.0,1.00,0.500,0.300,3.00
4.3202,0.032737,0.051416,-0.020113,-3.50,0,150.0,10.0,1.00,0.500,0.300,3.00
4.3252,0.032794,0.051345,-0.020056,-2.94,0,150.0,10.0,1.00,0.500,0.300,3.00
4.3302,0.032851,0.051268,-0.020004,-2.48,0,150.0,10.0,1.00,0.500,0.300,3.00
4.3352,0.032907,0.051190,-0.019952,-2.08,0,150.0,10.0,1.00,0.500,0.300,3.00
4.3402,0.032944,0.051131,-0.019892,-1.73,0,150.0,10.0,1.00,0.500,0.300,3.00
4.3454,0.032979,0.051065,-0.019830,-1.47,0,150.0,10.0,1.00,0.500,0.300,3.00
4.3504,0.033002,0.051019,-0.019760,-1.26,0,150.0,10.0,1.00,0.500,0.300,3.00
4.3557,0.033026,0.050979,-0.019685,-1.08,0,150.0,10.0,1.00,0.500,0.300,3.00
4.3607,0.033050,0.050939,-0.019610,-0.93,0,150.0,10.0,1.00,0.500,0.300,3.00
4.3657,0.033064,0.050917,-0.019536,-0.79,0,150.0,10.0,1.00,0.500,0.300,3.00
4.3709,0.033078,0.050888,-0.019467,-0.67,0,150.0,10.0,1.00,0.500,0.300,3.00
4.3760,0.033091,0.050860,-0.019399,-0.55,0,150.0,10.0,1.00,0.500,0.300,3.00
4.3809,0.033096,0.050841,-0.019344,-0.44,0,150.0,10.0,1.00,0.500,0.300,3.00
4.3863,0.033100,0.050815,-0.019295,-0.31,0,150.0,10.0,1.00,0.500,0.300,3.00
4.3912,0.033102,0.050791,-0.019238,-0.19,0,150.0,10.0,1.00,0.500,0.300,3.00
4.3962,0.033100,0.050763,-0.019196,-0.07,0,150.0,10.0,1.00,0.500,0.300,3.00
4.4012,0.033099,0.050743,-0.019150,0.01,0,150.0,10.0,1.00,0.500,0.300,3.00
4.4065,0.033090,0.050723,-0.019104,0.01,0,150.0,10.0,1.00,0.500,0.300,3.00
4.4115,0.033088,0.050710,-0.019045,-0.01,0,150.0,10.0,1.00,0.500,0.300,3.00
4.4164,0.033076,0.050701,-0.019005,-0.02,0,150.0,10.0,1.00,0.500,0.300,3.00
4.4217,0.033058,0.050705,-0.018955,-0.01,0,150.0,10.0,1.00,0.500,0.300,3.00
4.4267,0.033042,0.050709,-0.018913,-0.01,0,150.0,10.0,1.00,0.500,0.300,3.00
4.4317,0.033021,0.050725,-0.018869,-0.01,0,150.0,10.0,1.00,0.500,0.300,3.00
4.4369,0.033002,0.050740,-0.018834,-0.01,0,150.0,10.0,1.00,0.500,0.300,3.00
4.4419,0.032978,0.050760,-0.018801,-0.01,0,150.0,10.0,1.00,0.500,0.300,3.00
4.4469,0.032954,0.050781,-0.018769,-0.01,0,150.0,10.0,1.00,0.500,0.300,3.00
4.4522,0.032921,0.050809,-0.018723,-0.01,0,150.0,10.0,1.00,0.500,0.300,3.00
4.4572,0.032895,0.050830,-0.018683,-0.01,0,150.0,10.0,1.00,0.500,0.300,3.00
4.4622,0.032863,0.050858,-0.018637,-0.01,0,150.0,10.0,1.00,0.500,0.300,3.00
4.4672,0.032835,0.050880,-0.018588,-0.01,0,150.0,10.0,1.00,0.500,0.300,3.00
4.4725,0.032807,0.050903,-0.018539,-0.01,0,150.0,10.0,1.00,0.500,0.300,3.00
4.4774,0.032780,0.050932,-0.018485,-0.01,0,150.0,10.0,1.00,0.500,0.300,3.00
4.4825,0.032754,0.050953,-0.018445,-0.01,0,150.0,10.0,1.00,0.500,0.300,3.00
4.4877,0.032727,0.050982,-0.018391,-0.01,0,150.0,10.0,1.00,0.500,0.300,3.00
4.4928,0.032700,0.051012,-0.018337,-0.01,0,150.0,10.0,1.00,0.500,0.300,3.00
4.4980,0.032668,0.051046,-0.018286,-0.01,0,150.0,10.0,1.00,0.500,0.300,3.00
4.5030,0.032637,0.051080,-0.018244,-0.01,0,150.0,10.0,1.00,0.500,0.300,3.00
4.5080,0.032606,0.051114,-0.018201,-0.01,0,150.0,10.0,1.00,0.500,0.300,3.00
4.5130,0.032578,0.051147,-0.018167,-0.01,0,150.0,10.0,1.00,0.500,0.300,3.00
4.5182,0.032552,0.051175,-0.018122,-0.01,0,150.0,10.0,1.00,0.500,0.300,3.00
4.5232,0.032523,0.051209,-0.018087,-0.01,0,150.0,10.0,1.00,0.500,0.300,3.00
4.5282,0.032497,0.051230,-0.018047,-0.01,0,150.0,10.0,1.00,0.500,0.300,3.00
4.5332,0.032465,0.051250,-0.018014,-0.01,0,150.0,10.0,1.00,0.500,0.300,3.00
4.5384,0.032432,0.051277,-0.017969,-0.01,0,150.0,10.0,1.00,0.500,0.300,3.00
4.5434,0.032399,0.051297,-0.017936,-0.01,0,150.0,10.0,1.00,0.500,0.300,3.00
4.5484,0.032374,0.051311,-0.017909,-0.01,0,150.0,10.0,1.00,0.500,0.300,3.00
4.5537,0.032343,0.051337,-0.017872,-0.01,0,150.0,10.0,1.00,0.500,0.300,3.00
4.5587,0.032312,0.051356,-0.017847,-0.01,0,150.0,10.0,1.00,0.500,0.300,3.00
4.5637,0.032287,0.051370,-0.017820,-0.01,0,150.0,10.0,1.00,0.500,0.300,3.00
4.5689,0.032259,0.051377,-0.017790,-0.01,0,150.0,10.0,1.00,0.500,0.300,3.00
4.5739,0.032228,0.051389,-0.017770,-0.01,0,150.0,10.0,1.00,0.500,0.300,3.00
4.5793,0.032192,0.051406,-0.017754,-0.01,0,150.0,10.0,1.00,0.500,0.300,3.00
4.5843,0.032158,0.051430,-0.017741,-0.01,0,150.0,10.0,1.00,0.500,0.300,3.00
4.5892,0.032125,0.051446,-0.017742,-0.01,0,150.0,10.0,1.00,0.500,0.300,3.00
4.5942,0.032081,0.051480,-0.017735,-0.01,0,150.0,10.0,1.00,0.500,0.300,3.00
4.5995,0.032037,0.051522,-0.017724,-0.01,0,150.0,10.0,1.00,0.500,0.300,3.00
4.6044,0.031991,0.051557,-0.017709,-0.01,0,150.0,10.0,1.00,0.500,0.300,3.00
4.6095,0.031948,0.051599,-0.017697,-0.01,0,150.0,10.0,1.00,0.500,0.300,3.00
4.6144,0.031904,0.051641,-0.017685,-0.01,0,150.0,10.0,1.00,0.500,0.300,3.00
4.6197,0.031871,0.051671,-0.017667,-0.01,0,150.0,10.0,1.00,0.500,0.300,3.00
4.6247,0.031844,0.051695,-0.017655,-0.01,0,150.0,10.0,1.00,0.500,0.300,3.00
4.6299,0.031822,0.051722,-0.017626,-0.01,0,150.0,10.0,1.00,0.500,0.300,3.00
4.6350,0.031814,0.051736,-0.017607,-0.01,0,150.0,10.0,1.00,0.500,0.300,3.00
4.6400,0.031803,0.051744,-0.017586,-0.01,0,150.0,10.0,1.00,0.500,0.300,3.00
4.6453,0.031804,0.051748,-0.017553,-0.01,0,150.0,10.0,1.00,0.500,0.300,3.00
4.6502,0.031804,0.051752,-0.017520,-0.01,0,150.0,10.0,1.00,0.500,0.300,3.00
4.6552,0.031805,0.051756,-0.017487,-0.01,0,150.0,10.0,1.00,0.500,0.300,3.00
4.6602,0.031817,0.051748,-0.017456,-0.01,0,150.0,10.0,1.00,0.500,0.300,3.00
4.6655,0.031830,0.051740,-0.017425,-0.01,0,150.0,10.0,1.00,0.500,0.300,3.00
4.6704,0.031843,0.051732,-0.017395,-0.01,0,150.0,10.0,1.00,0.500,0.300,3.00
4.6754,0.031855,0.051724,-0.017364,-0.01,0,150.0,10.0,1.00,0.500,0.300,3.00
4.6807,0.031873,0.051711,-0.017330,-0.01,0,150.0,10.0,1.00,0.500,0.300,3.00
4.6858,0.031886,0.051703,-0.017299,-0.01,0,150.0,10.0,1.00,0.500,0.300,3.00
4.6910,0.031901,0.051683,-0.017262,-0.01,0,150.0,10.0,1.00,0.500,0.300,3.00
4.6959,0.031915,0.051675,-0.017240,-0.01,0,150.0,10.0,1.00,0.500,0.300,3.00
4.7009,0.031922,0.051665,-0.017217,-0.01,0,150.0,10.0,1.00,0.500,0.300,3.00
4.7062,0.031930,0.051648,-0.017208,-0.01,0,150.0,10.0,1.00,0.500,0.300,3.00
4.7112,0.031935,0.051642,-0.017205,-0.01,0,150.0,10.0,1.00,0.500,0.300,3.00
4.7162,0.031940,0.051637,-0.017202,-0.01,0,150.0,10.0,1.00,0.500,0.300,3.00
4.7215,0.031943,0.051625,-0.017195,-0.01,0,150.0,10.0,1.00,0.500,0.300,3.00
4.7264,0.031948,0.051620,-0.017192,-0.01,0,150.0,10.0,1.00,0.500,0.300,3.00
4.7314,0.031950,0.051612,-0.017206,-0.01,0,150.0,10.0,1.00,0.500,0.300,3.00
4.7367,0.031946,0.051609,-0.017222,-0.01,0,150.0,10.0,1.00,0.500,0.300,3.00
4.7417,0.031949,0.051601,-0.017243,-0.01,0,150.0,10.0,1.00,0.500,0.300,3.00
4.7467,0.031946,0.051598,-0.017268,-0.01,0,150.0,10.0,1.00,0.500,0.300,3.00
4.7519,0.031945,0.051587,-0.017306,-0.01,0,150.0,10.0,1.00,0.500,0.300,3.00
4.7569,0.031949,0.051567,-0.017374,-0.01,0,150.0,10.0,1.00,0.500,0.300,3.00
4.7619,0.031948,0.051552,-0.017444,-0.01,0,150.0,10.0,1.00,0.500,0.300,3.00
4.7672,0.031955,0.051530,-0.017529,-0.01,0,150.0,10.0,1.00,0.500,0.300,3.00
4.7722,0.031960,0.051509,-0.017605,-0.01,0,150.0,10.0,1.00,0.500,0.300,3.00
4.7772,0.031968,0.051487,-0.017689,-0.01,0,150.0,10.0,1.00,0.500,0.300,3.00
4.7822,0.031974,0.051473,-0.017760,-0.01,0,150.0,10.0,1.00,0.500,0.300,3.00
4.7874,0.031978,0.051445,-0.017841,-0.01,0,150.0,10.0,1.00,0.500,0.300,3.00
4.7924,0.031989,0.051419,-0.017914,-0.01,0,150.0,10.0,1.00,0.500,0.300,3.00
4.7975,0.031997,0.051386,-0.017984,-0.01,0,150.0,10.0,1.00,0.500,0.300,3.00
4.8024,0.032002,0.051347,-0.018050,-0.01,0,150.0,10.0,1.00,0.500,0.300,3.00
4.8077,0.032013,0.051302,-0.018113,-0.01,0,150.0,10.0,1.00,0.500,0.300,3.00
4.8127,0.032010,0.051263,-0.018180,-0.01,0,150.0,10.0,1.00,0.500,0.300,3.00
4.8180,0.032012,0.051218,-0.018234,-0.01,0,150.0,10.0,1.00,0.500,0.300,3.00
4.8229,0.032011,0.051160,-0.018299,-0.01,0,150.0,10.0,1.00,0.500,0.300,3.00
4.8279,0.032009,0.051102,-0.018356,-0.01,0,150.0,10.0,1.00,0.500,0.300,3.00
4.8333,0.032008,0.051033,-0.018397,-0.01,0,150.0,10.0,1.00,0.500,0.300,3.00
4.8382,0.032007,0.050972,-0.018434,-0.01,0,150.0,10.0,1.00,0.500,0.300,3.00
4.8432,0.032005,0.050900,-0.018448,-0.01,0,150.0,10.0,1.00,0.500,0.300,3.00
4.8482,0.032004,0.050828,-0.018462,-0.01,0,150.0,10.0,1.00,0.500,0.300,3.00
4.8534,0.032007,0.050748,-0.018444,-0.01,0,150.0,10.0,1.00,0.500,0.300,3.00
4.8585,0.032012,0.050674,-0.018422,-0.01,0,150.0,10.0,1.00,0.500,0.300,3.00
4.8634,0.032025,0.050590,-0.018385,-0.01,0,150.0,10.0,1.00,0.500,0.300,3.00
4.8687,0.032025,0.050515,-0.018318,-0.01,0,150.0,10.0,1.00,0.500,0.300,3.00
4.8737,0.032032,0.050434,-0.018256,-0.01,0,150.0,10.0,1.00,0.500,0.300,3.00
4.8787,0.032032,0.050366,-0.018176,-0.01,0,150.0,10.0,1.00,0.500,0.300,3.00
4.8839,0.032036,0.050290,-0.018065,-0.01,0,150.0,10.0,1.00,0.500,0.300,3.00
4.8890,0.032034,0.050227,-0.017944,-0.01,0,150.0,10.0,1.00,0.500,0.300,3.00
4.8939,0.032039,0.050158,-0.017827,-0.01,0,150.0,10.0,1.00,0.500,0.300,3.00
4.8993,0.032041,0.050086,-0.017675,-0.01,0,150.0,10.0,1.00,0.500,0.300,3.00
4.9042,0.032038,0.050016,-0.017498,-0.01,0,150.0,10.0,1.00,0.500,0.300,3.00
4.9092,0.032032,0.049954,-0.017299,-0.01,0,150.0,10.0,1.00,0.500,0.300,3.00
4.9142,0.032030,0.049887,-0.017098,-0.01,0,150.0,10.0,1.00,0.500,0.300,3.00
4.9195,0.032037,0.049810,-0.016821,-0.01,0,150.0,10.0,1.00,0.500,0.300,3.00
4.9245,0.032030,0.049734,-0.016519,-0.01,0,150.0,10.0,1.00,0.500,0.300,3.00
4.9297,0.032036,0.049649,-0.016195,-0.01,0,150.0,10.0,1.00,0.500,0.300,3.00
4.9347,0.032033,0.049577,-0.015853,-0.01,0,150.0,10.0,1.00,0.500,0.300,3.00
4.9397,0.032055,0.049481,-0.015524,-0.01,0,150.0,10.0,1.00,0.500,0.300,3.00
4.9449,0.032067,0.049384,-0.015126,-0.01,0,150.0,10.0,1.00,0.500,0.300,3.00
4.9500,0.032065,0.049306,-0.014721,-0.01,0,150.0,10.0,1.00,0.500,0.300,3.00
4.9552,0.032067,0.049225,-0.014281,-0.01,0,150.0,10.0,1.00,0.500,0.300,3.00
4.9602,0.032078,0.049156,-0.013864,-0.01,0,150.0,10.0,1.00,0.500,0.300,3.00
4.9652,0.032086,0.049082,-0.013420,-0.01,0,150.0,10.0,1.00,0.500,0.300,3.00
4.9702,0.032089,0.049005,-0.012941,-0.01,0,150.0,10.0,1.00,0.500,0.300,3.00
4.9754,0.032106,0.048917,-0.012448,-0.01,0,150.0,10.0,1.00,0.500,0.300,3.00
4.9805,0.032118,0.048826,-0.011919,-0.01,0,150.0,10.0,1.00,0.500,0.300,3.00
4.9854,0.032120,0.048738,-0.011411,-0.01,0,150.0,10.0,1.00,0.500,0.300,3.00
4.9907,0.032129,0.048654,-0.010930,-0.01,0,150.0,10.0,1.00,0.500,0.300,3.00
4.9957,0.032132,0.048559,-0.010420,-0.01,0,150.0,10.0,1.00,0.500,0.300,3.00
5.0007,0.032132,0.048459,-0.009883,-0.01,0,150.0,10.0,1.00,0.500,0.300,3.00
5.0059,0.032134,0.048353,-0.009343,-0.01,0,150.0,10.0,1.00,0.500,0.300,3.00
5.0109,0.032132,0.048247,-0.008795,-0.01,0,150.0,10.0,1.00,0.500,0.300,3.00
5.0159,0.032128,0.048136,-0.008230,-0.01,0,150.0,10.0,1.00,0.500,0.300,3.00
5.0212,0.032119,0.048029,-0.007676,-0.01,0,150.0,10.0,1.00,0.500,0.300,3.00
5.0262,0.032113,0.047916,-0.007119,-0.01,0,150.0,10.0,1.00,0.500,0.300,3.00
5.0312,0.032115,0.047797,-0.006553,-0.01,0,150.0,10.0,1.00,0.500,0.300,3.00
5.0362,0.032112,0.047679,-0.005979,-0.01,0,150.0,10.0,1.00,0.500,0.300,3.00
5.0414,0.032114,0.047547,-0.005348,-0.01,0,150.0,10.0,1.00,0.500,0.300,3.00
5.0464,0.032121,0.047414,-0.004785,-0.01,0,150.0,10.0,1.00,0.500,0.300,3.00
5.0514,0.032114,0.047295,-0.004198,-0.01,0,150.0,10.0,1.00,0.500,0.300,3.00
5.0567,0.032110,0.047152,-0.003582,-0.01,0,150.0,10.0,1.00,0.500,0.300,3.00
5.0617,0.032126,0.047012,-0.003027,-0.01,0,150.0,10.0,1.00,0.500,0.300,3.00
5.0669,0.032144,0.046842,-0.002424,-0.01,0,150.0,10.0,1.00,0.500,0.300,3.00
5.0719,0.032146,0.046697,-0.001827,-0.01,0,150.0,10.0,1.00,0.500,0.300,3.00
5.0770,0.032153,0.046542,-0.001259,-0.01,0,150.0,10.0,1.00,0.500,0.300,3.00
5.0820,0.032162,0.046375,-0.000670,-0.01,0,150.0,10.0,1.00,0.500,0.300,3.00
5.0873,0.032167,0.046203,-0.000063,-0.01,0,150.0,10.0,1.00,0.500,0.300,3.00
5.0922,0.032170,0.046035,0.000525,-0.01,0,150.0,10.0,1.00,0.500,0.300,3.00
5.0972,0.032164,0.045879,0.001121,-0.01,0,150.0,10.0,1.00,0.500,0.300,3.00
5.1025,0.032201,0.045660,0.001709,-0.01,0,150.0,10.0,1.00,0.500,0.300,3.00
5.1075,0.032213,0.045471,0.002296,-0.01,0,150.0,10.0,1.00,0.500,0.300,3.00
5.1125,0.032213,0.045280,0.002890,-0.01,0,150.0,10.0,1.00,0.500,0.300,3.00
5.1177,0.032223,0.045081,0.003463,-0.01,0,150.0,10.0,1.00,0.500,0.300,3.00
5.1227,0.032257,0.044870,0.004019,-0.01,0,150.0,10.0,1.00,0.500,0.300,3.00
5.1277,0.032279,0.044658,0.004598,-0.01,0,150.0,10.0,1.00,0.500,0.300,3.00
5.1329,0.032323,0.044414,0.005168,-0.01,0,150.0,10.0,1.00,0.500,0.300,3.00
5.1379,0.032339,0.044217,0.005705,-0.01,0,150.0,10.0,1.00,0.500,0.300,3.00
5.1430,0.032351,0.044003,0.006289,-0.01,0,150.0,10.0,1.00,0.500,0.300,3.00
5.1482,0.032382,0.043758,0.006889,-0.01,0,150.0,10.0,1.00,0.500,0.300,3.00
5.1532,0.032404,0.043522,0.007459,-0.01,0,150.0,10.0,1.00,0.500,0.300,3.00
5.1582,0.032403,0.043311,0.008037,-0.01,0,150.0,10.0,1.00,0.500,0.300,3.00
5.1635,0.032413,0.043070,0.008655,-0.01,0,150.0,10.0,1.00,0.500,0.300,3.00
5.1685,0.032428,0.042840,0.009242,-0.01,0,150.0,10.0,1.00,0.500,0.300,3.00
5.1735,0.032449,0.042627,0.009789,-0.01,0,150.0,10.0,1.00,0.500,0.300,3.00
5.1787,0.032472,0.042397,0.010383,-0.01,0,150.0,10.0,1.00,0.500,0.300,3.00
5.1837,0.032500,0.042198,0.010930,-0.01,0,150.0,10.0,1.00,0.500,0.300,3.00
5.1887,0.032537,0.041998,0.011469,-0.01,0,150.0,10.0,1.00,0.500,0.300,3.00
5.1939,0.032588,0.041806,0.012013,-0.01,0,150.0,10.0,1.00,0.500,0.300,3.00
5.1990,0.032654,0.041612,0.012518,-0.01,0,150.0,10.0,1.00,0.500,0.300,3.00
5.2040,0.032704,0.041432,0.013047,-0.01,0,150.0,10.0,1.00,0.500,0.300,3.00
5.2092,0.032763,0.041238,0.013575,-0.01,0,150.0,10.0,1.00,0.500,0.300,3.00
5.2142,0.032822,0.041031,0.014123,-0.01,0,150.0,10.0,1.00,0.500,0.300,3.00
5.2192,0.032877,0.040843,0.014654,-0.01,0,150.0,10.0,1.00,0.500,0.300,3.00
5.2242,0.032922,0.040659,0.015173,-0.01,0,150.0,10.0,1.00,0.500,0.300,3.00
5.2294,0.033001,0.040459,0.015703,-0.01,0,150.0,10.0,1.00,0.500,0.300,3.00
5.2344,0.033062,0.040263,0.016236,-0.02,0,150.0,10.0,1.00,0.500,0.300,3.00
5.2397,0.033137,0.040069,0.016785,-0.02,0,150.0,10.0,1.00,0.500,0.300,3.00
5.2447,0.033194,0.039894,0.017330,-0.02,0,150.0,10.0,1.00,0.500,0.300,3.00
5.2497,0.033287,0.039710,0.017826,-0.02,0,150.0,10.0,1.00,0.500,0.300,3.00
5.2550,0.033360,0.039524,0.018401,-0.02,0,150.0,10.0,1.00,0.500,0.300,3.00
5.2599,0.033423,0.039341,0.018948,-0.02,0,150.0,10.0,1.00,0.500,0.300,3.00
5.2650,0.033476,0.039159,0.019524,-0.02,0,150.0,10.0,1.00,0.500,0.300,3.00
5.2702,0.033542,0.038955,0.020087,-0.02,0,150.0,10.0,1.00,0.500,0.300,3.00
5.2752,0.033578,0.038776,0.020644,-0.02,0,150.0,10.0,1.00,0.500,0.300,3.00
5.2802,0.033619,0.038603,0.021189,-0.02,0,150.0,10.0,1.00,0.500,0.300,3.00
5.2852,0.033658,0.038409,0.021750,-0.02,0,150.0,10.0,1.00,0.500,0.300,3.00
5.2904,0.033695,0.038234,0.022294,-0.02,0,150.0,10.0,1.00,0.500,0.300,3.00
5.2955,0.033734,0.038058,0.022830,-0.02,0,150.0,10.0,1.00,0.500,0.300,3.00
5.3007,0.033790,0.037863,0.023376,-0.02,0,150.0,10.0,1.00,0.500,0.300,3.00
5.3057,0.033828,0.037699,0.023897,-0.02,0,150.0,10.0,1.00,0.500,0.300,3.00
5.3107,0.033900,0.037529,0.024393,-0.02,0,150.0,10.0,1.00,0.500,0.300,3.00
5.3160,0.033989,0.037326,0.024920,-0.02,0,150.0,10.0,1.00,0.500,0.300,3.00
5.3210,0.034065,0.037175,0.025413,-0.02,0,150.0,10.0,1.00,0.500,0.300,3.00
5.3260,0.034151,0.037011,0.025905,-0.02,0,150.0,10.0,1.00,0.500,0.300,3.00
5.3313,0.034237,0.036821,0.026447,-0.02,0,150.0,10.0,1.00,0.500,0.300,3.00
5.3362,0.034303,0.036668,0.026930,-0.01,0,150.0,10.0,1.00,0.500,0.300,3.00
5.3412,0.034358,0.036481,0.027466,-0.01,0,150.0,10.0,1.00,0.500,0.300,3.00
5.3465,0.034409,0.036283,0.028036,-0.01,0,150.0,10.0,1.00,0.500,0.300,3.00
5.3515,0.034455,0.036101,0.028566,-0.02,0,150.0,10.0,1.00,0.500,0.300,3.00
5.3564,0.034516,0.035927,0.029087,-0.02,0,150.0,10.0,1.00,0.500,0.300,3.00
5.3618,0.034588,0.035734,0.029638,-0.02,0,150.0,10.0,1.00,0.500,0.300,3.00
5.3667,0.034635,0.035558,0.030171,-0.02,0,150.0,10.0,1.00,0.500,0.300,3.00
5.3717,0.034692,0.035368,0.030703,-0.02,0,150.0,10.0,1.00,0.500,0.300,3.00
5.3770,0.034733,0.035157,0.031257,-0.02,0,150.0,10.0,1.00,0.500,0.300,3.00
5.3820,0.034786,0.034974,0.031716,-0.02,0,150.0,10.0,1.00,0.500,0.300,3.00
5.3870,0.034838,0.034797,0.032163,-0.02,0,150.0,10.0,1.00,0.500,0.300,3.00
5.3922,0.034895,0.034606,0.032617,-0.02,0,150.0,10.0,1.00,0.500,0.300,3.00
5.3972,0.034971,0.034424,0.033007,-0.02,0,150.0,10.0,1.00,0.500,0.300,3.00
5.4022,0.035050,0.034234,0.033385,-0.02,0,150.0,10.0,1.00,0.500,0.300,3.00
5.4072,0.035118,0.034045,0.033791,-0.02,0,150.0,10.0,1.00,0.500,0.300,3.00
5.4124,0.035155,0.033868,0.034189,-0.02,0,150.0,10.0,1.00,0.500,0.300,3.00
5.4175,0.035190,0.033675,0.034578,-0.02,0,150.0,10.0,1.00,0.500,0.300,3.00
5.4225,0.035208,0.033455,0.035015,-0.02,0,150.0,10.0,1.00,0.500,0.300,3.00
5.4277,0.035198,0.033271,0.035463,-0.02,0,150.0,10.0,1.00,0.500,0.300,3.00
5.4327,0.035186,0.033082,0.035859,-0.02,0,150.0,10.0,1.00,0.500,0.300,3.00
5.4379,0.035180,0.032887,0.036266,-0.02,0,150.0,10.0,1.00,0.500,0.300,3.00
5.4430,0.035205,0.032688,0.036610,-0.02,0,150.0,10.0,1.00,0.500,0.300,3.00
5.4480,0.035211,0.032529,0.036919,-0.02,0,150.0,10.0,1.00,0.500,0.300,3.00
5.4533,0.035216,0.032361,0.037224,-0.02,0,150.0,10.0,1.00,0.500,0.300,3.00
5.4583,0.035239,0.032205,0.037473,-0.02,0,150.0,10.0,1.00,0.500,0.300,3.00
5.4632,0.035261,0.032061,0.037680,-0.02,0,150.0,10.0,1.00,0.500,0.300,3.00
5.4685,0.035285,0.031922,0.037876,-0.02,0,150.0,10.0,1.00,0.500,0.300,3.00
5.4735,0.035291,0.031789,0.038055,-0.02,0,150.0,10.0,1.00,0.500,0.300,3.00
5.4785,0.035277,0.031667,0.038211,-0.01,0,150.0,10.0,1.00,0.500,0.300,3.00
5.4834,0.035247,0.031553,0.038370,-0.01,0,150.0,10.0,1.00,0.500,0.300,3.00
5.4887,0.035209,0.031415,0.038517,-0.01,0,150.0,10.0,1.00,0.500,0.300,3.00
5.4937,0.035149,0.031283,0.038666,-0.01,0,150.0,10.0,1.00,0.500,0.300,3.00
5.4989,0.035054,0.031136,0.038833,-0.01,0,150.0,10.0,1.00,0.500,0.300,3.00
5.5039,0.034964,0.030978,0.038955,-0.02,0,150.0,10.0,1.00,0.500,0.300,3.00
5.5093,0.034874,0.030833,0.039048,-0.02,0,150.0,10.0,1.00,0.500,0.300,3.00
5.5143,0.034779,0.030678,0.039108,-0.02,0,150.0,10.0,1.00,0.500,0.300,3.00
5.5192,0.034689,0.030541,0.039124,-0.02,0,150.0,10.0,1.00,0.500,0.300,3.00
5.5242,0.034615,0.030395,0.039101,-0.02,0,150.0,10.0,1.00,0.500,0.300,3.00
5.5292,0.034544,0.030247,0.039049,-0.02,0,150.0,10.0,1.00,0.500,0.300,3.00
5.5345,0.034460,0.030099,0.039004,-0.01,0,150.0,10.0,1.00,0.500,0.300,3.00
5.5394,0.034379,0.029967,0.038974,-0.01,0,150.0,10.0,1.00,0.500,0.300,3.00
5.5445,0.034285,0.029850,0.038958,-0.01,0,150.0,10.0,1.00,0.500,0.300,3.00
5.5497,0.034182,0.029718,0.038948,-0.01,0,150.0,10.0,1.00,0.500,0.300,3.00
5.5548,0.034083,0.029585,0.038930,-0.01,0,150.0,10.0,1.00,0.500,0.300,3.00
5.5597,0.033993,0.029445,0.038895,-0.01,0,150.0,10.0,1.00,0.500,0.300,3.00
5.5650,0.033903,0.029296,0.038856,-0.01,0,150.0,10.0,1.00,0.500,0.300,3.00
5.5700,0.033806,0.029169,0.038814,-0.01,0,150.0,10.0,1.00,0.500,0.300,3.00
5.5749,0.033706,0.029065,0.038776,-0.01,0,150.0,10.0,1.00,0.500,0.300,3.00
5.5802,0.033606,0.028960,0.038739,-0.01,0,150.0,10.0,1.00,0.500,0.300,3.00
5.5852,0.033516,0.028878,0.038699,-0.01,0,150.0,10.0,1.00,0.500,0.300,3.00
5.5902,0.033415,0.028788,0.038669,-0.01,0,150.0,10.0,1.00,0.500,0.300,3.00
5.5952,0.033321,0.028692,0.038649,-0.01,0,150.0,10.0,1.00,0.500,0.300,3.00
5.6004,0.033227,0.028589,0.038626,-0.01,0,150.0,10.0,1.00,0.500,0.300,3.00
5.6054,0.033148,0.028494,0.038608,-0.01,0,150.0,10.0,1.00,0.500,0.300,3.00
5.6108,0.033081,0.028400,0.038583,-0.01,0,150.0,10.0,1.00,0.500,0.300,3.00
5.6157,0.033015,0.028336,0.038574,-0.01,0,150.0,10.0,1.00,0.500,0.300,3.00
5.6207,0.032950,0.028274,0.038587,-0.01,0,150.0,10.0,1.00,0.500,0.300,3.00
5.6260,0.032879,0.028228,0.038629,-0.01,0,150.0,10.0,1.00,0.500,0.300,3.00
5.6310,0.032797,0.028185,0.038712,-0.01,0,150.0,10.0,1.00,0.500,0.300,3.00
5.6359,0.032717,0.028150,0.038807,-0.01,0,150.0,10.0,1.00,0.500,0.300,3.00
5.6413,0.032648,0.028108,0.038906,-0.01,0,150.0,10.0,1.00,0.500,0.300,3.00
5.6462,0.032602,0.028074,0.038989,-0.01,0,150.0,10.0,1.00,0.500,0.300,3.00
5.6512,0.032559,0.028040,0.039065,-0.01,0,150.0,10.0,1.00,0.500,0.300,3.00
5.6562,0.032517,0.028022,0.039150,-0.01,0,150.0,10.0,1.00,0.500,0.300,3.00
5.6614,0.032474,0.028004,0.039248,-0.01,0,150.0,10.0,1.00,0.500,0.300,3.00
5.6665,0.032419,0.027988,0.039374,-0.01,0,150.0,10.0,1.00,0.500,0.300,3.00
5.6717,0.032337,0.027980,0.039544,-0.01,0,150.0,10.0,1.00,0.500,0.300,3.00
5.6770,0.032244,0.027973,0.039727,-0.01,0,150.0,10.0,1.00,0.500,0.300,3.00
5.6820,0.032153,0.027960,0.039927,-0.01,0,150.0,10.0,1.00,0.500,0.300,3.00
5.6872,0.032062,0.027947,0.040127,-0.01,0,150.0,10.0,1.00,0.500,0.300,3.00
5.6922,0.031997,0.027918,0.040294,-0.01,0,150.0,10.0,1.00,0.500,0.300,3.00
5.6972,0.031934,0.027896,0.040450,-0.01,0,150.0,10.0,1.00,0.500,0.300,3.00
5.7024,0.031864,0.027867,0.040622,-0.01,0,150.0,10.0,1.00,0.500,0.300,3.00
5.7075,0.031776,0.027846,0.040811,-0.01,0,150.0,10.0,1.00,0.500,0.300,3.00
5.7127,0.031668,0.027811,0.041032,-0.01,0,150.0,10.0,1.00,0.500,0.300,3.00
5.7178,0.031543,0.027754,0.041275,-0.01,0,150.0,10.0,1.00,0.500,0.300,3.00
5.7230,0.031395,0.027705,0.041541,-0.01,0,150.0,10.0,1.00,0.500,0.300,3.00
5.7280,0.031266,0.027648,0.041776,-0.01,0,150.0,10.0,1.00,0.500,0.300,3.00
5.7330,0.031130,0.027583,0.042027,-0.01,0,150.0,10.0,1.00,0.500,0.300,3.00
5.7379,0.031008,0.027489,0.042263,-0.01,0,150.0,10.0,1.00,0.500,0.300,3.00
5.7432,0.030864,0.027402,0.042523,-0.01,0,150.0,10.0,1.00,0.500,0.300,3.00
5.7482,0.030731,0.027314,0.042754,-0.01,0,150.0,10.0,1.00,0.500,0.300,3.00
5.7532,0.030577,0.027228,0.043025,-0.01,0,150.0,10.0,1.00,0.500,0.300,3.00
5.7582,0.030386,0.027148,0.043324,-0.01,0,150.0,10.0,1.00,0.500,0.300,3.00
5.7632,0.030190,0.027061,0.043625,-0.01,0,150.0,10.0,1.00,0.500,0.300,3.00
5.7684,0.030005,0.026980,0.043902,-0.01,0,150.0,10.0,1.00,0.500,0.300,3.00
5.7735,0.029830,0.026906,0.044170,-0.01,0,150.0,10.0,1.00,0.500,0.300,3.00
5.7784,0.029662,0.026846,0.044410,-0.01,0,150.0,10.0,1.00,0.500,0.300,3.00
5.7838,0.029480,0.026786,0.044670,-0.01,0,150.0,10.0,1.00,0.500,0.300,3.00
5.7887,0.029319,0.026732,0.044893,-0.01,0,150.0,10.0,1.00,0.500,0.300,3.00
5.7937,0.029147,0.026702,0.045141,-0.01,0,150.0,10.0,1.00,0.500,0.300,3.00
5.7989,0.028959,0.026673,0.045420,-0.01,0,150.0,10.0,1.00,0.500,0.300,3.00
5.8039,0.028759,0.026652,0.045716,-0.01,0,150.0,10.0,1.00,0.500,0.300,3.00
5.8090,0.028572,0.026631,0.046005,-0.01,0,150.0,10.0,1.00,0.500,0.300,3.00
5.8142,0.028372,0.026618,0.046303,-0.02,0,150.0,10.0,1.00,0.500,0.300,3.00
5.8192,0.028196,0.026611,0.046573,-0.02,0,150.0,10.0,1.00,0.500,0.300,3.00
5.8242,0.028017,0.026612,0.046838,-0.02,0,150.0,10.0,1.00,0.500,0.300,3.00
5.8295,0.027842,0.026612,0.047097,-0.02,0,150.0,10.0,1.00,0.500,0.300,3.00
5.8345,0.027684,0.026619,0.047326,-0.02,0,150.0,10.0,1.00,0.500,0.300,3.00
5.8395,0.027514,0.026634,0.047585,-0.02,0,150.0,10.0,1.00,0.500,0.300,3.00
5.8445,0.027343,0.026650,0.047844,-0.02,0,150.0,10.0,1.00,0.500,0.300,3.00
5.8497,0.027140,0.026674,0.048143,-0.02,0,150.0,10.0,1.00,0.500,0.300,3.00
5.8547,0.026968,0.026690,0.048400,-0.02,0,150.0,10.0,1.00,0.500,0.300,3.00
5.8600,0.026773,0.026706,0.048695,-0.02,0,150.0,10.0,1.00,0.500,0.300,3.00
5.8649,0.026610,0.026722,0.048939,-0.02,0,150.0,10.0,1.00,0.500,0.300,3.00
5.8699,0.026437,0.026737,0.049194,-0.02,0,150.0,10.0,1.00,0.500,0.300,3.00
5.8752,0.026289,0.026744,0.049414,-0.02,0,150.0,10.0,1.00,0.500,0.300,3.00
5.8802,0.026129,0.026757,0.049630,-0.02,0,150.0,10.0,1.00,0.500,0.300,3.00
5.8852,0.025947,0.026772,0.049882,-0.02,0,150.0,10.0,1.00,0.500,0.300,3.00
5.8902,0.025758,0.026778,0.050137,-0.02,0,150.0,10.0,1.00,0.500,0.300,3.00
5.8955,0.025544,0.026778,0.050418,-0.02,0,150.0,10.0,1.00,0.500,0.300,3.00
5.9005,0.025349,0.026768,0.050669,-0.02,0,150.0,10.0,1.00,0.500,0.300,3.00
5.9055,0.025157,0.026752,0.050924,-0.02,0,150.0,10.0,1.00,0.500,0.300,3.00
5.9108,0.024976,0.026720,0.051158,-0.02,0,150.0,10.0,1.00,0.500,0.300,3.00
5.9157,0.024799,0.026696,0.051389,-0.02,0,150.0,10.0,1.00,0.500,0.300,3.00
5.9210,0.024650,0.026656,0.051590,-0.02,0,150.0,10.0,1.00,0.500,0.300,3.00
5.9260,0.024483,0.026623,0.051804,-0.02,0,150.0,10.0,1.00,0.500,0.300,3.00
5.9310,0.024323,0.026583,0.052016,-0.02,0,150.0,10.0,1.00,0.500,0.300,3.00
5.9362,0.024140,0.026551,0.052248,-0.02,0,150.0,10.0,1.00,0.500,0.300,3.00
5.9412,0.023974,0.026511,0.052464,-0.02,0,150.0,10.0,1.00,0.500,0.300,3.00
5.9462,0.023806,0.026448,0.052682,-0.02,0,150.0,10.0,1.00,0.500,0.300,3.00
5.9513,0.023619,0.026378,0.052927,-0.02,0,150.0,10.0,1.00,0.500,0.300,3.00
5.9562,0.023461,0.026302,0.053145,-0.02,0,150.0,10.0,1.00,0.500,0.300,3.00
5.9615,0.023302,0.026203,0.053372,-0.02,0,150.0,10.0,1.00,0.500,0.300,3.00
5.9664,0.023199,0.026118,0.053533,-0.02,0,150.0,10.0,1.00,0.500,0.300,3.00
5.9715,0.023080,0.026019,0.053725,-0.02,0,150.0,10.0,1.00,0.500,0.300,3.00
5.9767,0.022941,0.025913,0.053944,-0.02,0,150.0,10.0,1.00,0.500,0.300,3.00
5.9818,0.022805,0.025815,0.054153,-0.02,0,150.0,10.0,1.00,0.500,0.300,3.00
5.9870,0.022645,0.025709,0.054394,-0.02,0,150.0,10.0,1.00,0.500,0.300,3.00
5.9920,0.022511,0.025596,0.054601,-0.01,0,150.0,10.0,1.00,0.500,0.300,3.00
5.9970,0.022382,0.025490,0.054807,-0.01,0,150.0,10.0,1.00,0.500,0.300,3.00
6.0023,0.022244,0.025361,0.055019,-0.01,0,150.0,10.0,1.00,0.500,0.300,3.00
6.0072,0.022136,0.025232,0.055210,-0.01,0,150.0,10.0,1.00,0.500,0.300,3.00
6.0122,0.022025,0.025103,0.055393,-0.01,0,150.0,10.0,1.00,0.500,0.300,3.00
6.0172,0.021929,0.024967,0.055575,-0.01,0,150.0,10.0,1.00,0.500,0.300,3.00
6.0225,0.021844,0.024823,0.055741,-0.01,0,150.0,10.0,1.00,0.500,0.300,3.00
6.0275,0.021758,0.024687,0.055911,-0.01,0,150.0,10.0,1.00,0.500,0.300,3.00
6.0325,0.021672,0.024545,0.056097,-0.01,0,150.0,10.0,1.00,0.500,0.300,3.00
6.0377,0.021572,0.024402,0.056287,-0.01,0,150.0,10.0,1.00,0.500,0.300,3.00
6.0427,0.021491,0.024243,0.056460,-0.01,0,150.0,10.0,1.00,0.500,0.300,3.00
6.0479,0.021384,0.024078,0.056664,-0.01,0,150.0,10.0,1.00,0.500,0.300,3.00
6.0530,0.021307,0.023897,0.056839,-0.01,0,150.0,10.0,1.00,0.500,0.300,3.00
6.0580,0.021237,0.023695,0.057025,-0.01,0,150.0,10.0,1.00,0.500,0.300,3.00
6.0630,0.021161,0.023492,0.057216,-0.01,0,150.0,10.0,1.00,0.500,0.300,3.00
6.0683,0.021068,0.023290,0.057424,-0.01,0,150.0,10.0,1.00,0.500,0.300,3.00
6.0732,0.020986,0.023087,0.057621,-0.02,0,150.0,10.0,1.00,0.500,0.300,3.00
6.0783,0.020900,0.022884,0.057810,-0.02,0,150.0,10.0,1.00,0.500,0.300,3.00
6.0833,0.020830,0.022673,0.057998,-0.02,0,150.0,10.0,1.00,0.500,0.300,3.00
6.0885,0.020781,0.022463,0.058163,-0.02,0,150.0,10.0,1.00,0.500,0.300,3.00
6.0935,0.020764,0.022229,0.058304,-0.02,0,150.0,10.0,1.00,0.500,0.300,3.00
6.0984,0.020745,0.021995,0.058437,-0.02,0,150.0,10.0,1.00,0.500,0.300,3.00
6.1037,0.020710,0.021738,0.058584,-0.01,0,150.0,10.0,1.00,0.500,0.300,3.00
6.1087,0.020659,0.021494,0.058734,-0.01,0,150.0,10.0,1.00,0.500,0.300,3.00
6.1140,0.020587,0.021222,0.058919,-0.01,0,150.0,10.0,1.00,0.500,0.300,3.00
6.1190,0.020513,0.020970,0.059088,-0.01,0,150.0,10.0,1.00,0.500,0.300,3.00
6.1240,0.020432,0.020704,0.059275,-0.02,0,150.0,10.0,1.00,0.500,0.300,3.00
6.1293,0.020384,0.020440,0.059455,-0.02,0,150.0,10.0,1.00,0.500,0.300,3.00
6.1342,0.020342,0.020176,0.059630,-0.02,0,150.0,10.0,1.00,0.500,0.300,3.00
6.1392,0.020316,0.019927,0.059795,-0.02,0,150.0,10.0,1.00,0.500,0.300,3.00
6.1445,0.020277,0.019663,0.059984,-0.02,0,150.0,10.0,1.00,0.500,0.300,3.00
6.1494,0.020243,0.019435,0.060139,-0.02,0,150.0,10.0,1.00,0.500,0.300,3.00
6.1545,0.020211,0.019214,0.060284,-0.02,0,150.0,10.0,1.00,0.500,0.300,3.00
6.1598,0.020194,0.018992,0.060406,-0.02,0,150.0,10.0,1.00,0.500,0.300,3.00
6.1647,0.020182,0.018770,0.060522,-0.02,0,150.0,10.0,1.00,0.500,0.300,3.00
6.1697,0.020176,0.018562,0.060620,-0.02,0,150.0,10.0,1.00,0.500,0.300,3.00
6.1747,0.020178,0.018347,0.060716,-0.01,0,150.0,10.0,1.00,0.500,0.300,3.00
6.1799,0.020184,0.018116,0.060799,-0.01,0,150.0,10.0,1.00,0.500,0.300,3.00
6.1850,0.020173,0.017906,0.060882,-0.01,0,150.0,10.0,1.00,0.500,0.300,3.00
6.1900,0.020150,0.017696,0.060977,-0.01,0,150.0,10.0,1.00,0.500,0.300,3.00
6.1952,0.020123,0.017479,0.061081,-0.01,0,150.0,10.0,1.00,0.500,0.300,3.00
6.2002,0.020081,0.017255,0.061204,-0.01,0,150.0,10.0,1.00,0.500,0.300,3.00
6.2052,0.020031,0.017038,0.061330,-0.01,0,150.0,10.0,1.00,0.500,0.300,3.00
6.2102,0.019982,0.016821,0.061463,-0.01,0,150.0,10.0,1.00,0.500,0.300,3.00
6.2154,0.019922,0.016596,0.061602,-0.02,0,150.0,10.0,1.00,0.500,0.300,3.00
6.2205,0.019882,0.016379,0.061717,-0.02,0,150.0,10.0,1.00,0.500,0.300,3.00
6.2257,0.019842,0.016160,0.061811,-0.02,0,150.0,10.0,1.00,0.500,0.300,3.00
6.2307,0.019796,0.015962,0.061896,-0.02,0,150.0,10.0,1.00,0.500,0.300,3.00
6.2357,0.019750,0.015757,0.061976,-0.02,0,150.0,10.0,1.00,0.500,0.300,3.00
6.2410,0.019700,0.015544,0.062046,-0.02,0,150.0,10.0,1.00,0.500,0.300,3.00
6.2460,0.019657,0.015338,0.062113,-0.02,0,150.0,10.0,1.00,0.500,0.300,3.00
6.2510,0.019608,0.015147,0.062174,-0.02,0,150.0,10.0,1.00,0.500,0.300,3.00
6.2562,0.019567,0.014932,0.062226,-0.02,0,150.0,10.0,1.00,0.500,0.300,3.00
6.2613,0.019510,0.014725,0.062277,-0.02,0,150.0,10.0,1.00,0.500,0.300,3.00
6.2662,0.019451,0.014532,0.062329,-0.02,0,150.0,10.0,1.00,0.500,0.300,3.00
6.2712,0.019380,0.014340,0.062392,-0.02,0,150.0,10.0,1.00,0.500,0.300,3.00
6.2762,0.019314,0.014148,0.062449,-0.02,0,150.0,10.0,1.00,0.500,0.300,3.00
6.2815,0.019237,0.013948,0.062513,-0.02,0,150.0,10.0,1.00,0.500,0.300,3.00
6.2865,0.019183,0.013763,0.062563,-0.02,0,150.0,10.0,1.00,0.500,0.300,3.00
6.2915,0.019132,0.013586,0.062604,-0.02,0,150.0,10.0,1.00,0.500,0.300,3.00
6.2967,0.019073,0.013408,0.062643,-0.02,0,150.0,10.0,1.00,0.500,0.300,3.00
6.3017,0.019014,0.013231,0.062682,-0.01,0,150.0,10.0,1.00,0.500,0.300,3.00
6.3067,0.018948,0.013077,0.062730,-0.01,0,150.0,10.0,1.00,0.500,0.300,3.00
6.3120,0.018888,0.012899,0.062769,-0.01,0,150.0,10.0,1.00,0.500,0.300,3.00
6.3170,0.018831,0.012721,0.062795,-0.01,0,150.0,10.0,1.00,0.500,0.300,3.00
6.3220,0.018756,0.012536,0.062854,-0.01,0,150.0,10.0,1.00,0.500,0.300,3.00
6.3273,0.018682,0.012336,0.062912,-0.01,0,150.0,10.0,1.00,0.500,0.300,3.00
6.3323,0.018589,0.012151,0.062987,-0.01,0,150.0,10.0,1.00,0.500,0.300,3.00
6.3373,0.018486,0.011951,0.063072,-0.01,0,150.0,10.0,1.00,0.500,0.300,3.00
6.3425,0.018386,0.011736,0.063163,-0.02,0,150.0,10.0,1.00,0.500,0.300,3.00
6.3475,0.018271,0.011521,0.063259,-0.02,0,150.0,10.0,1.00,0.500,0.300,3.00
6.3525,0.018151,0.011305,0.063359,-0.02,0,150.0,10.0,1.00,0.500,0.300,3.00
6.3575,0.018044,0.011090,0.063456,-0.02,0,150.0,10.0,1.00,0.500,0.300,3.00
6.3627,0.017936,0.010859,0.063546,-0.02,0,150.0,10.0,1.00,0.500,0.300,3.00
6.3677,0.017833,0.010637,0.063633,-0.02,0,150.0,10.0,1.00,0.500,0.300,3.00
6.3727,0.017721,0.010414,0.063739,-0.02,0,150.0,10.0,1.00,0.500,0.300,3.00
6.3780,0.017619,0.010207,0.063833,-0.02,0,150.0,10.0,1.00,0.500,0.300,3.00
6.3830,0.017525,0.010008,0.063933,-0.02,0,150.0,10.0,1.00,0.500,0.300,3.00
6.3883,0.017409,0.009778,0.064054,-0.02,0,150.0,10.0,1.00,0.500,0.300,3.00
6.3932,0.017297,0.009564,0.064188,-0.02,0,150.0,10.0,1.00,0.500,0.300,3.00
6.3982,0.017194,0.009350,0.064305,-0.02,0,150.0,10.0,1.00,0.500,0.300,3.00
6.4033,0.017073,0.009136,0.064438,-0.02,0,150.0,10.0,1.00,0.500,0.300,3.00
6.4086,0.016918,0.008915,0.064605,-0.02,0,150.0,10.0,1.00,0.500,0.300,3.00
6.4135,0.016781,0.008701,0.064760,-0.02,0,150.0,10.0,1.00,0.500,0.300,3.00
6.4185,0.016644,0.008480,0.064937,-0.02,0,150.0,10.0,1.00,0.500,0.300,3.00
6.4238,0.016495,0.008259,0.065125,-0.02,0,150.0,10.0,1.00,0.500,0.300,3.00
6.4287,0.016377,0.008061,0.065278,-0.02,0,150.0,10.0,1.00,0.500,0.300,3.00
6.4337,0.016245,0.007856,0.065456,-0.02,0,150.0,10.0,1.00,0.500,0.300,3.00
6.4389,0.016099,0.007635,0.065657,-0.02,0,150.0,10.0,1.00,0.500,0.300,3.00
6.4440,0.015960,0.007429,0.065840,-0.02,0,150.0,10.0,1.00,0.500,0.300,3.00
6.4490,0.015822,0.007216,0.066026,-0.02,0,150.0,10.0,1.00,0.500,0.300,3.00
6.4542,0.015683,0.006995,0.066209,-0.02,0,150.0,10.0,1.00,0.500,0.300,3.00
6.4592,0.015580,0.006758,0.066360,-0.02,0,150.0,10.0,1.00,0.500,0.300,3.00
6.4642,0.015467,0.006521,0.066509,-0.02,0,150.0,10.0,1.00,0.500,0.300,3.00
6.4695,0.015342,0.006275,0.066664,-0.02,0,150.0,10.0,1.00,0.500,0.300,3.00
6.4745,0.015237,0.006023,0.066815,-0.02,0,150.0,10.0,1.00,0.500,0.300,3.00
6.4795,0.015139,0.005763,0.066964,-0.02,0,150.0,10.0,1.00,0.500,0.300,3.00
6.4848,0.015025,0.005472,0.067135,-0.02,0,150.0,10.0,1.00,0.500,0.300,3.00
6.4897,0.014925,0.005196,0.067303,-0.02,0,150.0,10.0,1.00,0.500,0.300,3.00
6.4947,0.014835,0.004905,0.067460,-0.02,0,150.0,10.0,1.00,0.500,0.300,3.00
6.5000,0.014741,0.004606,0.067626,-0.02,0,150.0,10.0,1.00,0.500,0.300,3.00
6.5050,0.014653,0.004322,0.067794,-0.02,0,150.0,10.0,1.00,0.500,0.300,3.00
6.5103,0.014555,0.004008,0.067978,-0.02,0,150.0,10.0,1.00,0.500,0.300,3.00
6.5152,0.014480,0.003708,0.068142,-0.02,0,150.0,10.0,1.00,0.500,0.300,3.00
6.5202,0.014405,0.003416,0.068310,-0.02,0,150.0,10.0,1.00,0.500,0.300,3.00
6.5255,0.014331,0.003093,0.068485,-0.02,0,150.0,10.0,1.00,0.500,0.300,3.00
6.5305,0.014268,0.002839,0.068626,-0.02,0,150.0,10.0,1.00,0.500,0.300,3.00
6.5355,0.014224,0.002554,0.068760,-0.02,0,150.0,10.0,1.00,0.500,0.300,3.00
6.5408,0.014193,0.002269,0.068891,-0.02,0,150.0,10.0,1.00,0.500,0.300,3.00
6.5458,0.014167,0.001991,0.069013,-0.02,0,150.0,10.0,1.00,0.500,0.300,3.00
6.5507,0.014146,0.001713,0.069130,-0.02,0,150.0,10.0,1.00,0.500,0.300,3.00
6.5560,0.014129,0.001427,0.069239,-0.02,0,150.0,10.0,1.00,0.500,0.300,3.00
6.5610,0.014117,0.001164,0.069346,-0.02,0,150.0,10.0,1.00,0.500,0.300,3.00
6.5660,0.014105,0.000892,0.069450,-0.02,0,150.0,10.0,1.00,0.500,0.300,3.00
6.5712,0.014094,0.000590,0.069560,-0.02,0,150.0,10.0,1.00,0.500,0.300,3.00
6.5762,0.014089,0.000295,0.069669,-0.02,0,150.0,10.0,1.00,0.500,0.300,3.00
6.5813,0.014084,-0.000008,0.069782,-0.02,0,150.0,10.0,1.00,0.500,0.300,3.00
6.5862,0.014088,-0.000288,0.069874,-0.02,0,150.0,10.0,1.00,0.500,0.300,3.00
6.5912,0.014098,-0.000583,0.069968,-0.02,0,150.0,10.0,1.00,0.500,0.300,3.00
6.5965,0.014117,-0.000903,0.070068,-0.02,0,150.0,10.0,1.00,0.500,0.300,3.00
6.6015,0.014148,-0.001215,0.070161,-0.02,0,150.0,10.0,1.00,0.500,0.300,3.00
6.6067,0.014182,-0.001535,0.070246,-0.02,0,150.0,10.0,1.00,0.500,0.300,3.00
6.6117,0.014219,-0.001824,0.070311,-0.02,0,150.0,10.0,1.00,0.500,0.300,3.00
6.6167,0.014263,-0.002122,0.070383,-0.02,0,150.0,10.0,1.00,0.500,0.300,3.00
6.6220,0.014315,-0.002435,0.070456,-0.02,0,150.0,10.0,1.00,0.500,0.300,3.00
6.6270,0.014371,-0.002733,0.070524,-0.02,0,150.0,10.0,1.00,0.500,0.300,3.00
6.6320,0.014433,-0.003024,0.070583,-0.02,0,150.0,10.0,1.00,0.500,0.300,3.00
6.6372,0.014493,-0.003330,0.070643,-0.02,0,150.0,10.0,1.00,0.500,0.300,3.00
6.6422,0.014559,-0.003621,0.070698,-0.02,0,150.0,10.0,1.00,0.500,0.300,3.00
6.6472,0.014622,-0.003936,0.070749,-0.02,0,150.0,10.0,1.00,0.500,0.300,3.00
6.6525,0.014686,-0.004259,0.070803,-0.02,0,150.0,10.0,1.00,0.500,0.300,3.00
6.6575,0.014748,-0.004559,0.070854,-0.02,0,150.0,10.0,1.00,0.500,0.300,3.00
6.6625,0.014820,-0.004858,0.070888,-0.02,0,150.0,10.0,1.00,0.500,0.300,3.00
6.6677,0.014899,-0.005182,0.070927,-0.02,0,150.0,10.0,1.00,0.500,0.300,3.00
6.6727,0.014988,-0.005514,0.070952,-0.02,0,150.0,10.0,1.00,0.500,0.300,3.00
6.6777,0.015077,-0.005839,0.070982,-0.02,0,150.0,10.0,1.00,0.500,0.300,3.00
6.6830,0.015162,-0.006163,0.070997,-0.02,0,150.0,10.0,1.00,0.500,0.300,3.00
6.6880,0.015246,-0.006464,0.071008,-0.02,0,150.0,10.0,1.00,0.500,0.300,3.00
6.6933,0.015333,-0.006780,0.071008,-0.02,0,150.0,10.0,1.00,0.500,0.300,3.00
6.6983,0.015424,-0.007081,0.070995,-0.02,0,150.0,10.0,1.00,0.500,0.300,3.00
6.7032,0.015508,-0.007405,0.070991,-0.02,0,150.0,10.0,1.00,0.500,0.300,3.00
6.7082,0.015588,-0.007737,0.070976,-0.02,0,150.0,10.0,1.00,0.500,0.300,3.00
6.7135,0.015667,-0.008053,0.070954,-0.02,0,150.0,10.0,1.00,0.500,0.300,3.00
6.7185,0.015736,-0.008393,0.070934,-0.02,0,150.0,10.0,1.00,0.500,0.300,3.00
6.7235,0.015803,-0.008740,0.070911,-0.02,0,150.0,10.0,1.00,0.500,0.300,3.00
6.7287,0.015880,-0.009103,0.070877,-0.02,0,150.0,10.0,1.00,0.500,0.300,3.00
6.7337,0.015957,-0.009466,0.070843,-0.02,0,150.0,10.0,1.00,0.500,0.300,3.00
6.7390,0.016022,-0.009829,0.070800,-0.02,0,150.0,10.0,1.00,0.500,0.300,3.00
6.7440,0.016082,-0.010160,0.070756,-0.02,0,150.0,10.0,1.00,0.500,0.300,3.00
6.7490,0.016131,-0.010514,0.070713,-0.02,0,150.0,10.0,1.00,0.500,0.300,3.00
6.7543,0.016187,-0.010892,0.070675,-0.02,0,150.0,10.0,1.00,0.500,0.300,3.00
6.7592,0.016240,-0.011270,0.070630,-0.02,0,150.0,10.0,1.00,0.500,0.300,3.00
6.7642,0.016292,-0.011656,0.070589,-0.02,0,150.0,10.0,1.00,0.500,0.300,3.00
6.7692,0.016333,-0.012033,0.070535,-0.02,0,150.0,10.0,1.00,0.500,0.300,3.00
6.7745,0.016383,-0.012386,0.070480,-0.02,0,150.0,10.0,1.00,0.500,0.300,3.00
6.7795,0.016423,-0.012739,0.070423,-0.02,0,150.0,10.0,1.00,0.500,0.300,3.00
6.7844,0.016463,-0.013092,0.070366,-0.02,0,150.0,10.0,1.00,0.500,0.300,3.00
6.7897,0.016510,-0.013460,0.070292,-0.02,0,150.0,10.0,1.00,0.500,0.300,3.00
6.7947,0.016562,-0.013811,0.070206,-0.02,0,150.0,10.0,1.00,0.500,0.300,3.00
6.7997,0.016605,-0.014186,0.070128,-0.02,0,150.0,10.0,1.00,0.500,0.300,3.00
6.8050,0.016636,-0.014545,0.070054,-0.02,0,150.0,10.0,1.00,0.500,0.300,3.00
6.8100,0.016663,-0.014873,0.069984,-0.02,0,150.0,10.0,1.00,0.500,0.300,3.00
6.8150,0.016699,-0.015207,0.069901,-0.02,0,150.0,10.0,1.00,0.500,0.300,3.00
6.8202,0.016723,-0.015581,0.069820,-0.02,0,150.0,10.0,1.00,0.500,0.300,3.00
6.8252,0.016744,-0.015931,0.069747,-0.02,0,150.0,10.0,1.00,0.500,0.300,3.00
6.8302,0.016755,-0.016304,0.069676,-0.02,0,150.0,10.0,1.00,0.500,0.300,3.00
6.8355,0.016768,-0.016692,0.069600,-0.02,0,150.0,10.0,1.00,0.500,0.300,3.00
6.8405,0.016772,-0.017057,0.069538,-0.02,0,150.0,10.0,1.00,0.500,0.300,3.00
6.8455,0.016784,-0.017429,0.069455,-0.02,0,150.0,10.0,1.00,0.500,0.300,3.00
6.8507,0.016785,-0.017807,0.069367,-0.02,0,150.0,10.0,1.00,0.500,0.300,3.00
6.8558,0.016796,-0.018170,0.069287,-0.02,0,150.0,10.0,1.00,0.500,0.300,3.00
6.8610,0.016826,-0.018557,0.069183,-0.02,0,150.0,10.0,1.00,0.500,0.300,3.00
6.8660,0.016857,-0.018927,0.069080,-0.02,0,150.0,10.0,1.00,0.500,0.300,3.00
6.8710,0.016885,-0.019312,0.068976,-0.02,0,150.0,10.0,1.00,0.500,0.300,3.00
6.8762,0.016903,-0.019713,0.068878,-0.02,0,150.0,10.0,1.00,0.500,0.300,3.00
6.8812,0.016922,-0.020137,0.068771,-0.02,0,150.0,10.0,1.00,0.500,0.300,3.00
6.8862,0.016937,-0.020528,0.068662,-0.02,0,150.0,10.0,1.00,0.500,0.300,3.00
6.8912,0.016956,-0.020935,0.068555,-0.02,0,150.0,10.0,1.00,0.500,0.300,3.00
6.8965,0.016975,-0.021335,0.068451,-0.02,0,150.0,10.0,1.00,0.500,0.300,3.00
6.9015,0.016982,-0.021734,0.068358,-0.02,0,150.0,10.0,1.00,0.500,0.300,3.00
6.9065,0.016985,-0.022141,0.068261,-0.02,0,150.0,10.0,1.00,0.500,0.300,3.00
6.9115,0.016994,-0.022538,0.068156,-0.02,0,150.0,10.0,1.00,0.500,0.300,3.00
6.9167,0.017027,-0.022959,0.068028,-0.02,0,150.0,10.0,1.00,0.500,0.300,3.00
6.9217,0.017069,-0.023326,0.067904,-0.02,0,150.0,10.0,1.00,0.500,0.300,3.00
6.9270,0.017107,-0.023690,0.067765,-0.02,0,150.0,10.0,1.00,0.500,0.300,3.00
6.9320,0.017139,-0.024055,0.067639,-0.02,0,150.0,10.0,1.00,0.500,0.300,3.00
6.9370,0.017180,-0.024396,0.067504,-0.02,0,150.0,10.0,1.00,0.500,0.300,3.00
6.9420,0.017202,-0.024768,0.067379,-0.02,0,150.0,10.0,1.00,0.500,0.300,3.00
6.9473,0.017221,-0.025138,0.067248,-0.02,0,150.0,10.0,1.00,0.500,0.300,3.00
6.9523,0.017234,-0.025495,0.067140,-0.02,0,150.0,10.0,1.00,0.500,0.300,3.00
6.9572,0.017243,-0.025844,0.067042,-0.02,0,150.0,10.0,1.00,0.500,0.300,3.00
6.9622,0.017254,-0.026209,0.066938,-0.02,0,150.0,10.0,1.00,0.500,0.300,3.00
6.9675,0.017278,-0.026557,0.066823,-0.02,0,150.0,10.0,1.00,0.500,0.300,3.00
6.9725,0.017295,-0.026913,0.066718,-0.02,0,150.0,10.0,1.00,0.500,0.300,3.00
6.9777,0.017313,-0.027278,0.066622,-0.02,0,150.0,10.0,1.00,0.500,0.300,3.00
6.9827,0.017331,-0.027619,0.066516,-0.02,0,150.0,10.0,1.00,0.500,0.300,3.00
6.9877,0.017360,-0.027959,0.066400,-0.02,0,150.0,10.0,1.00,0.500,0.300,3.00
6.9930,0.017378,-0.028327,0.066270,-0.02,0,150.0,10.0,1.00,0.500,0.300,3.00
6.9979,0.017389,-0.028687,0.066142,-0.02,0,150.0,10.0,1.00,0.500,0.300,3.00
7.0030,0.017390,-0.029052,0.066009,-0.02,0,150.0,10.0,1.00,0.500,0.300,3.00
7.0082,0.017391,-0.029449,0.065877,-0.02,0,150.0,10.0,1.00,0.500,0.300,3.00
7.0132,0.017417,-0.029785,0.065742,-0.02,0,150.0,10.0,1.00,0.500,0.300,3.00
7.0182,0.017444,-0.030144,0.065605,-0.02,0,150.0,10.0,1.00,0.500,0.300,3.00
7.0235,0.017465,-0.030512,0.065483,-0.02,0,150.0,10.0,1.00,0.500,0.300,3.00
7.0285,0.017496,-0.030862,0.065337,-0.02,0,150.0,10.0,1.00,0.500,0.300,3.00
7.0335,0.017526,-0.031197,0.065203,-0.02,0,150.0,10.0,1.00,0.500,0.300,3.00
7.0387,0.017553,-0.031554,0.065053,-0.02,0,150.0,10.0,1.00,0.500,0.300,3.00
7.0437,0.017569,-0.031911,0.064921,-0.02,0,150.0,10.0,1.00,0.500,0.300,3.00
7.0490,0.017571,-0.032303,0.064772,-0.02,0,150.0,10.0,1.00,0.500,0.300,3.00
7.0540,0.017581,-0.032671,0.064614,-0.02,0,150.0,10.0,1.00,0.500,0.300,3.00
7.0590,0.017594,-0.033023,0.064456,-0.02,0,150.0,10.0,1.00,0.500,0.300,3.00
7.0640,0.017585,-0.033377,0.064326,-0.02,0,150.0,10.0,1.00,0.500,0.300,3.00
7.0693,0.017568,-0.033743,0.064183,-0.02,0,150.0,10.0,1.00,0.500,0.300,3.00
7.0742,0.017553,-0.034107,0.064027,-0.02,0,150.0,10.0,1.00,0.500,0.300,3.00
7.0792,0.017539,-0.034454,0.063865,-0.02,0,150.0,10.0,1.00,0.500,0.300,3.00
7.0845,0.017523,-0.034809,0.063705,-0.02,0,150.0,10.0,1.00,0.500,0.300,3.00
7.0895,0.017515,-0.035125,0.063542,-0.02,0,150.0,10.0,1.00,0.500,0.300,3.00
7.0945,0.017497,-0.035448,0.063381,-0.02,0,150.0,10.0,1.00,0.500,0.300,3.00
7.0998,0.017494,-0.035805,0.063183,-0.02,0,150.0,10.0,1.00,0.500,0.300,3.00
7.1047,0.017495,-0.036139,0.062981,-0.02,0,150.0,10.0,1.00,0.500,0.300,3.00
7.1097,0.017483,-0.036467,0.062806,-0.02,0,150.0,10.0,1.00,0.500,0.300,3.00
7.1149,0.017465,-0.036813,0.062608,-0.02,0,150.0,10.0,1.00,0.500,0.300,3.00
7.1200,0.017440,-0.037165,0.062400,-0.02,0,150.0,10.0,1.00,0.500,0.300,3.00
7.1250,0.017408,-0.037501,0.062202,-0.02,0,150.0,10.0,1.00,0.500,0.300,3.00
7.1303,0.017370,-0.037838,0.062017,-0.02,0,150.0,10.0,1.00,0.500,0.300,3.00
7.1352,0.017346,-0.038130,0.061838,-0.02,0,150.0,10.0,1.00,0.500,0.300,3.00
7.1403,0.017295,-0.038421,0.061667,-0.02,0,150.0,10.0,1.00,0.500,0.300,3.00
7.1455,0.017268,-0.038730,0.061453,-0.02,0,150.0,10.0,1.00,0.500,0.300,3.00
7.1505,0.017244,-0.039010,0.061251,-0.02,0,150.0,10.0,1.00,0.500,0.300,3.00
7.1558,0.017210,-0.039310,0.061038,-0.02,0,150.0,10.0,1.00,0.500,0.300,3.00
7.1607,0.017156,-0.039617,0.060839,-0.02,0,150.0,10.0,1.00,0.500,0.300,3.00
7.1660,0.017103,-0.039958,0.060614,-0.02,0,150.0,10.0,1.00,0.500,0.300,3.00
7.1710,0.017049,-0.040269,0.060406,-0.02,0,150.0,10.0,1.00,0.500,0.300,3.00
7.1760,0.016998,-0.040566,0.060197,-0.02,0,150.0,10.0,1.00,0.500,0.300,3.00
7.1810,0.016928,-0.040883,0.059997,-0.02,0,150.0,10.0,1.00,0.500,0.300,3.00
7.1862,0.016858,-0.041197,0.059777,-0.02,0,150.0,10.0,1.00,0.500,0.300,3.00
7.1913,0.016798,-0.041477,0.059579,-0.02,0,150.0,10.0,1.00,0.500,0.300,3.00
7.1962,0.016735,-0.041755,0.059374,-0.02,0,150.0,10.0,1.00,0.500,0.300,3.00
7.2015,0.016674,-0.042058,0.059140,-0.02,0,150.0,10.0,1.00,0.500,0.300,3.00
7.2065,0.016615,-0.042340,0.058913,-0.02,0,150.0,10.0,1.00,0.500,0.300,3.00
7.2115,0.016552,-0.042622,0.058699,-0.02,0,150.0,10.0,1.00,0.500,0.300,3.00
7.2165,0.016480,-0.042903,0.058484,-0.02,0,150.0,10.0,1.00,0.500,0.300,3.00
7.2217,0.016397,-0.043188,0.058264,-0.02,0,150.0,10.0,1.00,0.500,0.300,3.00
7.2267,0.016324,-0.043439,0.058066,-0.02,0,150.0,10.0,1.00,0.500,0.300,3.00
7.2320,0.016262,-0.043682,0.057853,-0.02,0,150.0,10.0,1.00,0.500,0.300,3.00
7.2370,0.016195,-0.043920,0.057661,-0.02,0,150.0,10.0,1.00,0.500,0.300,3.00
7.2420,0.016127,-0.044134,0.057471,-0.02,0,150.0,10.0,1.00,0.500,0.300,3.00
7.2473,0.016061,-0.044355,0.057272,-0.02,0,150.0,10.0,1.00,0.500,0.300,3.00
7.2522,0.016005,-0.044556,0.057083,-0.02,0,150.0,10.0,1.00,0.500,0.300,3.00
7.2572,0.015940,-0.044755,0.056892,-0.02,0,150.0,10.0,1.00,0.500,0.300,3.00
7.2622,0.015874,-0.044966,0.056689,-0.02,0,150.0,10.0,1.00,0.500,0.300,3.00
7.2675,0.015803,-0.045183,0.056483,-0.02,0,150.0,10.0,1.00,0.500,0.300,3.00
7.2725,0.015746,-0.045374,0.056290,-0.02,0,150.0,10.0,1.00,0.500,0.300,3.00
7.2775,0.015693,-0.045550,0.056097,-0.02,0,150.0,10.0,1.00,0.500,0.300,3.00
7.2827,0.015624,-0.045745,0.055898,-0.02,0,150.0,10.0,1.00,0.500,0.300,3.00
7.2878,0.015560,-0.045913,0.055712,-0.02,0,150.0,10.0,1.00,0.500,0.300,3.00
7.2930,0.015506,-0.046074,0.055523,-0.02,0,150.0,10.0,1.00,0.500,0.300,3.00
7.2980,0.015452,-0.046222,0.055347,-0.02,0,150.0,10.0,1.00,0.500,0.300,3.00
7.3030,0.015402,-0.046377,0.055169,-0.02,0,150.0,10.0,1.00,0.500,0.300,3.00
7.3083,0.015343,-0.046543,0.054977,-0.02,0,150.0,10.0,1.00,0.500,0.300,3.00
7.3132,0.015289,-0.046719,0.054790,-0.02,0,150.0,10.0,1.00,0.500,0.300,3.00
7.3182,0.015229,-0.046879,0.054614,-0.02,0,150.0,10.0,1.00,0.500,0.300,3.00
7.3235,0.015176,-0.047042,0.054439,-0.02,0,150.0,10.0,1.00,0.500,0.300,3.00
7.3285,0.015118,-0.047189,0.054275,-0.02,0,150.0,10.0,1.00,0.500,0.300,3.00
7.3335,0.015076,-0.047310,0.054112,-0.02,0,150.0,10.0,1.00,0.500,0.300,3.00
7.3385,0.015024,-0.047445,0.053954,-0.02,0,150.0,10.0,1.00,0.500,0.300,3.00
7.3437,0.014974,-0.047577,0.053784,-0.02,0,150.0,10.0,1.00,0.500,0.300,3.00
7.3487,0.014931,-0.047705,0.053624,-0.02,0,150.0,10.0,1.00,0.500,0.300,3.00
7.3540,0.014895,-0.047845,0.053441,-0.02,0,150.0,10.0,1.00,0.500,0.300,3.00
7.3590,0.014858,-0.047993,0.053262,-0.02,0,150.0,10.0,1.00,0.500,0.300,3.00
7.3640,0.014804,-0.048159,0.053078,-0.02,0,150.0,10.0,1.00,0.500,0.300,3.00
7.3697,0.014729,-0.048368,0.052865,-0.02,0,150.0,10.0,1.00,0.500,0.300,3.00
7.3742,0.014674,-0.048537,0.052701,-0.02,0,150.0,10.0,1.00,0.500,0.300,3.00
7.3793,0.014604,-0.048722,0.052520,-0.02,0,150.0,10.0,1.00,0.500,0.300,3.00
7.3842,0.014534,-0.048920,0.052334,-0.02,0,150.0,10.0,1.00,0.500,0.300,3.00
7.3895,0.014460,-0.049129,0.052128,-0.02,0,150.0,10.0,1.00,0.500,0.300,3.00
7.3945,0.014393,-0.049317,0.051926,-0.02,0,150.0,10.0,1.00,0.500,0.300,3.00
7.3995,0.014330,-0.049499,0.051726,-0.02,0,150.0,10.0,1.00,0.500,0.300,3.00
7.4048,0.014253,-0.049696,0.051509,-0.02,0,150.0,10.0,1.00,0.500,0.300,3.00
7.4097,0.014185,-0.049879,0.051286,-0.02,0,150.0,10.0,1.00,0.500,0.300,3.00
7.4150,0.014108,-0.050065,0.051045,-0.02,0,150.0,10.0,1.00,0.500,0.300,3.00
7.4200,0.014055,-0.050219,0.050815,-0.02,0,150.0,10.0,1.00,0.500,0.300,3.00
7.4250,0.014008,-0.050370,0.050558,-0.02,0,150.0,10.0,1.00,0.500,0.300,3.00
7.4300,0.013962,-0.050518,0.050289,-0.02,0,150.0,10.0,1.00,0.500,0.300,3.00
7.4352,0.013904,-0.050670,0.050015,-0.02,0,150.0,10.0,1.00,0.500,0.300,3.00
7.4402,0.013864,-0.050782,0.049746,-0.02,0,150.0,10.0,1.00,0.500,0.300,3.00
7.4452,0.013823,-0.050907,0.049471,-0.02,0,150.0,10.0,1.00,0.500,0.300,3.00
7.4505,0.013784,-0.051030,0.049184,-0.02,0,150.0,10.0,1.00,0.500,0.300,3.00
7.4555,0.013741,-0.051131,0.048903,-0.02,0,150.0,10.0,1.00,0.500,0.300,3.00
7.4605,0.013704,-0.051210,0.048617,-0.02,0,150.0,10.0,1.00,0.500,0.300,3.00
7.4657,0.013646,-0.051305,0.048319,-0.02,0,150.0,10.0,1.00,0.500,0.300,3.00
7.4707,0.013613,-0.051380,0.048006,-0.02,0,150.0,10.0,1.00,0.500,0.300,3.00
7.4760,0.013589,-0.051451,0.047661,-0.02,0,150.0,10.0,1.00,0.500,0.300,3.00
7.4810,0.013580,-0.051484,0.047335,-0.02,0,150.0,10.0,1.00,0.500,0.300,3.00
7.4860,0.013563,-0.051529,0.047001,-0.02,0,150.0,10.0,1.00,0.500,0.300,3.00
7.4912,0.013538,-0.051611,0.046637,-0.02,0,150.0,10.0,1.00,0.500,0.300,3.00
7.4962,0.013507,-0.051669,0.046272,-0.02,0,150.0,10.0,1.00,0.500,0.300,3.00
7.5012,0.013478,-0.051707,0.045915,-0.02,0,150.0,10.0,1.00,0.500,0.300,3.00
7.5062,0.013432,-0.051735,0.045563,-0.02,0,150.0,10.0,1.00,0.500,0.300,3.00
7.5115,0.013392,-0.051754,0.045151,-0.02,0,150.0,10.0,1.00,0.500,0.300,3.00
7.5165,0.013340,-0.051802,0.044761,-0.02,0,150.0,10.0,1.00,0.500,0.300,3.00
7.5218,0.013262,-0.051866,0.044364,-0.02,0,150.0,10.0,1.00,0.500,0.300,3.00
7.5267,0.013187,-0.051937,0.043966,-0.02,0,150.0,10.0,1.00,0.500,0.300,3.00
7.5317,0.013097,-0.052018,0.043566,-0.02,0,150.0,10.0,1.00,0.500,0.300,3.00
7.5370,0.013015,-0.052082,0.043139,-0.02,0,150.0,10.0,1.00,0.500,0.300,3.00
7.5420,0.012923,-0.052168,0.042729,-0.02,0,150.0,10.0,1.00,0.500,0.300,3.00
7.5470,0.012803,-0.052284,0.042322,-0.02,0,150.0,10.0,1.00,0.500,0.300,3.00
7.5523,0.012700,-0.052381,0.041876,-0.02,0,150.0,10.0,1.00,0.500,0.300,3.00
7.5572,0.012611,-0.052477,0.041441,-0.02,0,150.0,10.0,1.00,0.500,0.300,3.00
7.5622,0.012505,-0.052590,0.041009,-0.02,0,150.0,10.0,1.00,0.500,0.300,3.00
7.5672,0.012388,-0.052716,0.040584,-0.02,0,150.0,10.0,1.00,0.500,0.300,3.00
7.5725,0.012271,-0.052873,0.040096,-0.02,0,150.0,10.0,1.00,0.500,0.300,3.00
7.5775,0.012175,-0.053015,0.039657,-0.02,0,150.0,10.0,1.00,0.500,0.300,3.00
7.5825,0.012069,-0.053150,0.039195,-0.02,0,150.0,10.0,1.00,0.500,0.300,3.00
7.5877,0.011962,-0.053320,0.038691,-0.02,0,150.0,10.0,1.00,0.500,0.300,3.00
7.5927,0.011882,-0.053458,0.038213,-0.02,0,150.0,10.0,1.00,0.500,0.300,3.00
7.5980,0.011776,-0.053620,0.037711,-0.02,0,150.0,10.0,1.00,0.500,0.300,3.00
7.6030,0.011693,-0.053773,0.037249,-0.02,0,150.0,10.0,1.00,0.500,0.300,3.00
7.6080,0.011581,-0.053954,0.036790,-0.02,0,150.0,10.0,1.00,0.500,0.300,3.00
7.6130,0.011442,-0.054143,0.036334,-0.02,0,150.0,10.0,1.00,0.500,0.300,3.00
7.6182,0.011343,-0.054300,0.035844,-0.02,0,150.0,10.0,1.00,0.500,0.300,3.00
7.6232,0.011230,-0.054472,0.035387,-0.02,0,150.0,10.0,1.00,0.500,0.300,3.00
7.6282,0.011122,-0.054654,0.034936,-0.02,0,150.0,10.0,1.00,0.500,0.300,3.00
7.6335,0.011014,-0.054838,0.034462,-0.02,0,150.0,10.0,1.00,0.500,0.300,3.00
7.6385,0.010902,-0.055025,0.034015,-0.02,0,150.0,10.0,1.00,0.500,0.300,3.00
7.6435,0.010819,-0.055196,0.033553,-0.02,0,150.0,10.0,1.00,0.500,0.300,3.00
7.6488,0.010729,-0.055389,0.033074,-0.02,0,150.0,10.0,1.00,0.500,0.300,3.00
7.6538,0.010638,-0.055571,0.032613,-0.02,0,150.0,10.0,1.00,0.500,0.300,3.00
7.6587,0.010564,-0.055721,0.032146,-0.02,0,150.0,10.0,1.00,0.500,0.300,3.00
7.6640,0.010466,-0.055891,0.031672,-0.02,0,150.0,10.0,1.00,0.500,0.300,3.00
7.6690,0.010387,-0.056060,0.031205,-0.02,0,150.0,10.0,1.00,0.500,0.300,3.00
7.6743,0.010298,-0.056220,0.030745,-0.02,0,150.0,10.0,1.00,0.500,0.300,3.00
7.6792,0.010212,-0.056371,0.030310,-0.02,0,150.0,10.0,1.00,0.500,0.300,3.00
7.6843,0.010123,-0.056524,0.029890,-0.02,0,150.0,10.0,1.00,0.500,0.300,3.00
7.6895,0.010044,-0.056637,0.029472,-0.02,0,150.0,10.0,1.00,0.500,0.300,3.00
7.6945,0.009972,-0.056760,0.029059,-0.02,0,150.0,10.0,1.00,0.500,0.300,3.00
7.6997,0.009893,-0.056858,0.028632,-0.02,0,150.0,10.0,1.00,0.500,0.300,3.00
7.7047,0.009822,-0.056896,0.028251,-0.02,0,150.0,10.0,1.00,0.500,0.300,3.00
7.7100,0.009757,-0.056939,0.027848,-0.02,0,150.0,10.0,1.00,0.500,0.300,3.00
7.7150,0.009692,-0.056973,0.027477,-0.02,0,150.0,10.0,1.00,0.500,0.300,3.00
7.7200,0.009631,-0.056997,0.027119,-0.02,0,150.0,10.0,1.00,0.500,0.300,3.00
7.7253,0.009594,-0.057014,0.026755,-0.02,0,150.0,10.0,1.00,0.500,0.300,3.00
7.7303,0.009579,-0.057016,0.026388,-0.02,0,150.0,10.0,1.00,0.500,0.300,3.00
7.7352,0.009552,-0.057002,0.026031,-0.02,0,150.0,10.0,1.00,0.500,0.300,3.00
7.7403,0.009539,-0.056961,0.025651,-0.02,0,150.0,10.0,1.00,0.500,0.300,3.00
7.7455,0.009519,-0.056937,0.025262,-0.02,0,150.0,10.0,1.00,0.500,0.300,3.00
7.7505,0.009490,-0.056913,0.024923,-0.02,0,150.0,10.0,1.00,0.500,0.300,3.00
7.7555,0.009455,-0.056890,0.024604,-0.02,0,150.0,10.0,1.00,0.500,0.300,3.00
7.7608,0.009421,-0.056892,0.024269,-0.02,0,150.0,10.0,1.00,0.500,0.300,3.00
7.7657,0.009391,-0.056929,0.023966,-0.02,0,150.0,10.0,1.00,0.500,0.300,3.00
7.7710,0.009329,-0.056992,0.023674,-0.02,0,150.0,10.0,1.00,0.500,0.300,3.00
7.7760,0.009275,-0.057054,0.023406,-0.02,0,150.0,10.0,1.00,0.500,0.300,3.00
7.7810,0.009214,-0.057138,0.023159,-0.02,0,150.0,10.0,1.00,0.500,0.300,3.00
7.7863,0.009147,-0.057235,0.022912,-0.02,0,150.0,10.0,1.00,0.500,0.300,3.00
7.7912,0.009083,-0.057335,0.022687,-0.02,0,150.0,10.0,1.00,0.500,0.300,3.00
7.7962,0.009019,-0.057436,0.022462,-0.02,0,150.0,10.0,1.00,0.500,0.300,3.00
7.8012,0.008987,-0.057540,0.022200,-0.02,0,150.0,10.0,1.00,0.500,0.300,3.00
7.8065,0.008979,-0.057639,0.021909,-0.02,0,150.0,10.0,1.00,0.500,0.300,3.00
7.8115,0.008981,-0.057717,0.021628,-0.02,0,150.0,10.0,1.00,0.500,0.300,3.00
7.8168,0.008979,-0.057821,0.021314,-0.02,0,150.0,10.0,1.00,0.500,0.300,3.00
7.8218,0.008965,-0.057918,0.021015,-0.02,0,150.0,10.0,1.00,0.500,0.300,3.00
7.8267,0.008921,-0.058047,0.020725,-0.02,0,150.0,10.0,1.00,0.500,0.300,3.00
7.8320,0.008887,-0.058197,0.020415,-0.02,0,150.0,10.0,1.00,0.500,0.300,3.00
7.8370,0.008826,-0.058357,0.020138,-0.02,0,150.0,10.0,1.00,0.500,0.300,3.00
7.8423,0.008743,-0.058531,0.019866,-0.02,0,150.0,10.0,1.00,0.500,0.300,3.00
7.8473,0.008662,-0.058715,0.019605,-0.02,0,150.0,10.0,1.00,0.500,0.300,3.00
7.8523,0.008560,-0.058907,0.019358,-0.02,0,150.0,10.0,1.00,0.500,0.300,3.00
7.8572,0.008471,-0.059084,0.019120,-0.02,0,150.0,10.0,1.00,0.500,0.300,3.00
7.8622,0.008399,-0.059242,0.018857,-0.02,0,150.0,10.0,1.00,0.500,0.300,3.00
7.8675,0.008331,-0.059422,0.018557,-0.02,0,150.0,10.0,1.00,0.500,0.300,3.00
7.8725,0.008262,-0.059576,0.018273,-0.02,0,150.0,10.0,1.00,0.500,0.300,3.00
7.8777,0.008225,-0.059717,0.017965,-0.02,0,150.0,10.0,1.00,0.500,0.300,3.00
7.8827,0.008181,-0.059853,0.017680,-0.02,0,150.0,10.0,1.00,0.500,0.300,3.00
7.8880,0.008126,-0.060012,0.017398,-0.02,0,150.0,10.0,1.00,0.500,0.300,3.00
7.8930,0.008089,-0.060176,0.017111,-0.02,0,150.0,10.0,1.00,0.500,0.300,3.00
7.8980,0.008036,-0.060344,0.016841,-0.02,0,150.0,10.0,1.00,0.500,0.300,3.00
7.9033,0.007979,-0.060531,0.016570,-0.02,0,150.0,10.0,1.00,0.500,0.300,3.00
7.9082,0.007918,-0.060720,0.016320,-0.02,0,150.0,10.0,1.00,0.500,0.300,3.00
7.9132,0.007849,-0.060911,0.016098,-0.02,0,150.0,10.0,1.00,0.500,0.300,3.00
7.9182,0.007777,-0.061104,0.015896,-0.02,0,150.0,10.0,1.00,0.500,0.300,3.00
7.9235,0.007733,-0.061302,0.015632,-0.02,0,150.0,10.0,1.00,0.500,0.300,3.00
7.9285,0.007691,-0.061486,0.015396,-0.02,0,150.0,10.0,1.00,0.500,0.300,3.00
7.9335,0.007663,-0.061650,0.015141,-0.02,0,150.0,10.0,1.00,0.500,0.300,3.00
7.9387,0.007656,-0.061806,0.014872,-0.02,0,150.0,10.0,1.00,0.500,0.300,3.00
7.9438,0.007637,-0.061956,0.014632,-0.02,0,150.0,10.0,1.00,0.500,0.300,3.00
7.9487,0.007632,-0.062094,0.014377,-0.02,0,150.0,10.0,1.00,0.500,0.300,3.00
7.9540,0.007626,-0.062232,0.014122,-0.02,0,150.0,10.0,1.00,0.500,0.300,3.00
7.9591,0.007615,-0.062360,0.013899,-0.02,0,150.0,10.0,1.00,0.500,0.300,3.00
7.9642,0.007624,-0.062479,0.013662,-0.02,0,150.0,10.0,1.00,0.500,0.300,3.00
7.9693,0.007632,-0.062589,0.013450,-0.02,0,150.0,10.0,1.00,0.500,0.300,3.00
7.9743,0.007642,-0.062693,0.013248,-0.02,0,150.0,10.0,1.00,0.500,0.300,3.00
7.9792,0.007680,-0.062785,0.013028,-0.02,0,150.0,10.0,1.00,0.500,0.300,3.00
7.9845,0.007716,-0.062861,0.012804,-0.02,0,150.0,10.0,1.00,0.500,0.300,3.00
7.9895,0.007759,-0.062931,0.012607,-0.02,0,150.0,10.0,1.00,0.500,0.300,3.00
7.9945,0.007804,-0.062989,0.012415,-0.02,0,150.0,10.0,1.00,0.500,0.300,3.00
7.9997,0.007840,-0.063061,0.012246,-0.02,0,150.0,10.0,1.00,0.500,0.300,3.00
8.0047,0.007869,-0.063124,0.012116,-0.02,0,150.0,10.0,1.00,0.500,0.300,3.00
8.0097,0.007919,-0.063190,0.011960,-0.02,0,150.0,10.0,1.00,0.500,0.300,3.00
8.0150,0.007975,-0.063270,0.011799,-0.02,0,150.0,10.0,1.00,0.500,0.300,3.00
8.0200,0.008039,-0.063344,0.011665,-0.02,0,150.0,10.0,1.00,0.500,0.300,3.00
8.0250,0.008122,-0.063416,0.011520,-0.02,0,150.0,10.0,1.00,0.500,0.300,3.00
8.0303,0.008212,-0.063479,0.011388,-0.02,0,150.0,10.0,1.00,0.500,0.300,3.00
8.0352,0.008294,-0.063533,0.011296,-0.02,0,150.0,10.0,1.00,0.500,0.300,3.00
8.0402,0.008368,-0.063581,0.011234,-0.02,0,150.0,10.0,1.00,0.500,0.300,3.00
8.0452,0.008442,-0.063630,0.011171,-0.02,0,150.0,10.0,1.00,0.500,0.300,3.00
8.0506,0.008503,-0.063693,0.011139,-0.02,0,150.0,10.0,1.00,0.500,0.300,3.00
8.0555,0.008557,-0.063763,0.011124,-0.02,0,150.0,10.0,1.00,0.500,0.300,3.00
8.0605,0.008611,-0.063833,0.011110,-0.02,0,150.0,10.0,1.00,0.500,0.300,3.00
8.0658,0.008684,-0.063915,0.011095,-0.02,0,150.0,10.0,1.00,0.500,0.300,3.00
8.0707,0.008765,-0.063986,0.011071,-0.02,0,150.0,10.0,1.00,0.500,0.300,3.00
8.0758,0.008858,-0.064050,0.011022,-0.02,0,150.0,10.0,1.00,0.500,0.300,3.00
8.0810,0.008965,-0.064086,0.010979,-0.02,0,150.0,10.0,1.00,0.500,0.300,3.00
8.0860,0.009061,-0.064121,0.010956,-0.02,0,150.0,10.0,1.00,0.500,0.300,3.00
8.0910,0.009142,-0.064154,0.010946,-0.02,0,150.0,10.0,1.00,0.500,0.300,3.00
8.0960,0.009218,-0.064201,0.010953,-0.02,0,150.0,10.0,1.00,0.500,0.300,3.00
8.1013,0.009304,-0.064238,0.010965,-0.02,0,150.0,10.0,1.00,0.500,0.300,3.00
8.1062,0.009378,-0.064300,0.010981,-0.02,0,150.0,10.0,1.00,0.500,0.300,3.00
8.1113,0.009451,-0.064395,0.011000,-0.02,0,150.0,10.0,1.00,0.500,0.300,3.00
8.1165,0.009519,-0.064504,0.011034,-0.02,0,150.0,10.0,1.00,0.500,0.300,3.00
8.1215,0.009583,-0.064621,0.011081,-0.02,0,150.0,10.0,1.00,0.500,0.300,3.00
8.1265,0.009649,-0.064755,0.011144,-0.02,0,150.0,10.0,1.00,0.500,0.300,3.00
8.1318,0.009713,-0.064874,0.011205,-0.02,0,150.0,10.0,1.00,0.500,0.300,3.00
8.1367,0.009771,-0.064986,0.011275,-0.02,0,150.0,10.0,1.00,0.500,0.300,3.00
8.1418,0.009829,-0.065091,0.011341,-0.02,0,150.0,10.0,1.00,0.500,0.300,3.00
8.1470,0.009891,-0.065205,0.011418,-0.02,0,150.0,10.0,1.00,0.500,0.300,3.00
8.1520,0.009951,-0.065325,0.011486,-0.02,0,150.0,10.0,1.00,0.500,0.300,3.00
8.1570,0.010017,-0.065444,0.011541,-0.02,0,150.0,10.0,1.00,0.500,0.300,3.00
8.1623,0.010104,-0.065590,0.011597,-0.02,0,150.0,10.0,1.00,0.500,0.300,3.00
8.1672,0.010167,-0.065721,0.011647,-0.02,0,150.0,10.0,1.00,0.500,0.300,3.00
8.1723,0.010245,-0.065833,0.011676,-0.02,0,150.0,10.0,1.00,0.500,0.300,3.00
8.1772,0.010319,-0.065964,0.011704,-0.02,0,150.0,10.0,1.00,0.500,0.300,3.00
8.1825,0.010392,-0.066086,0.011760,-0.02,0,150.0,10.0,1.00,0.500,0.300,3.00
8.1875,0.010454,-0.066204,0.011821,-0.02,0,150.0,10.0,1.00,0.500,0.300,3.00
8.1928,0.010517,-0.066326,0.011897,-0.02,0,150.0,10.0,1.00,0.500,0.300,3.00
8.1977,0.010563,-0.066442,0.011972,-0.02,0,150.0,10.0,1.00,0.500,0.300,3.00
8.2027,0.010603,-0.066568,0.012034,-0.02,0,150.0,10.0,1.00,0.500,0.300,3.00
8.2080,0.010657,-0.066683,0.012050,-0.02,0,150.0,10.0,1.00,0.500,0.300,3.00
8.2130,0.010706,-0.066806,0.012077,-0.02,0,150.0,10.0,1.00,0.500,0.300,3.00
8.2180,0.010758,-0.066918,0.012078,-0.02,0,150.0,10.0,1.00,0.500,0.300,3.00
8.2233,0.010814,-0.067038,0.012076,-0.02,0,150.0,10.0,1.00,0.500,0.300,3.00
8.2282,0.010867,-0.067143,0.012072,-0.02,0,150.0,10.0,1.00,0.500,0.300,3.00
8.2333,0.010913,-0.067245,0.012068,-0.02,0,150.0,10.0,1.00,0.500,0.300,3.00
8.2385,0.010955,-0.067359,0.012058,-0.02,0,150.0,10.0,1.00,0.500,0.300,3.00
8.2436,0.010989,-0.067478,0.012053,-0.02,0,150.0,10.0,1.00,0.500,0.300,3.00
8.2485,0.011012,-0.067606,0.012042,-0.02,0,150.0,10.0,1.00,0.500,0.300,3.00
8.2537,0.011030,-0.067751,0.012016,-0.02,0,150.0,10.0,1.00,0.500,0.300,3.00
8.2587,0.011045,-0.067895,0.011998,-0.02,0,150.0,10.0,1.00,0.500,0.300,3.00
8.2640,0.011066,-0.068058,0.011958,-0.02,0,150.0,10.0,1.00,0.500,0.300,3.00
8.2690,0.011100,-0.068209,0.011903,-0.02,0,150.0,10.0,1.00,0.500,0.300,3.00
8.2740,0.011139,-0.068353,0.011835,-0.02,0,150.0,10.0,1.00,0.500,0.300,3.00
8.2790,0.011179,-0.068482,0.011758,-0.02,0,150.0,10.0,1.00,0.500,0.300,3.00
8.2842,0.011228,-0.068606,0.011677,-0.02,0,150.0,10.0,1.00,0.500,0.300,3.00
8.2892,0.011280,-0.068727,0.011574,-0.02,0,150.0,10.0,1.00,0.500,0.300,3.00
8.2942,0.011324,-0.068846,0.011471,-0.02,0,150.0,10.0,1.00,0.500,0.300,3.00
8.2995,0.011360,-0.068962,0.011366,-0.02,0,150.0,10.0,1.00,0.500,0.300,3.00
8.3045,0.011375,-0.069099,0.011266,-0.02,0,150.0,10.0,1.00,0.500,0.300,3.00
8.3095,0.011386,-0.069255,0.011165,-0.02,0,150.0,10.0,1.00,0.500,0.300,3.00
8.3147,0.011384,-0.069427,0.011063,-0.02,0,150.0,10.0,1.00,0.500,0.300,3.00
8.3198,0.011378,-0.069606,0.010974,-0.02,0,150.0,10.0,1.00,0.500,0.300,3.00
8.3250,0.011396,-0.069763,0.010827,-0.02,0,150.0,10.0,1.00,0.500,0.300,3.00
8.3300,0.011421,-0.069900,0.010674,-0.02,0,150.0,10.0,1.00,0.500,0.300,3.00
8.3350,0.011445,-0.070016,0.010513,-0.02,0,150.0,10.0,1.00,0.500,0.300,3.00
8.3402,0.011489,-0.070116,0.010306,-0.02,0,150.0,10.0,1.00,0.500,0.300,3.00
8.3452,0.011536,-0.070193,0.010116,-0.02,0,150.0,10.0,1.00,0.500,0.300,3.00
8.3503,0.011578,-0.070255,0.009931,-0.02,0,150.0,10.0,1.00,0.500,0.300,3.00
8.3553,0.011628,-0.070324,0.009728,-0.02,0,150.0,10.0,1.00,0.500,0.300,3.00
8.3605,0.011673,-0.070397,0.009523,-0.02,0,150.0,10.0,1.00,0.500,0.300,3.00
8.3655,0.011702,-0.070478,0.009351,-0.02,0,150.0,10.0,1.00,0.500,0.300,3.00
8.3707,0.011725,-0.070571,0.009181,-0.02,0,150.0,10.0,1.00,0.500,0.300,3.00
8.3758,0.011731,-0.070665,0.009046,-0.02,0,150.0,10.0,1.00,0.500,0.300,3.00
8.3807,0.011737,-0.070739,0.008919,-0.02,0,150.0,10.0,1.00,0.500,0.300,3.00
8.3860,0.011742,-0.070809,0.008808,-0.02,0,150.0,10.0,1.00,0.500,0.300,3.00
8.3910,0.011767,-0.070857,0.008646,-0.02,0,150.0,10.0,1.00,0.500,0.300,3.00
8.3960,0.011795,-0.070893,0.008490,-0.02,0,150.0,10.0,1.00,0.500,0.300,3.00
8.4012,0.011831,-0.070921,0.008314,-0.02,0,150.0,10.0,1.00,0.500,0.300,3.00
8.4062,0.011885,-0.070932,0.008124,-0.02,0,150.0,10.0,1.00,0.500,0.300,3.00
8.4115,0.011951,-0.070935,0.007907,-0.02,0,150.0,10.0,1.00,0.500,0.300,3.00
8.4165,0.012002,-0.070951,0.007707,-0.02,0,150.0,10.0,1.00,0.500,0.300,3.00
8.4218,0.012053,-0.070973,0.007511,-0.02,0,150.0,10.0,1.00,0.500,0.300,3.00
8.4268,0.012107,-0.070989,0.007303,-0.02,0,150.0,10.0,1.00,0.500,0.300,3.00
8.4317,0.012152,-0.071018,0.007120,-0.02,0,150.0,10.0,1.00,0.500,0.300,3.00
8.4370,0.012193,-0.071045,0.006928,-0.02,0,150.0,10.0,1.00,0.500,0.300,3.00
8.4420,0.012225,-0.071076,0.006773,-0.02,0,150.0,10.0,1.00,0.500,0.300,3.00
8.4470,0.012253,-0.071106,0.006625,-0.02,0,150.0,10.0,1.00,0.500,0.300,3.00
8.4523,0.012268,-0.071138,0.006505,-0.02,0,150.0,10.0,1.00,0.500,0.300,3.00
8.4572,0.012283,-0.071158,0.006398,-0.02,0,150.0,10.0,1.00,0.500,0.300,3.00
8.4622,0.012297,-0.071185,0.006296,-0.02,0,150.0,10.0,1.00,0.500,0.300,3.00
8.4673,0.012324,-0.071200,0.006176,-0.02,0,150.0,10.0,1.00,0.500,0.300,3.00
8.4725,0.012358,-0.071207,0.006038,-0.02,0,150.0,10.0,1.00,0.500,0.300,3.00
8.4775,0.012404,-0.071205,0.005904,-0.02,0,150.0,10.0,1.00,0.500,0.300,3.00
8.4827,0.012450,-0.071196,0.005765,-0.02,0,150.0,10.0,1.00,0.500,0.300,3.00
8.4878,0.012503,-0.071174,0.005624,-0.02,0,150.0,10.0,1.00,0.500,0.300,3.00
8.4927,0.012571,-0.071148,0.005464,-0.02,0,150.0,10.0,1.00,0.500,0.300,3.00
8.4980,0.012630,-0.071119,0.005303,-0.02,0,150.0,10.0,1.00,0.500,0.300,3.00
8.5030,0.012684,-0.071090,0.005156,-0.02,0,150.0,10.0,1.00,0.500,0.300,3.00
8.5080,0.012736,-0.071058,0.005027,-0.02,0,150.0,10.0,1.00,0.500,0.300,3.00
8.5133,0.012785,-0.071037,0.004892,-0.02,0,150.0,10.0,1.00,0.500,0.300,3.00
8.5182,0.012828,-0.071030,0.004775,-0.02,0,150.0,10.0,1.00,0.500,0.300,3.00
8.5232,0.012876,-0.071026,0.004665,-0.02,0,150.0,10.0,1.00,0.500,0.300,3.00
8.5282,0.012906,-0.071028,0.004582,-0.02,0,150.0,10.0,1.00,0.500,0.300,3.00
8.5335,0.012930,-0.071034,0.004497,-0.02,0,150.0,10.0,1.00,0.500,0.300,3.00
8.5385,0.012956,-0.071036,0.004421,-0.02,0,150.0,10.0,1.00,0.500,0.300,3.00
8.5435,0.012978,-0.071036,0.004337,-0.02,0,150.0,10.0,1.00,0.500,0.300,3.00
8.5487,0.013002,-0.071031,0.004264,-0.02,0,150.0,10.0,1.00,0.500,0.300,3.00
8.5538,0.013024,-0.071023,0.004175,-0.02,0,150.0,10.0,1.00,0.500,0.300,3.00
8.5590,0.013047,-0.071014,0.004086,-0.02,0,150.0,10.0,1.00,0.500,0.300,3.00
8.5640,0.013069,-0.071006,0.003997,-0.02,0,150.0,10.0,1.00,0.500,0.300,3.00
8.5690,0.013084,-0.070996,0.003908,-0.02,0,150.0,10.0,1.00,0.500,0.300,3.00
8.5743,0.013098,-0.070975,0.003799,-0.02,0,150.0,10.0,1.00,0.500,0.300,3.00
8.5792,0.013097,-0.070971,0.003696,-0.02,0,150.0,10.0,1.00,0.500,0.300,3.00
8.5843,0.013098,-0.070953,0.003584,-0.02,0,150.0,10.0,1.00,0.500,0.300,3.00
8.5895,0.013095,-0.070935,0.003446,-0.02,0,150.0,10.0,1.00,0.500,0.300,3.00
8.5945,0.013094,-0.070914,0.003319,-0.02,0,150.0,10.0,1.00,0.500,0.300,3.00
8.5995,0.013081,-0.070901,0.003186,-0.02,0,150.0,10.0,1.00,0.500,0.300,3.00
8.6048,0.013064,-0.070894,0.003050,-0.02,0,150.0,10.0,1.00,0.500,0.300,3.00
8.6097,0.013043,-0.070886,0.002922,-0.02,0,150.0,10.0,1.00,0.500,0.300,3.00
8.6147,0.013013,-0.070883,0.002798,-0.02,0,150.0,10.0,1.00,0.500,0.300,3.00
8.6200,0.012978,-0.070877,0.002666,-0.02,0,150.0,10.0,1.00,0.500,0.300,3.00
8.6250,0.012932,-0.070881,0.002530,-0.02,0,150.0,10.0,1.00,0.500,0.300,3.00
8.6300,0.012896,-0.070872,0.002383,-0.02,0,150.0,10.0,1.00,0.500,0.300,3.00
8.6353,0.012843,-0.070869,0.002224,-0.02,0,150.0,10.0,1.00,0.500,0.300,3.00
8.6403,0.012786,-0.070864,0.002056,-0.02,0,150.0,10.0,1.00,0.500,0.300,3.00
8.6452,0.012722,-0.070853,0.001866,-0.02,0,150.0,10.0,1.00,0.500,0.300,3.00
8.6502,0.012655,-0.070853,0.001671,-0.02,0,150.0,10.0,1.00,0.500,0.300,3.00
8.6555,0.012583,-0.070844,0.001463,-0.02,0,150.0,10.0,1.00,0.500,0.300,3.00
8.6605,0.012511,-0.070824,0.001235,-0.02,0,150.0,10.0,1.00,0.500,0.300,3.00
8.6655,0.012425,-0.070798,0.000999,-0.02,0,150.0,10.0,1.00,0.500,0.300,3.00
8.6707,0.012322,-0.070797,0.000742,-0.02,0,150.0,10.0,1.00,0.500,0.300,3.00
8.6758,0.012230,-0.070779,0.000486,-0.02,0,150.0,10.0,1.00,0.500,0.300,3.00
8.6810,0.012119,-0.070779,0.000212,-0.02,0,150.0,10.0,1.00,0.500,0.300,3.00
8.6860,0.012014,-0.070777,-0.000045,-0.02,0,150.0,10.0,1.00,0.500,0.300,3.00
8.6910,0.011901,-0.070773,-0.000301,-0.02,0,150.0,10.0,1.00,0.500,0.300,3.00
8.6962,0.011779,-0.070784,-0.000565,-0.02,0,150.0,10.0,1.00,0.500,0.300,3.00
8.7012,0.011658,-0.070801,-0.000832,-0.02,0,150.0,10.0,1.00,0.500,0.300,3.00
8.7062,0.011521,-0.070828,-0.001129,-0.02,0,150.0,10.0,1.00,0.500,0.300,3.00
8.7113,0.011389,-0.070843,-0.001428,-0.02,0,150.0,10.0,1.00,0.500,0.300,3.00
8.7166,0.011254,-0.070862,-0.001737,-0.02,0,150.0,10.0,1.00,0.500,0.300,3.00
8.7215,0.011135,-0.070874,-0.002034,-0.02,0,150.0,10.0,1.00,0.500,0.300,3.00
8.7265,0.011012,-0.070894,-0.002358,-0.02,0,150.0,10.0,1.00,0.500,0.300,3.00
8.7318,0.010884,-0.070911,-0.002730,-0.02,0,150.0,10.0,1.00,0.500,0.300,3.00
8.7368,0.010765,-0.070933,-0.003046,-0.02,0,150.0,10.0,1.00,0.500,0.300,3.00
8.7420,0.010632,-0.070952,-0.003388,-0.02,0,150.0,10.0,1.00,0.500,0.300,3.00
8.7470,0.010488,-0.071001,-0.003726,-0.02,0,150.0,10.0,1.00,0.500,0.300,3.00
8.7520,0.010348,-0.071042,-0.004045,-0.02,0,150.0,10.0,1.00,0.500,0.300,3.00
8.7570,0.010219,-0.071081,-0.004354,-0.02,0,150.0,10.0,1.00,0.500,0.300,3.00
8.7623,0.010077,-0.071142,-0.004657,-0.02,0,150.0,10.0,1.00,0.500,0.300,3.00
8.7672,0.009937,-0.071224,-0.004960,-0.02,0,150.0,10.0,1.00,0.500,0.300,3.00
8.7722,0.009806,-0.071315,-0.005266,-0.02,0,150.0,10.0,1.00,0.500,0.300,3.00
8.7773,0.009672,-0.071409,-0.005541,-0.02,0,150.0,10.0,1.00,0.500,0.300,3.00
8.7825,0.009561,-0.071503,-0.005820,-0.02,0,150.0,10.0,1.00,0.500,0.300,3.00
8.7875,0.009472,-0.071587,-0.006085,-0.02,0,150.0,10.0,1.00,0.500,0.300,3.00
8.7925,0.009385,-0.071667,-0.006340,-0.02,0,150.0,10.0,1.00,0.500,0.300,3.00
8.7978,0.009312,-0.071738,-0.006597,-0.02,0,150.0,10.0,1.00,0.500,0.300,3.00
8.8027,0.009254,-0.071818,-0.006831,-0.02,0,150.0,10.0,1.00,0.500,0.300,3.00
8.8080,0.009212,-0.071889,-0.007076,-0.02,0,150.0,10.0,1.00,0.500,0.300,3.00
8.8130,0.009168,-0.071960,-0.007273,-0.02,0,150.0,10.0,1.00,0.500,0.300,3.00
8.8180,0.009148,-0.072028,-0.007457,-0.02,0,150.0,10.0,1.00,0.500,0.300,3.00
8.8232,0.009099,-0.072120,-0.007631,-0.02,0,150.0,10.0,1.00,0.500,0.300,3.00
8.8282,0.009059,-0.072200,-0.007774,-0.02,0,150.0,10.0,1.00,0.500,0.300,3.00
8.8332,0.009008,-0.072293,-0.007900,-0.02,0,150.0,10.0,1.00,0.500,0.300,3.00
8.8382,0.008951,-0.072386,-0.008010,-0.02,0,150.0,10.0,1.00,0.500,0.300,3.00
8.8435,0.008886,-0.072480,-0.008138,-0.02,0,150.0,10.0,1.00,0.500,0.300,3.00
8.8485,0.008838,-0.072561,-0.008259,-0.02,0,150.0,10.0,1.00,0.500,0.300,3.00
8.8536,0.008794,-0.072631,-0.008374,-0.02,0,150.0,10.0,1.00,0.500,0.300,3.00
8.8588,0.008732,-0.072714,-0.008497,-0.02,0,150.0,10.0,1.00,0.500,0.300,3.00
8.8638,0.008689,-0.072773,-0.008600,-0.02,0,150.0,10.0,1.00,0.500,0.300,3.00
8.8688,0.008649,-0.072825,-0.008716,-0.02,0,150.0,10.0,1.00,0.500,0.300,3.00
8.8740,0.008606,-0.072870,-0.008830,-0.02,0,150.0,10.0,1.00,0.500,0.300,3.00
8.8790,0.008565,-0.072912,-0.008925,-0.02,0,150.0,10.0,1.00,0.500,0.300,3.00
8.8840,0.008527,-0.072950,-0.009011,-0.02,0,150.0,10.0,1.00,0.500,0.300,3.00
8.8892,0.008486,-0.072988,-0.009089,-0.02,0,150.0,10.0,1.00,0.500,0.300,3.00
8.8943,0.008454,-0.073018,-0.009154,-0.02,0,150.0,10.0,1.00,0.500,0.300,3.00
8.8992,0.008418,-0.073049,-0.009205,-0.02,0,150.0,10.0,1.00,0.500,0.300,3.00
8.9043,0.008378,-0.073088,-0.009242,-0.02,0,150.0,10.0,1.00,0.500,0.300,3.00
8.9095,0.008333,-0.073124,-0.009287,-0.02,0,150.0,10.0,1.00,0.500,0.300,3.00
8.9145,0.008299,-0.073158,-0.009321,-0.02,0,150.0,10.0,1.00,0.500,0.300,3.00
8.9195,0.008271,-0.073188,-0.009354,-0.02,0,150.0,10.0,1.00,0.500,0.300,3.00
8.9248,0.008236,-0.073230,-0.009383,-0.02,0,150.0,10.0,1.00,0.500,0.300,3.00
8.9298,0.008208,-0.073260,-0.009416,-0.02,0,150.0,10.0,1.00,0.500,0.300,3.00
8.9350,0.008171,-0.073309,-0.009432,-0.02,0,150.0,10.0,1.00,0.500,0.300,3.00
8.9400,0.008139,-0.073347,-0.009452,-0.02,0,150.0,10.0,1.00,0.500,0.300,3.00
8.9450,0.008097,-0.073397,-0.009453,-0.02,0,150.0,10.0,1.00,0.500,0.300,3.00
8.9503,0.008056,-0.073446,-0.009462,-0.02,0,150.0,10.0,1.00,0.500,0.300,3.00
8.9552,0.008007,-0.073507,-0.009461,-0.02,0,150.0,10.0,1.00,0.500,0.300,3.00
8.9602,0.007955,-0.073575,-0.009446,-0.02,0,150.0,10.0,1.00,0.500,0.300,3.00
8.9653,0.007902,-0.073651,-0.009427,-0.02,0,150.0,10.0,1.00,0.500,0.300,3.00
8.9705,0.007852,-0.073726,-0.009415,-0.02,0,150.0,10.0,1.00,0.500,0.300,3.00
8.9755,0.007806,-0.073804,-0.009395,-0.02,0,150.0,10.0,1.00,0.500,0.300,3.00
8.9808,0.007755,-0.073886,-0.009378,-0.02,0,150.0,10.0,1.00,0.500,0.300,3.00
8.9858,0.007709,-0.073971,-0.009353,-0.02,0,150.0,10.0,1.00,0.500,0.300,3.00
8.9907,0.007665,-0.074063,-0.009330,-0.02,0,150.0,10.0,1.00,0.500,0.300,3.00
8.9960,0.007615,-0.074151,-0.009316,-0.02,0,150.0,10.0,1.00,0.500,0.300,3.00
9.0010,0.007574,-0.074239,-0.009283,-0.02,0,150.0,10.0,1.00,0.500,0.300,3.00
9.0060,0.007534,-0.074320,-0.009256,-0.02,0,150.0,10.0,1.00,0.500,0.300,3.00
9.0110,0.007493,-0.074408,-0.009223,-0.02,0,150.0,10.0,1.00,0.500,0.300,3.00
9.0164,0.007443,-0.074501,-0.009185,-0.02,0,150.0,10.0,1.00,0.500,0.300,3.00
9.0213,0.007400,-0.074582,-0.009150,-0.02,0,150.0,10.0,1.00,0.500,0.300,3.00
9.0262,0.007359,-0.074674,-0.009094,-0.02,0,150.0,10.0,1.00,0.500,0.300,3.00
9.0315,0.007317,-0.074773,-0.009033,-0.02,0,150.0,10.0,1.00,0.500,0.300,3.00
9.0365,0.007273,-0.074865,-0.008970,-0.02,0,150.0,10.0,1.00,0.500,0.300,3.00
9.0415,0.007237,-0.074960,-0.008907,-0.02,0,150.0,10.0,1.00,0.500,0.300,3.00
9.0467,0.007199,-0.075062,-0.008838,-0.02,0,150.0,10.0,1.00,0.500,0.300,3.00
9.0517,0.007165,-0.075157,-0.008782,-0.02,0,150.0,10.0,1.00,0.500,0.300,3.00
9.0568,0.007137,-0.075248,-0.008724,-0.02,0,150.0,10.0,1.00,0.500,0.300,3.00
9.0620,0.007103,-0.075342,-0.008668,-0.02,0,150.0,10.0,1.00,0.500,0.300,3.00
9.0670,0.007069,-0.075430,-0.008617,-0.02,0,150.0,10.0,1.00,0.500,0.300,3.00
9.0723,0.007031,-0.075528,-0.008571,-0.02,0,150.0,10.0,1.00,0.500,0.300,3.00
9.0773,0.006992,-0.075619,-0.008523,-0.02,0,150.0,10.0,1.00,0.500,0.300,3.00
9.0823,0.006955,-0.075703,-0.008487,-0.02,0,150.0,10.0,1.00,0.500,0.300,3.00
9.0873,0.006921,-0.075787,-0.008460,-0.02,0,150.0,10.0,1.00,0.500,0.300,3.00
9.0925,0.006890,-0.075874,-0.008416,-0.02,0,150.0,10.0,1.00,0.500,0.300,3.00
9.0975,0.006860,-0.075946,-0.008384,-0.02,0,150.0,10.0,1.00,0.500,0.300,3.00
9.1028,0.006831,-0.076012,-0.008356,-0.02,0,150.0,10.0,1.00,0.500,0.300,3.00
9.1078,0.006798,-0.076085,-0.008316,-0.02,0,150.0,10.0,1.00,0.500,0.300,3.00
9.1128,0.006769,-0.076151,-0.008288,-0.02,0,150.0,10.0,1.00,0.500,0.300,3.00
9.1180,0.006739,-0.076223,-0.008256,-0.02,0,150.0,10.0,1.00,0.500,0.300,3.00
9.1230,0.006710,-0.076289,-0.008228,-0.02,0,150.0,10.0,1.00,0.500,0.300,3.00
9.1280,0.006681,-0.076369,-0.008198,-0.02,0,150.0,10.0,1.00,0.500,0.300,3.00
9.1332,0.006649,-0.076452,-0.008177,-0.02,0,150.0,10.0,1.00,0.500,0.300,3.00
9.1382,0.006615,-0.076528,-0.008154,-0.02,0,150.0,10.0,1.00,0.500,0.300,3.00
9.1433,0.006581,-0.076611,-0.008126,-0.02,0,150.0,10.0,1.00,0.500,0.300,3.00
9.1482,0.006543,-0.076698,-0.008108,-0.02,0,150.0,10.0,1.00,0.500,0.300,3.00
9.1535,0.006502,-0.076785,-0.008082,-0.02,0,150.0,10.0,1.00,0.500,0.300,3.00
9.1585,0.006462,-0.076866,-0.008061,-0.02,0,150.0,10.0,1.00,0.500,0.300,3.00
9.1635,0.006425,-0.076945,-0.008048,-0.02,0,150.0,10.0,1.00,0.500,0.300,3.00
9.1688,0.006382,-0.077029,-0.008037,-0.02,0,150.0,10.0,1.00,0.500,0.300,3.00
9.1738,0.006351,-0.077098,-0.008027,-0.02,0,150.0,10.0,1.00,0.500,0.300,3.00
9.1788,0.006316,-0.077156,-0.008030,-0.02,0,150.0,10.0,1.00,0.500,0.300,3.00
9.1840,0.006285,-0.077207,-0.008045,-0.02,0,150.0,10.0,1.00,0.500,0.300,3.00
9.1890,0.006251,-0.077258,-0.008053,-0.02,0,150.0,10.0,1.00,0.500,0.300,3.00
9.1940,0.006215,-0.077303,-0.008059,-0.02,0,150.0,10.0,1.00,0.500,0.300,3.00
9.1990,0.006181,-0.077340,-0.008070,-0.02,0,150.0,10.0,1.00,0.500,0.300,3.00
9.2042,0.006146,-0.077377,-0.008081,-0.02,0,150.0,10.0,1.00,0.500,0.300,3.00
9.2093,0.006103,-0.077419,-0.008087,-0.02,0,150.0,10.0,1.00,0.500,0.300,3.00
9.2143,0.006051,-0.077465,-0.008087,-0.02,0,150.0,10.0,1.00,0.500,0.300,3.00
9.2195,0.006000,-0.077503,-0.008093,-0.02,0,150.0,10.0,1.00,0.500,0.300,3.00
9.2246,0.005949,-0.077549,-0.008094,-0.02,0,150.0,10.0,1.00,0.500,0.300,3.00
9.2295,0.005899,-0.077602,-0.008096,-0.02,0,150.0,10.0,1.00,0.500,0.300,3.00
9.2349,0.005852,-0.077647,-0.008112,-0.02,0,150.0,10.0,1.00,0.500,0.300,3.00
9.2398,0.005811,-0.077688,-0.008125,-0.02,0,150.0,10.0,1.00,0.500,0.300,3.00
9.2448,0.005774,-0.077725,-0.008128,-0.02,0,150.0,10.0,1.00,0.500,0.300,3.00
9.2501,0.005740,-0.077755,-0.008145,-0.02,0,150.0,10.0,1.00,0.500,0.300,3.00
9.2551,0.005699,-0.077796,-0.008158,-0.02,0,150.0,10.0,1.00,0.500,0.300,3.00
9.2601,0.005665,-0.077826,-0.008174,-0.02,0,150.0,10.0,1.00,0.500,0.300,3.00
9.2652,0.005632,-0.077870,-0.008187,-0.02,0,150.0,10.0,1.00,0.500,0.300,3.00
9.2702,0.005595,-0.077917,-0.008210,-0.02,0,150.0,10.0,1.00,0.500,0.300,3.00
9.2753,0.005567,-0.077960,-0.008239,-0.02,0,150.0,10.0,1.00,0.500,0.300,3.00
9.2805,0.005525,-0.078004,-0.008269,-0.02,0,150.0,10.0,1.00,0.500,0.300,3.00
9.2855,0.005490,-0.078045,-0.008298,-0.02,0,150.0,10.0,1.00,0.500,0.300,3.00
9.2905,0.005454,-0.078085,-0.008326,-0.02,0,150.0,10.0,1.00,0.500,0.300,3.00
9.2958,0.005414,-0.078114,-0.008367,-0.02,0,150.0,10.0,1.00,0.500,0.300,3.00
9.3007,0.005373,-0.078137,-0.008406,-0.02,0,150.0,10.0,1.00,0.500,0.300,3.00
9.3058,0.005331,-0.078160,-0.008445,-0.02,0,150.0,10.0,1.00,0.500,0.300,3.00
9.3110,0.005281,-0.078184,-0.008502,-0.02,0,150.0,10.0,1.00,0.500,0.300,3.00
9.3160,0.005228,-0.078214,-0.008546,-0.02,0,150.0,10.0,1.00,0.500,0.300,3.00
9.3210,0.005179,-0.078244,-0.008604,-0.02,0,150.0,10.0,1.00,0.500,0.300,3.00
9.3263,0.005125,-0.078278,-0.008666,-0.02,0,150.0,10.0,1.00,0.500,0.300,3.00
9.3312,0.005067,-0.078315,-0.008737,-0.02,0,150.0,10.0,1.00,0.500,0.300,3.00
9.3362,0.005014,-0.078341,-0.008803,-0.02,0,150.0,10.0,1.00,0.500,0.300,3.00
9.3412,0.004962,-0.078374,-0.008872,-0.02,0,150.0,10.0,1.00,0.500,0.300,3.00
9.3463,0.004902,-0.078404,-0.008940,-0.02,0,150.0,10.0,1.00,0.500,0.300,3.00
9.3515,0.004850,-0.078437,-0.009009,-0.02,0,150.0,10.0,1.00,0.500,0.300,3.00
9.3565,0.004799,-0.078463,-0.009083,-0.02,0,150.0,10.0,1.00,0.500,0.300,3.00
9.3615,0.004743,-0.078507,-0.009156,-0.02,0,150.0,10.0,1.00,0.500,0.300,3.00
9.3668,0.004689,-0.078550,-0.009237,-0.02,0,150.0,10.0,1.00,0.500,0.300,3.00
9.3718,0.004636,-0.078599,-0.009320,-0.02,0,150.0,10.0,1.00,0.500,0.300,3.00
9.3770,0.004578,-0.078653,-0.009405,-0.02,0,150.0,10.0,1.00,0.500,0.300,3.00
9.3820,0.004518,-0.078713,-0.009485,-0.02,0,150.0,10.0,1.00,0.500,0.300,3.00
9.3870,0.004459,-0.078774,-0.009565,-0.02,0,150.0,10.0,1.00,0.500,0.300,3.00
9.3923,0.004398,-0.078841,-0.009639,-0.02,0,150.0,10.0,1.00,0.500,0.300,3.00
9.3972,0.004336,-0.078901,-0.009711,-0.02,0,150.0,10.0,1.00,0.500,0.300,3.00
9.4023,0.004265,-0.078966,-0.009778,-0.02,0,150.0,10.0,1.00,0.500,0.300,3.00
9.4073,0.004194,-0.079031,-0.009845,-0.02,0,150.0,10.0,1.00,0.500,0.300,3.00
9.4125,0.004127,-0.079088,-0.009924,-0.02,0,150.0,10.0,1.00,0.500,0.300,3.00
9.4175,0.004068,-0.079144,-0.009986,-0.02,0,150.0,10.0,1.00,0.500,0.300,3.00
9.4228,0.004009,-0.079197,-0.010071,-0.02,0,150.0,10.0,1.00,0.500,0.300,3.00
9.4278,0.003962,-0.079242,-0.010152,-0.02,0,150.0,10.0,1.00,0.500,0.300,3.00
9.4327,0.003920,-0.079284,-0.010230,-0.02,0,150.0,10.0,1.00,0.500,0.300,3.00
9.4380,0.003888,-0.079314,-0.010319,-0.02,0,150.0,10.0,1.00,0.500,0.300,3.00
9.4430,0.003857,-0.079337,-0.010413,-0.02,0,150.0,10.0,1.00,0.500,0.300,3.00
9.4480,0.003825,-0.079367,-0.010502,-0.02,0,150.0,10.0,1.00,0.500,0.300,3.00
9.4533,0.003800,-0.079386,-0.010594,-0.02,0,150.0,10.0,1.00,0.500,0.300,3.00
9.4583,0.003766,-0.079409,-0.010681,-0.02,0,150.0,10.0,1.00,0.500,0.300,3.00
9.4633,0.003729,-0.079440,-0.010755,-0.02,0,150.0,10.0,1.00,0.500,0.300,3.00
9.4683,0.003700,-0.079467,-0.010834,-0.02,0,150.0,10.0,1.00,0.500,0.300,3.00
9.4735,0.003663,-0.079497,-0.010908,-0.02,0,150.0,10.0,1.00,0.500,0.300,3.00
9.4785,0.003635,-0.079521,-0.010969,-0.02,0,150.0,10.0,1.00,0.500,0.300,3.00
9.4835,0.003611,-0.079541,-0.011021,-0.02,0,150.0,10.0,1.00,0.500,0.300,3.00
9.4888,0.003585,-0.079562,-0.011065,-0.02,0,150.0,10.0,1.00,0.500,0.300,3.00
9.4938,0.003565,-0.079576,-0.011089,-0.02,0,150.0,10.0,1.00,0.500,0.300,3.00
9.4988,0.003547,-0.079583,-0.011119,-0.02,0,150.0,10.0,1.00,0.500,0.300,3.00
9.5040,0.003536,-0.079593,-0.011148,-0.02,0,150.0,10.0,1.00,0.500,0.300,3.00
9.5090,0.003530,-0.079592,-0.011174,-0.02,0,150.0,10.0,1.00,0.500,0.300,3.00
9.5140,0.003526,-0.079591,-0.011206,-0.02,0,150.0,10.0,1.00,0.500,0.300,3.00
9.5193,0.003522,-0.079590,-0.011239,-0.02,0,150.0,10.0,1.00,0.500,0.300,3.00
9.5242,0.003520,-0.079589,-0.011280,-0.02,0,150.0,10.0,1.00,0.500,0.300,3.00
9.5293,0.003522,-0.079584,-0.011310,-0.02,0,150.0,10.0,1.00,0.500,0.300,3.00
9.5343,0.003524,-0.079580,-0.011341,-0.02,0,150.0,10.0,1.00,0.500,0.300,3.00
9.5395,0.003526,-0.079575,-0.011372,-0.02,0,150.0,10.0,1.00,0.500,0.300,3.00
9.5445,0.003532,-0.079567,-0.011392,-0.02,0,150.0,10.0,1.00,0.500,0.300,3.00
9.5497,0.003534,-0.079563,-0.011423,-0.02,0,150.0,10.0,1.00,0.500,0.300,3.00
9.5548,0.003538,-0.079548,-0.011441,-0.02,0,150.0,10.0,1.00,0.500,0.300,3.00
9.5598,0.003550,-0.079537,-0.011460,-0.02,0,150.0,10.0,1.00,0.500,0.300,3.00
9.5650,0.003555,-0.079529,-0.011481,-0.02,0,150.0,10.0,1.00,0.500,0.300,3.00
9.5700,0.003563,-0.079520,-0.011509,-0.02,0,150.0,10.0,1.00,0.500,0.300,3.00
9.5750,0.003571,-0.079512,-0.011538,-0.02,0,150.0,10.0,1.00,0.500,0.300,3.00
9.5803,0.003576,-0.079507,-0.011576,-0.02,0,150.0,10.0,1.00,0.500,0.300,3.00
9.5853,0.003587,-0.079491,-0.011617,-0.02,0,150.0,10.0,1.00,0.500,0.300,3.00
9.5903,0.003597,-0.079483,-0.011653,-0.02,0,150.0,10.0,1.00,0.500,0.300,3.00
9.5952,0.003599,-0.079478,-0.011684,-0.02,0,150.0,10.0,1.00,0.500,0.300,3.00
9.6005,0.003604,-0.079466,-0.011728,-0.02,0,150.0,10.0,1.00,0.500,0.300,3.00
9.6055,0.003604,-0.079450,-0.011779,-0.02,0,150.0,10.0,1.00,0.500,0.300,3.00
9.6105,0.003610,-0.079431,-0.011828,-0.02,0,150.0,10.0,1.00,0.500,0.300,3.00
9.6157,0.003611,-0.079409,-0.011885,-0.02,0,150.0,10.0,1.00,0.500,0.300,3.00
9.6208,0.003619,-0.079389,-0.011942,-0.02,0,150.0,10.0,1.00,0.500,0.300,3.00
9.6260,0.003626,-0.079363,-0.011997,-0.02,0,150.0,10.0,1.00,0.500,0.300,3.00
9.6310,0.003638,-0.079340,-0.012044,-0.02,0,150.0,10.0,1.00,0.500,0.300,3.00
9.6360,0.003649,-0.079324,-0.012085,-0.02,0,150.0,10.0,1.00,0.500,0.300,3.00
9.6410,0.003659,-0.079301,-0.012124,-0.02,0,150.0,10.0,1.00,0.500,0.300,3.00
9.6462,0.003671,-0.079279,-0.012171,-0.02,0,150.0,10.0,1.00,0.500,0.300,3.00
9.6512,0.003682,-0.079263,-0.012213,-0.02,0,150.0,10.0,1.00,0.500,0.300,3.00
9.6563,0.003693,-0.079247,-0.012255,-0.02,0,150.0,10.0,1.00,0.500,0.300,3.00
9.6615,0.003706,-0.079231,-0.012304,-0.02,0,150.0,10.0,1.00,0.500,0.300,3.00
9.6665,0.003722,-0.079218,-0.012338,-0.02,0,150.0,10.0,1.00,0.500,0.300,3.00
9.6715,0.003730,-0.079210,-0.012366,-0.02,0,150.0,10.0,1.00,0.500,0.300,3.00
9.6765,0.003743,-0.079205,-0.012387,-0.02,0,150.0,10.0,1.00,0.500,0.300,3.00
9.6818,0.003757,-0.079206,-0.012410,-0.02,0,150.0,10.0,1.00,0.500,0.300,3.00
9.6868,0.003762,-0.079206,-0.012426,-0.02,0,150.0,10.0,1.00,0.500,0.300,3.00
9.6920,0.003775,-0.079201,-0.012447,-0.02,0,150.0,10.0,1.00,0.500,0.300,3.00
9.6970,0.003779,-0.079200,-0.012462,-0.02,0,150.0,10.0,1.00,0.500,0.300,3.00
9.7020,0.003790,-0.079195,-0.012475,-0.02,0,150.0,10.0,1.00,0.500,0.300,3.00
9.7070,0.003803,-0.079190,-0.012496,-0.02,0,150.0,10.0,1.00,0.500,0.300,3.00
9.7123,0.003821,-0.079189,-0.012510,-0.02,0,150.0,10.0,1.00,0.500,0.300,3.00
9.7173,0.003839,-0.079187,-0.012523,-0.02,0,150.0,10.0,1.00,0.500,0.300,3.00
9.7223,0.003858,-0.079178,-0.012542,-0.02,0,150.0,10.0,1.00,0.500,0.300,3.00
9.7275,0.003879,-0.079169,-0.012568,-0.02,0,150.0,10.0,1.00,0.500,0.300,3.00
9.7325,0.003900,-0.079160,-0.012594,-0.02,0,150.0,10.0,1.00,0.500,0.300,3.00
9.7375,0.003920,-0.079144,-0.012618,-0.02,0,150.0,10.0,1.00,0.500,0.300,3.00
9.7428,0.003937,-0.079124,-0.012658,-0.02,0,150.0,10.0,1.00,0.500,0.300,3.00
9.7477,0.003948,-0.079113,-0.012677,-0.02,0,150.0,10.0,1.00,0.500,0.300,3.00
9.7528,0.003961,-0.079094,-0.012701,-0.02,0,150.0,10.0,1.00,0.500,0.300,3.00
9.7580,0.003964,-0.079087,-0.012714,-0.02,0,150.0,10.0,1.00,0.500,0.300,3.00
9.7630,0.003967,-0.079079,-0.012727,-0.02,0,150.0,10.0,1.00,0.500,0.300,3.00
9.7680,0.003968,-0.079072,-0.012732,-0.02,0,150.0,10.0,1.00,0.500,0.300,3.00
9.7732,0.003968,-0.079072,-0.012732,-0.02,0,150.0,10.0,1.00,0.500,0.300,3.00
9.7783,0.003965,-0.079072,-0.012725,-0.02,0,150.0,10.0,1.00,0.500,0.300,3.00
9.7833,0.003965,-0.079072,-0.012725,-0.02,0,150.0,10.0,1.00,0.500,0.300,3.00
9.7886,0.003968,-0.079076,-0.012709,-0.02,0,150.0,10.0,1.00,0.500,0.300,3.00
9.7935,0.003979,-0.079076,-0.012699,-0.02,0,150.0,10.0,1.00,0.500,0.300,3.00
9.7985,0.003994,-0.079072,-0.012680,-0.02,0,150.0,10.0,1.00,0.500,0.300,3.00
9.8038,0.004011,-0.079075,-0.012662,-0.02,0,150.0,10.0,1.00,0.500,0.300,3.00
9.8088,0.004040,-0.079064,-0.012646,-0.02,0,150.0,10.0,1.00,0.500,0.300,3.00
9.8140,0.004076,-0.079062,-0.012624,-0.02,0,150.0,10.0,1.00,0.500,0.300,3.00
9.8190,0.004104,-0.079058,-0.012602,-0.02,0,150.0,10.0,1.00,0.500,0.300,3.00
9.8240,0.004144,-0.079053,-0.012570,-0.02,0,150.0,10.0,1.00,0.500,0.300,3.00
9.8293,0.004176,-0.079059,-0.012535,-0.02,0,150.0,10.0,1.00,0.500,0.300,3.00
9.8342,0.004216,-0.079054,-0.012503,-0.02,0,150.0,10.0,1.00,0.500,0.300,3.00
9.8393,0.004255,-0.079056,-0.012466,-0.02,0,150.0,10.0,1.00,0.500,0.300,3.00
9.8443,0.004293,-0.079065,-0.012423,-0.02,0,150.0,10.0,1.00,0.500,0.300,3.00
9.8495,0.004343,-0.079060,-0.012381,-0.02,0,150.0,10.0,1.00,0.500,0.300,3.00
9.8545,0.004387,-0.079066,-0.012337,-0.02,0,150.0,10.0,1.00,0.500,0.300,3.00
9.8595,0.004443,-0.079064,-0.012287,-0.02,0,150.0,10.0,1.00,0.500,0.300,3.00
9.8648,0.004506,-0.079051,-0.012241,-0.02,0,150.0,10.0,1.00,0.500,0.300,3.00
9.8697,0.004563,-0.079034,-0.012202,-0.02,0,150.0,10.0,1.00,0.500,0.300,3.00
9.8748,0.004627,-0.079014,-0.012161,-0.02,0,150.0,10.0,1.00,0.500,0.300,3.00
9.8800,0.004691,-0.078987,-0.012126,-0.02,0,150.0,10.0,1.00,0.500,0.300,3.00
9.8850,0.004751,-0.078949,-0.012103,-0.02,0,150.0,10.0,1.00,0.500,0.300,3.00
9.8900,0.004811,-0.078912,-0.012081,-0.02,0,150.0,10.0,1.00,0.500,0.300,3.00
9.8950,0.004871,-0.078860,-0.012062,-0.02,0,150.0,10.0,1.00,0.500,0.300,3.00
9.9002,0.004927,-0.078812,-0.012052,-0.02,0,150.0,10.0,1.00,0.500,0.300,3.00
9.9052,0.004977,-0.078761,-0.012050,-0.02,0,150.0,10.0,1.00,0.500,0.300,3.00
9.9103,0.005019,-0.078713,-0.012043,-0.02,0,150.0,10.0,1.00,0.500,0.300,3.00
9.9153,0.005044,-0.078670,-0.012048,-0.02,0,150.0,10.0,1.00,0.500,0.300,3.00
9.9205,0.005071,-0.078613,-0.012064,-0.02,0,150.0,10.0,1.00,0.500,0.300,3.00
9.9255,0.005085,-0.078571,-0.012078,-0.02,0,150.0,10.0,1.00,0.500,0.300,3.00
9.9308,0.005096,-0.078524,-0.012109,-0.02,0,150.0,10.0,1.00,0.500,0.300,3.00
9.9357,0.005107,-0.078478,-0.012139,-0.02,0,150.0,10.0,1.00,0.500,0.300,3.00
9.9408,0.005112,-0.078436,-0.012171,-0.02,0,150.0,10.0,1.00,0.500,0.300,3.00
9.9460,0.005119,-0.078393,-0.012211,-0.02,0,150.0,10.0,1.00,0.500,0.300,3.00
9.9510,0.005123,-0.078357,-0.012238,-0.02,0,150.0,10.0,1.00,0.500,0.300,3.00
9.9560,0.005131,-0.078321,-0.012280,-0.02,0,150.0,10.0,1.00,0.500,0.300,3.00
9.9613,0.005139,-0.078292,-0.012317,-0.02,0,150.0,10.0,1.00,0.500,0.300,3.00
9.9662,0.005143,-0.078273,-0.012359,-0.02,0,150.0,10.0,1.00,0.500,0.300,3.00
9.9712,0.005150,-0.078251,-0.012391,-0.02,0,150.0,10.0,1.00,0.500,0.300,3.00
9.9765,0.005157,-0.078242,-0.012419,-0.02,0,150.0,10.0,1.00,0.500,0.300,3.00
9.9815,0.005160,-0.078231,-0.012456,-0.02,0,150.0,10.0,1.00,0.500,0.300,3.00
9.9865,0.005168,-0.078222,-0.012484,-0.02,0,150.0,10.0,1.00,0.500,0.300,3.00
9.9919,0.005184,-0.078209,-0.012518,-0.02,0,150.0,10.0,1.00,0.500,0.300,3.00
9.9968,0.005195,-0.078207,-0.012557,-0.02,0,150.0,10.0,1.00,0.500,0.300,3.00
10.0018,0.005213,-0.078201,-0.012593,-0.02,0,150.0,10.0,1.00,0.500,0.300,3.00
10.0068,0.005230,-0.078195,-0.012630,-0.02,0,150.0,10.0,1.00,0.500,0.300,3.00
10.0120,0.005252,-0.078195,-0.012676,-0.02,0,150.0,10.0,1.00,0.500,0.300,3.00
10.0170,0.005272,-0.078202,-0.012718,-0.02,0,150.0,10.0,1.00,0.500,0.300,3.00
10.0223,0.005282,-0.078214,-0.012746,-0.02,0,150.0,10.0,1.00,0.500,0.300,3.00
10.0273,0.005294,-0.078225,-0.012781,-0.02,0,150.0,10.0,1.00,0.500,0.300,3.00
10.0323,0.005303,-0.078244,-0.012804,-0.02,0,150.0,10.0,1.00,0.500,0.300,3.00
10.0373,0.005306,-0.078274,-0.012823,-0.02,0,150.0,10.0,1.00,0.500,0.300,3.00
10.0425,0.005300,-0.078308,-0.012837,-0.02,0,150.0,10.0,1.00,0.500,0.300,3.00
10.0475,0.005294,-0.078342,-0.012851,-0.02,0,150.0,10.0,1.00,0.500,0.300,3.00
10.0526,0.005288,-0.078369,-0.012871,-0.02,0,150.0,10.0,1.00,0.500,0.300,3.00
10.0578,0.005281,-0.078397,-0.012882,-0.02,0,150.0,10.0,1.00,0.500,0.300,3.00
10.0628,0.005268,-0.078421,-0.012902,-0.02,0,150.0,10.0,1.00,0.500,0.300,3.00
10.0677,0.005259,-0.078442,-0.012911,-0.02,0,150.0,10.0,1.00,0.500,0.300,3.00
10.0730,0.005249,-0.078456,-0.012918,-0.02,0,150.0,10.0,1.00,0.500,0.300,3.00
10.0780,0.005246,-0.078466,-0.012930,-0.02,0,150.0,10.0,1.00,0.500,0.300,3.00
10.0830,0.005246,-0.078473,-0.012925,-0.02,0,150.0,10.0,1.00,0.500,0.300,3.00
10.0883,0.005239,-0.078484,-0.012921,-0.02,0,150.0,10.0,1.00,0.500,0.300,3.00
10.0933,0.005237,-0.078484,-0.012914,-0.02,0,150.0,10.0,1.00,0.500,0.300,3.00
10.0983,0.005236,-0.078491,-0.012908,-0.02,0,150.0,10.0,1.00,0.500,0.300,3.00
10.1036,0.005227,-0.078495,-0.012903,-0.02,0,150.0,10.0,1.00,0.500,0.300,3.00
10.1085,0.005225,-0.078496,-0.012895,-0.02,0,150.0,10.0,1.00,0.500,0.300,3.00
10.1135,0.005225,-0.078496,-0.012895,-0.02,0,150.0,10.0,1.00,0.500,0.300,3.00
10.1185,0.005224,-0.078489,-0.012893,-0.02,0,150.0,10.0,1.00,0.500,0.300,3.00
10.1238,0.005223,-0.078496,-0.012887,-0.02,0,150.0,10.0,1.00,0.500,0.300,3.00
10.1288,0.005227,-0.078493,-0.012877,-0.02,0,150.0,10.0,1.00,0.500,0.300,3.00
10.1340,0.005221,-0.078501,-0.012856,-0.02,0,150.0,10.0,1.00,0.500,0.300,3.00
10.1390,0.005222,-0.078505,-0.012833,-0.02,0,150.0,10.0,1.00,0.500,0.300,3.00
10.1440,0.005222,-0.078517,-0.012805,-0.02,0,150.0,10.0,1.00,0.500,0.300,3.00
10.1490,0.005216,-0.078532,-0.012778,-0.02,0,150.0,10.0,1.00,0.500,0.300,3.00
10.1543,0.005215,-0.078550,-0.012744,-0.02,0,150.0,10.0,1.00,0.500,0.300,3.00
10.1592,0.005214,-0.078568,-0.012710,-0.02,0,150.0,10.0,1.00,0.500,0.300,3.00
10.1643,0.005215,-0.078586,-0.012684,-0.02,0,150.0,10.0,1.00,0.500,0.300,3.00
10.1695,0.005213,-0.078612,-0.012645,-0.02,0,150.0,10.0,1.00,0.500,0.300,3.00
10.1745,0.005217,-0.078622,-0.012632,-0.02,0,150.0,10.0,1.00,0.500,0.300,3.00
10.1795,0.005218,-0.078647,-0.012600,-0.02,0,150.0,10.0,1.00,0.500,0.300,3.00
10.1848,0.005230,-0.078660,-0.012587,-0.02,0,150.0,10.0,1.00,0.500,0.300,3.00
10.1898,0.005239,-0.078674,-0.012566,-0.02,0,150.0,10.0,1.00,0.500,0.300,3.00
10.1950,0.005251,-0.078687,-0.012553,-0.02,0,150.0,10.0,1.00,0.500,0.300,3.00
10.2000,0.005262,-0.078694,-0.012538,-0.02,0,150.0,10.0,1.00,0.500,0.300,3.00
10.2050,0.005272,-0.078700,-0.012523,-0.02,0,150.0,10.0,1.00,0.500,0.300,3.00
10.2100,0.005281,-0.078700,-0.012505,-0.02,0,150.0,10.0,1.00,0.500,0.300,3.00
10.2153,0.005293,-0.078693,-0.012500,-0.02,0,150.0,10.0,1.00,0.500,0.300,3.00
10.2203,0.005305,-0.078685,-0.012496,-0.02,0,150.0,10.0,1.00,0.500,0.300,3.00
10.2253,0.005315,-0.078678,-0.012484,-0.02,0,150.0,10.0,1.00,0.500,0.300,3.00
10.2306,0.005333,-0.078660,-0.012482,-0.02,0,150.0,10.0,1.00,0.500,0.300,3.00
10.2355,0.005340,-0.078649,-0.012485,-0.02,0,150.0,10.0,1.00,0.500,0.300,3.00
10.2405,0.005350,-0.078642,-0.012473,-0.02,0,150.0,10.0,1.00,0.500,0.300,3.00
10.2458,0.005363,-0.078627,-0.012474,-0.02,0,150.0,10.0,1.00,0.500,0.300,3.00
10.2508,0.005372,-0.078616,-0.012485,-0.02,0,150.0,10.0,1.00,0.500,0.300,3.00
10.2558,0.005378,-0.078612,-0.012483,-0.02,0,150.0,10.0,1.00,0.500,0.300,3.00
10.2610,0.005379,-0.078605,-0.012488,-0.02,0,150.0,10.0,1.00,0.500,0.300,3.00
10.2660,0.005387,-0.078600,-0.012494,-0.02,0,150.0,10.0,1.00,0.500,0.300,3.00
10.2713,0.005384,-0.078597,-0.012509,-0.02,0,150.0,10.0,1.00,0.500,0.300,3.00
10.2763,0.005387,-0.078596,-0.012517,-0.02,0,150.0,10.0,1.00,0.500,0.300,3.00
10.2813,0.005389,-0.078596,-0.012525,-0.02,0,150.0,10.0,1.00,0.500,0.300,3.00
10.2866,0.005384,-0.078606,-0.012529,-0.02,0,150.0,10.0,1.00,0.500,0.300,3.00
10.2915,0.005384,-0.078606,-0.012529,-0.02,0,150.0,10.0,1.00,0.500,0.300,3.00
10.2965,0.005386,-0.078613,-0.012531,-0.02,0,150.0,10.0,1.00,0.500,0.300,3.00
10.3017,0.005380,-0.078617,-0.012534,-0.02,0,150.0,10.0,1.00,0.500,0.300,3.00
10.3067,0.005382,-0.078616,-0.012541,-0.02,0,150.0,10.0,1.00,0.500,0.300,3.00
10.3118,0.005375,-0.078627,-0.012538,-0.02,0,150.0,10.0,1.00,0.500,0.300,3.00
10.3168,0.005378,-0.078626,-0.012546,-0.02,0,150.0,10.0,1.00,0.500,0.300,3.00
10.3220,0.005379,-0.078633,-0.012548,-0.02,0,150.0,10.0,1.00,0.500,0.300,3.00
10.3270,0.005381,-0.078633,-0.012556,-0.02,0,150.0,10.0,1.00,0.500,0.300,3.00
10.3323,0.005383,-0.078639,-0.012559,-0.02,0,150.0,10.0,1.00,0.500,0.300,3.00
10.3373,0.005389,-0.078635,-0.012556,-0.02,0,150.0,10.0,1.00,0.500,0.300,3.00
10.3423,0.005389,-0.078635,-0.012556,-0.02,0,150.0,10.0,1.00,0.500,0.300,3.00
10.3475,0.005387,-0.078636,-0.012549,-0.02,0,150.0,10.0,1.00,0.500,0.300,3.00
10.3525,0.005387,-0.078636,-0.012549,-0.02,0,150.0,10.0,1.00,0.500,0.300,3.00
10.3575,0.005386,-0.078643,-0.012543,-0.02,0,150.0,10.0,1.00,0.500,0.300,3.00
10.3628,0.005377,-0.078647,-0.012538,-0.02,0,150.0,10.0,1.00,0.500,0.300,3.00
10.3678,0.005370,-0.078665,-0.012529,-0.02,0,150.0,10.0,1.00,0.500,0.300,3.00
10.3728,0.005354,-0.078687,-0.012515,-0.02,0,150.0,10.0,1.00,0.500,0.300,3.00
10.3780,0.005337,-0.078717,-0.012495,-0.02,0,150.0,10.0,1.00,0.500,0.300,3.00
10.3830,0.005320,-0.078746,-0.012476,-0.02,0,150.0,10.0,1.00,0.500,0.300,3.00
10.3883,0.005296,-0.078793,-0.012448,-0.02,0,150.0,10.0,1.00,0.500,0.300,3.00
10.3933,0.005271,-0.078841,-0.012420,-0.02,0,150.0,10.0,1.00,0.500,0.300,3.00
10.3983,0.005251,-0.078898,-0.012379,-0.02,0,150.0,10.0,1.00,0.500,0.300,3.00
10.4033,0.005228,-0.078952,-0.012353,-0.02,0,150.0,10.0,1.00,0.500,0.300,3.00
10.4085,0.005210,-0.079009,-0.012319,-0.02,0,150.0,10.0,1.00,0.500,0.300,3.00
10.4135,0.005192,-0.079066,-0.012286,-0.02,0,150.0,10.0,1.00,0.500,0.300,3.00
10.4185,0.005182,-0.079119,-0.012258,-0.02,0,150.0,10.0,1.00,0.500,0.300,3.00
10.4238,0.005169,-0.079187,-0.012211,-0.02,0,150.0,10.0,1.00,0.500,0.300,3.00
10.4288,0.005160,-0.079246,-0.012185,-0.02,0,150.0,10.0,1.00,0.500,0.300,3.00
10.4340,0.005156,-0.079302,-0.012150,-0.02,0,150.0,10.0,1.00,0.500,0.300,3.00
10.4390,0.005146,-0.079369,-0.012118,-0.02,0,150.0,10.0,1.00,0.500,0.300,3.00
10.4440,0.005141,-0.079446,-0.012074,-0.02,0,150.0,10.0,1.00,0.500,0.300,3.00
10.4493,0.005129,-0.079534,-0.012026,-0.02,0,150.0,10.0,1.00,0.500,0.300,3.00
10.4543,0.005111,-0.079650,-0.011949,-0.02,0,150.0,10.0,1.00,0.500,0.300,3.00
10.4593,0.005086,-0.079764,-0.011872,-0.02,0,150.0,10.0,1.00,0.500,0.300,3.00
10.4643,0.005064,-0.079888,-0.011781,-0.02,0,150.0,10.0,1.00,0.500,0.300,3.00
10.4695,0.005039,-0.080034,-0.011674,-0.02,0,150.0,10.0,1.00,0.500,0.300,3.00
10.4745,0.005021,-0.080168,-0.011570,-0.02,0,150.0,10.0,1.00,0.500,0.300,3.00
10.4798,0.004994,-0.080328,-0.011452,-0.02,0,150.0,10.0,1.00,0.500,0.300,3.00
10.4848,0.004974,-0.080476,-0.011337,-0.02,0,150.0,10.0,1.00,0.500,0.300,3.00
10.4900,0.004949,-0.080653,-0.011200,-0.02,0,150.0,10.0,1.00,0.500,0.300,3.00
10.4950,0.004932,-0.080826,-0.011068,-0.02,0,150.0,10.0,1.00,0.500,0.300,3.00
10.5000,0.004908,-0.081009,-0.010933,-0.02,0,150.0,10.0,1.00,0.500,0.300,3.00
10.5050,0.004892,-0.081189,-0.010803,-0.02,0,150.0,10.0,1.00,0.500,0.300,3.00
10.5103,0.004877,-0.081392,-0.010648,-0.02,0,150.0,10.0,1.00,0.500,0.300,3.00
10.5152,0.004869,-0.081567,-0.010524,-0.02,0,150.0,10.0,1.00,0.500,0.300,3.00
10.5203,0.004865,-0.081741,-0.010414,-0.02,0,150.0,10.0,1.00,0.500,0.300,3.00
10.5253,0.004865,-0.081919,-0.010296,-0.02,0,150.0,10.0,1.00,0.500,0.300,3.00
10.5305,0.004862,-0.082117,-0.010162,-0.02,0,150.0,10.0,1.00,0.500,0.300,3.00
10.5355,0.004865,-0.082291,-0.010034,-0.02,0,150.0,10.0,1.00,0.500,0.300,3.00
10.5405,0.004867,-0.082472,-0.009900,-0.02,0,150.0,10.0,1.00,0.500,0.300,3.00
10.5458,0.004869,-0.082632,-0.009775,-0.02,0,150.0,10.0,1.00,0.500,0.300,3.00
10.5508,0.004879,-0.082774,-0.009659,-0.02,0,150.0,10.0,1.00,0.500,0.300,3.00
10.5560,0.004898,-0.082903,-0.009528,-0.02,0,150.0,10.0,1.00,0.500,0.300,3.00
10.5610,0.004917,-0.083025,-0.009403,-0.02,0,150.0,10.0,1.00,0.500,0.300,3.00
10.5660,0.004938,-0.083139,-0.009284,-0.02,0,150.0,10.0,1.00,0.500,0.300,3.00
10.5713,0.004962,-0.083250,-0.009154,-0.02,0,150.0,10.0,1.00,0.500,0.300,3.00
10.5763,0.004982,-0.083364,-0.009035,-0.02,0,150.0,10.0,1.00,0.500,0.300,3.00
10.5813,0.004991,-0.083466,-0.008928,-0.02,0,150.0,10.0,1.00,0.500,0.300,3.00
10.5863,0.005002,-0.083553,-0.008833,-0.02,0,150.0,10.0,1.00,0.500,0.300,3.00
10.5915,0.005009,-0.083643,-0.008748,-0.02,0,150.0,10.0,1.00,0.500,0.300,3.00
10.5965,0.005012,-0.083730,-0.008671,-0.02,0,150.0,10.0,1.00,0.500,0.300,3.00
10.6018,0.005000,-0.083825,-0.008590,-0.02,0,150.0,10.0,1.00,0.500,0.300,3.00
10.6068,0.004991,-0.083913,-0.008522,-0.02,0,150.0,10.0,1.00,0.500,0.300,3.00
10.6118,0.004972,-0.084005,-0.008441,-0.02,0,150.0,10.0,1.00,0.500,0.300,3.00
10.6168,0.004956,-0.084090,-0.008374,-0.02,0,150.0,10.0,1.00,0.500,0.300,3.00
10.6220,0.004938,-0.084182,-0.008301,-0.02,0,150.0,10.0,1.00,0.500,0.300,3.00
10.6270,0.004915,-0.084278,-0.008229,-0.02,0,150.0,10.0,1.00,0.500,0.300,3.00
10.6320,0.004898,-0.084376,-0.008158,-0.02,0,150.0,10.0,1.00,0.500,0.300,3.00
10.6373,0.004879,-0.084488,-0.008076,-0.02,0,150.0,10.0,1.00,0.500,0.300,3.00
10.6423,0.004864,-0.084586,-0.008012,-0.02,0,150.0,10.0,1.00,0.500,0.300,3.00
10.6473,0.004850,-0.084684,-0.007948,-0.02,0,150.0,10.0,1.00,0.500,0.300,3.00
10.6523,0.004835,-0.084785,-0.007902,-0.02,0,150.0,10.0,1.00,0.500,0.300,3.00
10.6576,0.004826,-0.084888,-0.007855,-0.02,0,150.0,10.0,1.00,0.500,0.300,3.00
10.6625,0.004816,-0.084998,-0.007803,-0.02,0,150.0,10.0,1.00,0.500,0.300,3.00
10.6675,0.004810,-0.085101,-0.007764,-0.02,0,150.0,10.0,1.00,0.500,0.300,3.00
10.6728,0.004804,-0.085204,-0.007724,-0.02,0,150.0,10.0,1.00,0.500,0.300,3.00
10.6778,0.004800,-0.085300,-0.007691,-0.02,0,150.0,10.0,1.00,0.500,0.300,3.00
10.6828,0.004789,-0.085410,-0.007638,-0.02,0,150.0,10.0,1.00,0.500,0.300,3.00
10.6881,0.004772,-0.085517,-0.007586,-0.02,0,150.0,10.0,1.00,0.500,0.300,3.00
10.6930,0.004752,-0.085632,-0.007527,-0.02,0,150.0,10.0,1.00,0.500,0.300,3.00
10.6980,0.004735,-0.085737,-0.007457,-0.02,0,150.0,10.0,1.00,0.500,0.300,3.00
10.7030,0.004720,-0.085834,-0.007393,-0.02,0,150.0,10.0,1.00,0.500,0.300,3.00
10.7083,0.004699,-0.085953,-0.007311,-0.02,0,150.0,10.0,1.00,0.500,0.300,3.00
10.7133,0.004685,-0.086068,-0.007227,-0.02,0,150.0,10.0,1.00,0.500,0.300,3.00
10.7183,0.004668,-0.086184,-0.007135,-0.02,0,150.0,10.0,1.00,0.500,0.300,3.00
10.7235,0.004651,-0.086306,-0.007046,-0.02,0,150.0,10.0,1.00,0.500,0.300,3.00
10.7285,0.004650,-0.086420,-0.006959,-0.02,0,150.0,10.0,1.00,0.500,0.300,3.00
10.7335,0.004648,-0.086534,-0.006873,-0.02,0,150.0,10.0,1.00,0.500,0.300,3.00
10.7387,0.004655,-0.086654,-0.006770,-0.02,0,150.0,10.0,1.00,0.500,0.300,3.00
10.7438,0.004675,-0.086767,-0.006663,-0.02,0,150.0,10.0,1.00,0.500,0.300,3.00
10.7490,0.004705,-0.086879,-0.006546,-0.02,0,150.0,10.0,1.00,0.500,0.300,3.00
10.7540,0.004724,-0.087003,-0.006418,-0.02,0,150.0,10.0,1.00,0.500,0.300,3.00
10.7590,0.004759,-0.087115,-0.006275,-0.02,0,150.0,10.0,1.00,0.500,0.300,3.00
10.7640,0.004795,-0.087231,-0.006117,-0.02,0,150.0,10.0,1.00,0.500,0.300,3.00
10.7693,0.004852,-0.087329,-0.005959,-0.02,0,150.0,10.0,1.00,0.500,0.300,3.00
10.7743,0.004903,-0.087434,-0.005786,-0.02,0,150.0,10.0,1.00,0.500,0.300,3.00
10.7793,0.004960,-0.087529,-0.005610,-0.02,0,150.0,10.0,1.00,0.500,0.300,3.00
10.7845,0.005035,-0.087599,-0.005431,-0.02,0,150.0,10.0,1.00,0.500,0.300,3.00
10.7896,0.005114,-0.087665,-0.005243,-0.02,0,150.0,10.0,1.00,0.500,0.300,3.00
10.7948,0.005183,-0.087736,-0.005048,-0.02,0,150.0,10.0,1.00,0.500,0.300,3.00
10.7998,0.005268,-0.087784,-0.004861,-0.02,0,150.0,10.0,1.00,0.500,0.300,3.00
10.8048,0.005345,-0.087824,-0.004673,-0.02,0,150.0,10.0,1.00,0.500,0.300,3.00
10.8100,0.005437,-0.087852,-0.004471,-0.02,0,150.0,10.0,1.00,0.500,0.300,3.00
10.8150,0.005528,-0.087873,-0.004266,-0.02,0,150.0,10.0,1.00,0.500,0.300,3.00
10.8200,0.005612,-0.087895,-0.004047,-0.02,0,150.0,10.0,1.00,0.500,0.300,3.00
10.8253,0.005709,-0.087910,-0.003823,-0.02,0,150.0,10.0,1.00,0.500,0.300,3.00
10.8303,0.005805,-0.087907,-0.003619,-0.02,0,150.0,10.0,1.00,0.500,0.300,3.00
10.8353,0.005907,-0.087899,-0.003413,-0.02,0,150.0,10.0,1.00,0.500,0.300,3.00
10.8403,0.006003,-0.087893,-0.003191,-0.02,0,150.0,10.0,1.00,0.500,0.300,3.00
10.8455,0.006123,-0.087868,-0.002944,-0.02,0,150.0,10.0,1.00,0.500,0.300,3.00
10.8505,0.006231,-0.087830,-0.002703,-0.02,0,150.0,10.0,1.00,0.500,0.300,3.00
10.8555,0.006348,-0.087788,-0.002468,-0.02,0,150.0,10.0,1.00,0.500,0.300,3.00
10.8608,0.006458,-0.087735,-0.002238,-0.02,0,150.0,10.0,1.00,0.500,0.300,3.00
10.8658,0.006569,-0.087669,-0.002013,-0.02,0,150.0,10.0,1.00,0.500,0.300,3.00
10.8707,0.006676,-0.087597,-0.001778,-0.02,0,150.0,10.0,1.00,0.500,0.300,3.00
10.8760,0.006791,-0.087510,-0.001530,-0.02,0,150.0,10.0,1.00,0.500,0.300,3.00
10.8810,0.006898,-0.087423,-0.001299,-0.02,0,150.0,10.0,1.00,0.500,0.300,3.00
10.8861,0.006991,-0.087338,-0.001071,-0.02,0,150.0,10.0,1.00,0.500,0.300,3.00
10.8913,0.007074,-0.087247,-0.000819,-0.02,0,150.0,10.0,1.00,0.500,0.300,3.00
10.8963,0.007162,-0.087158,-0.000598,-0.02,0,150.0,10.0,1.00,0.500,0.300,3.00
10.9013,0.007254,-0.087054,-0.000390,-0.02,0,150.0,10.0,1.00,0.500,0.300,3.00
10.9063,0.007360,-0.086939,-0.000167,-0.02,0,150.0,10.0,1.00,0.500,0.300,3.00
10.9113,0.007456,-0.086821,0.000063,-0.02,0,150.0,10.0,1.00,0.500,0.300,3.00
10.9165,0.007561,-0.086684,0.000284,-0.02,0,150.0,10.0,1.00,0.500,0.300,3.00
10.9216,0.007636,-0.086565,0.000511,-0.02,0,150.0,10.0,1.00,0.500,0.300,3.00
10.9268,0.007719,-0.086420,0.000731,-0.02,0,150.0,10.0,1.00,0.500,0.300,3.00
10.9318,0.007804,-0.086278,0.000926,-0.02,0,150.0,10.0,1.00,0.500,0.300,3.00
10.9367,0.007900,-0.086121,0.001128,-0.02,0,150.0,10.0,1.00,0.500,0.300,3.00
10.9421,0.008001,-0.085956,0.001349,-0.02,0,150.0,10.0,1.00,0.500,0.300,3.00
10.9470,0.008113,-0.085782,0.001543,-0.02,0,150.0,10.0,1.00,0.500,0.300,3.00
10.9523,0.008211,-0.085602,0.001768,-0.02,0,150.0,10.0,1.00,0.500,0.300,3.00
10.9573,0.008310,-0.085419,0.001970,-0.02,0,150.0,10.0,1.00,0.500,0.300,3.00
10.9623,0.008427,-0.085206,0.002160,-0.02,0,150.0,10.0,1.00,0.500,0.300,3.00
10.9673,0.008558,-0.084966,0.002362,-0.02,0,150.0,10.0,1.00,0.500,0.300,3.00
10.9725,0.008696,-0.084691,0.002576,-0.02,0,150.0,10.0,1.00,0.500,0.300,3.00
10.9775,0.008813,-0.084435,0.002788,-0.02,0,150.0,10.0,1.00,0.500,0.300,3.00
10.9828,0.008939,-0.084142,0.003006,-0.02,0,150.0,10.0,1.00,0.500,0.300,3.00
10.9878,0.009069,-0.083859,0.003198,-0.02,0,150.0,10.0,1.00,0.500,0.300,3.00
10.9928,0.009197,-0.083568,0.003424,-0.02,0,150.0,10.0,1.00,0.500,0.300,3.00
10.9980,0.009353,-0.083266,0.003652,-0.02,0,150.0,10.0,1.00,0.500,0.300,3.00
11.0030,0.009477,-0.082981,0.003884,-0.02,0,150.0,10.0,1.00,0.500,0.300,3.00
11.0080,0.009602,-0.082708,0.004081,-0.02,0,150.0,10.0,1.00,0.500,0.300,3.00
11.0133,0.009732,-0.082427,0.004298,-0.02,0,150.0,10.0,1.00,0.500,0.300,3.00
11.0183,0.009847,-0.082158,0.004501,-0.02,0,150.0,10.0,1.00,0.500,0.300,3.00
11.0233,0.009955,-0.081896,0.004685,-0.02,0,150.0,10.0,1.00,0.500,0.300,3.00
11.0283,0.010048,-0.081642,0.004903,-0.02,0,150.0,10.0,1.00,0.500,0.300,3.00
11.0335,0.010168,-0.081374,0.005108,-0.02,0,150.0,10.0,1.00,0.500,0.300,3.00
11.0385,0.010282,-0.081116,0.005308,-0.02,0,150.0,10.0,1.00,0.500,0.300,3.00
11.0435,0.010396,-0.080857,0.005508,-0.02,0,150.0,10.0,1.00,0.500,0.300,3.00
11.0488,0.010516,-0.080590,0.005689,-0.02,0,150.0,10.0,1.00,0.500,0.300,3.00
11.0538,0.010615,-0.080346,0.005891,-0.02,0,150.0,10.0,1.00,0.500,0.300,3.00
11.0590,0.010730,-0.080089,0.006068,-0.02,0,150.0,10.0,1.00,0.500,0.300,3.00
11.0640,0.010836,-0.079854,0.006236,-0.02,0,150.0,10.0,1.00,0.500,0.300,3.00
11.0690,0.010944,-0.079601,0.006412,-0.02,0,150.0,10.0,1.00,0.500,0.300,3.00
11.0743,0.011055,-0.079349,0.006595,-0.02,0,150.0,10.0,1.00,0.500,0.300,3.00
11.0793,0.011161,-0.079108,0.006774,-0.02,0,150.0,10.0,1.00,0.500,0.300,3.00
11.0843,0.011249,-0.078877,0.006963,-0.02,0,150.0,10.0,1.00,0.500,0.300,3.00
11.0896,0.011363,-0.078630,0.007138,-0.02,0,150.0,10.0,1.00,0.500,0.300,3.00
11.0946,0.011472,-0.078406,0.007297,-0.02,0,150.0,10.0,1.00,0.500,0.300,3.00
11.0995,0.011575,-0.078188,0.007468,-0.02,0,150.0,10.0,1.00,0.500,0.300,3.00
11.1048,0.011661,-0.077987,0.007647,-0.02,0,150.0,10.0,1.00,0.500,0.300,3.00
11.1098,0.011753,-0.077795,0.007800,-0.02,0,150.0,10.0,1.00,0.500,0.300,3.00
11.1148,0.011808,-0.077622,0.007972,-0.02,0,150.0,10.0,1.00,0.500,0.300,3.00
11.1201,0.011869,-0.077445,0.008146,-0.02,0,150.0,10.0,1.00,0.500,0.300,3.00
11.1250,0.011924,-0.077290,0.008305,-0.02,0,150.0,10.0,1.00,0.500,0.300,3.00
11.1300,0.011976,-0.077149,0.008473,-0.02,0,150.0,10.0,1.00,0.500,0.300,3.00
11.1354,0.012014,-0.077009,0.008671,-0.02,0,150.0,10.0,1.00,0.500,0.300,3.00
11.1403,0.012049,-0.076884,0.008847,-0.02,0,150.0,10.0,1.00,0.500,0.300,3.00
11.1453,0.012089,-0.076765,0.009013,-0.02,0,150.0,10.0,1.00,0.500,0.300,3.00
11.1503,0.012118,-0.076645,0.009186,-0.02,0,150.0,10.0,1.00,0.500,0.300,3.00
11.1556,0.012132,-0.076537,0.009345,-0.02,0,150.0,10.0,1.00,0.500,0.300,3.00
11.1606,0.012159,-0.076435,0.009479,-0.02,0,150.0,10.0,1.00,0.500,0.300,3.00
11.1655,0.012184,-0.076341,0.009619,-0.02,0,150.0,10.0,1.00,0.500,0.300,3.00
11.1708,0.012191,-0.076267,0.009756,-0.02,0,150.0,10.0,1.00,0.500,0.300,3.00
11.1758,0.012195,-0.076200,0.009898,-0.02,0,150.0,10.0,1.00,0.500,0.300,3.00
11.1810,0.012211,-0.076149,0.010037,-0.02,0,150.0,10.0,1.00,0.500,0.300,3.00
11.1860,0.012209,-0.076124,0.010156,-0.02,0,150.0,10.0,1.00,0.500,0.300,3.00
11.1910,0.012206,-0.076105,0.010280,-0.02,0,150.0,10.0,1.00,0.500,0.300,3.00
11.1960,0.012181,-0.076108,0.010409,-0.02,0,150.0,10.0,1.00,0.500,0.300,3.00
11.2013,0.012155,-0.076110,0.010537,-0.02,0,150.0,10.0,1.00,0.500,0.300,3.00
11.2063,0.012122,-0.076125,0.010668,-0.02,0,150.0,10.0,1.00,0.500,0.300,3.00
11.2113,0.012097,-0.076139,0.010784,-0.02,0,150.0,10.0,1.00,0.500,0.300,3.00
11.2163,0.012061,-0.076169,0.010893,-0.02,0,150.0,10.0,1.00,0.500,0.300,3.00
11.2215,0.012028,-0.076194,0.011012,-0.02,0,150.0,10.0,1.00,0.500,0.300,3.00
11.2266,0.011987,-0.076229,0.011119,-0.02,0,150.0,10.0,1.00,0.500,0.300,3.00
11.2315,0.011944,-0.076270,0.011230,-0.02,0,150.0,10.0,1.00,0.500,0.300,3.00
11.2368,0.011891,-0.076324,0.011351,-0.02,0,150.0,10.0,1.00,0.500,0.300,3.00
11.2418,0.011842,-0.076370,0.011460,-0.02,0,150.0,10.0,1.00,0.500,0.300,3.00
11.2470,0.011777,-0.076436,0.011590,-0.02,0,150.0,10.0,1.00,0.500,0.300,3.00
11.2520,0.011718,-0.076494,0.011708,-0.02,0,150.0,10.0,1.00,0.500,0.300,3.00
11.2570,0.011663,-0.076559,0.011817,-0.02,0,150.0,10.0,1.00,0.500,0.300,3.00
11.2620,0.011604,-0.076617,0.011935,-0.02,0,150.0,10.0,1.00,0.500,0.300,3.00
11.2673,0.011547,-0.076675,0.012046,-0.02,0,150.0,10.0,1.00,0.500,0.300,3.00
11.2723,0.011501,-0.076732,0.012136,-0.02,0,150.0,10.0,1.00,0.500,0.300,3.00
11.2773,0.011451,-0.076787,0.012218,-0.02,0,150.0,10.0,1.00,0.500,0.300,3.00
11.2823,0.011409,-0.076841,0.012285,-0.02,0,150.0,10.0,1.00,0.500,0.300,3.00
11.2875,0.011358,-0.076903,0.012341,-0.02,0,150.0,10.0,1.00,0.500,0.300,3.00
11.2925,0.011315,-0.076952,0.012379,-0.02,0,150.0,10.0,1.00,0.500,0.300,3.00
11.2975,0.011266,-0.077004,0.012414,-0.02,0,150.0,10.0,1.00,0.500,0.300,3.00
11.3027,0.011212,-0.077054,0.012442,-0.02,0,150.0,10.0,1.00,0.500,0.300,3.00
11.3078,0.011159,-0.077101,0.012455,-0.02,0,150.0,10.0,1.00,0.500,0.300,3.00
11.3128,0.011100,-0.077152,0.012466,-0.02,0,150.0,10.0,1.00,0.500,0.300,3.00
11.3181,0.011030,-0.077199,0.012468,-0.02,0,150.0,10.0,1.00,0.500,0.300,3.00
11.3230,0.010967,-0.077244,0.012456,-0.02,0,150.0,10.0,1.00,0.500,0.300,3.00
11.3280,0.010909,-0.077285,0.012446,-0.02,0,150.0,10.0,1.00,0.500,0.300,3.00
11.3333,0.010840,-0.077332,0.012417,-0.02,0,150.0,10.0,1.00,0.500,0.300,3.00
11.3383,0.010763,-0.077388,0.012375,-0.02,0,150.0,10.0,1.00,0.500,0.300,3.00
11.3433,0.010701,-0.077435,0.012332,-0.02,0,150.0,10.0,1.00,0.500,0.300,3.00
11.3483,0.010631,-0.077487,0.012261,-0.02,0,150.0,10.0,1.00,0.500,0.300,3.00
11.3535,0.010550,-0.077546,0.012171,-0.02,0,150.0,10.0,1.00,0.500,0.300,3.00
11.3585,0.010468,-0.077604,0.012081,-0.02,0,150.0,10.0,1.00,0.500,0.300,3.00
11.3638,0.010375,-0.077668,0.011970,-0.02,0,150.0,10.0,1.00,0.500,0.300,3.00
11.3688,0.010281,-0.077732,0.011860,-0.02,0,150.0,10.0,1.00,0.500,0.300,3.00
11.3738,0.010188,-0.077795,0.011750,-0.02,0,150.0,10.0,1.00,0.500,0.300,3.00
11.3790,0.010101,-0.077855,0.011611,-0.02,0,150.0,10.0,1.00,0.500,0.300,3.00
11.3841,0.010006,-0.077927,0.011475,-0.02,0,150.0,10.0,1.00,0.500,0.300,3.00
11.3893,0.009912,-0.077999,0.011307,-0.02,0,150.0,10.0,1.00,0.500,0.300,3.00
11.3943,0.009825,-0.078070,0.011156,-0.02,0,150.0,10.0,1.00,0.500,0.300,3.00
11.3993,0.009725,-0.078146,0.010986,-0.02,0,150.0,10.0,1.00,0.500,0.300,3.00
11.4043,0.009625,-0.078222,0.010816,-0.02,0,150.0,10.0,1.00,0.500,0.300,3.00
11.4096,0.009521,-0.078310,0.010641,-0.02,0,150.0,10.0,1.00,0.500,0.300,3.00
11.4145,0.009440,-0.078380,0.010445,-0.02,0,150.0,10.0,1.00,0.500,0.300,3.00
11.4195,0.009341,-0.078459,0.010258,-0.02,0,150.0,10.0,1.00,0.500,0.300,3.00
11.4248,0.009249,-0.078542,0.010041,-0.02,0,150.0,10.0,1.00,0.500,0.300,3.00
11.4297,0.009165,-0.078616,0.009835,-0.02,0,150.0,10.0,1.00,0.500,0.300,3.00
11.4350,0.009064,-0.078702,0.009622,-0.02,0,150.0,10.0,1.00,0.500,0.300,3.00
11.4400,0.008985,-0.078771,0.009419,-0.02,0,150.0,10.0,1.00,0.500,0.300,3.00
11.4450,0.008896,-0.078844,0.009221,-0.02,0,150.0,10.0,1.00,0.500,0.300,3.00
11.4500,0.008817,-0.078913,0.009018,-0.02,0,150.0,10.0,1.00,0.500,0.300,3.00
11.4553,0.008719,-0.078990,0.008824,-0.02,0,150.0,10.0,1.00,0.500,0.300,3.00
11.4603,0.008619,-0.079060,0.008632,-0.02,0,150.0,10.0,1.00,0.500,0.300,3.00
11.4653,0.008513,-0.079137,0.008453,-0.02,0,150.0,10.0,1.00,0.500,0.300,3.00
11.4706,0.008405,-0.079204,0.008261,-0.02,0,150.0,10.0,1.00,0.500,0.300,3.00
11.4755,0.008326,-0.079264,0.008052,-0.02,0,150.0,10.0,1.00,0.500,0.300,3.00
11.4805,0.008256,-0.079309,0.007851,-0.02,0,150.0,10.0,1.00,0.500,0.300,3.00
11.4858,0.008184,-0.079357,0.007641,-0.02,0,150.0,10.0,1.00,0.500,0.300,3.00
11.4908,0.008120,-0.079403,0.007440,-0.02,0,150.0,10.0,1.00,0.500,0.300,3.00
11.4958,0.008054,-0.079450,0.007246,-0.02,0,150.0,10.0,1.00,0.500,0.300,3.00
11.5011,0.007988,-0.079501,0.007036,-0.02,0,150.0,10.0,1.00,0.500,0.300,3.00
11.5060,0.007935,-0.079552,0.006844,-0.02,0,150.0,10.0,1.00,0.500,0.300,3.00
11.5110,0.007874,-0.079609,0.006656,-0.02,0,150.0,10.0,1.00,0.500,0.300,3.00
11.5163,0.007819,-0.079667,0.006469,-0.02,0,150.0,10.0,1.00,0.500,0.300,3.00
11.5213,0.007766,-0.079733,0.006280,-0.02,0,150.0,10.0,1.00,0.500,0.300,3.00
11.5263,0.007712,-0.079812,0.006094,-0.02,0,150.0,10.0,1.00,0.500,0.300,3.00
11.5316,0.007659,-0.079891,0.005908,-0.02,0,150.0,10.0,1.00,0.500,0.300,3.00
11.5365,0.007605,-0.079974,0.005737,-0.02,0,150.0,10.0,1.00,0.500,0.300,3.00
11.5415,0.007542,-0.080071,0.005591,-0.02,0,150.0,10.0,1.00,0.500,0.300,3.00
11.5465,0.007505,-0.080147,0.005433,-0.02,0,150.0,10.0,1.00,0.500,0.300,3.00
11.5518,0.007466,-0.080234,0.005263,-0.02,0,150.0,10.0,1.00,0.500,0.300,3.00
11.5568,0.007421,-0.080325,0.005122,-0.02,0,150.0,10.0,1.00,0.500,0.300,3.00
11.5620,0.007379,-0.080416,0.004975,-0.02,0,150.0,10.0,1.00,0.500,0.300,3.00
11.5670,0.007330,-0.080517,0.004830,-0.02,0,150.0,10.0,1.00,0.500,0.300,3.00
11.5721,0.007283,-0.080619,0.004678,-0.02,0,150.0,10.0,1.00,0.500,0.300,3.00
11.5773,0.007229,-0.080731,0.004529,-0.02,0,150.0,10.0,1.00,0.500,0.300,3.00
11.5823,0.007173,-0.080836,0.004381,-0.02,0,150.0,10.0,1.00,0.500,0.300,3.00
11.5873,0.007115,-0.080949,0.004239,-0.02,0,150.0,10.0,1.00,0.500,0.300,3.00
11.5923,0.007070,-0.081056,0.004085,-0.02,0,150.0,10.0,1.00,0.500,0.300,3.00
11.5975,0.007027,-0.081163,0.003924,-0.02,0,150.0,10.0,1.00,0.500,0.300,3.00
11.6025,0.006976,-0.081263,0.003779,-0.02,0,150.0,10.0,1.00,0.500,0.300,3.00
11.6078,0.006938,-0.081352,0.003617,-0.02,0,150.0,10.0,1.00,0.500,0.300,3.00
11.6128,0.006906,-0.081436,0.003457,-0.02,0,150.0,10.0,1.00,0.500,0.300,3.00
11.6178,0.006876,-0.081513,0.003292,-0.02,0,150.0,10.0,1.00,0.500,0.300,3.00
11.6230,0.006841,-0.081587,0.003119,-0.02,0,150.0,10.0,1.00,0.500,0.300,3.00
11.6280,0.006806,-0.081661,0.002946,-0.02,0,150.0,10.0,1.00,0.500,0.300,3.00
11.6330,0.006775,-0.081727,0.002760,-0.02,0,150.0,10.0,1.00,0.500,0.300,3.00
11.6383,0.006736,-0.081801,0.002562,-0.02,0,150.0,10.0,1.00,0.500,0.300,3.00
11.6433,0.006691,-0.081864,0.002391,-0.02,0,150.0,10.0,1.00,0.500,0.300,3.00
11.6483,0.006652,-0.081924,0.002221,-0.02,0,150.0,10.0,1.00,0.500,0.300,3.00
11.6533,0.006606,-0.081984,0.002034,-0.02,0,150.0,10.0,1.00,0.500,0.300,3.00
11.6585,0.006553,-0.082047,0.001845,-0.02,0,150.0,10.0,1.00,0.500,0.300,3.00
11.6635,0.006496,-0.082118,0.001668,-0.02,0,150.0,10.0,1.00,0.500,0.300,3.00
11.6685,0.006430,-0.082183,0.001476,-0.02,0,150.0,10.0,1.00,0.500,0.300,3.00
11.6738,0.006385,-0.082245,0.001264,-0.02,0,150.0,10.0,1.00,0.500,0.300,3.00
11.6788,0.006336,-0.082304,0.001045,-0.02,0,150.0,10.0,1.00,0.500,0.300,3.00
11.6840,0.006293,-0.082359,0.000828,-0.02,0,150.0,10.0,1.00,0.500,0.300,3.00
11.6890,0.006261,-0.082403,0.000633,-0.02,0,150.0,10.0,1.00,0.500,0.300,3.00
11.6940,0.006235,-0.082448,0.000405,-0.02,0,150.0,10.0,1.00,0.500,0.300,3.00
11.6990,0.006212,-0.082490,0.000188,-0.02,0,150.0,10.0,1.00,0.500,0.300,3.00
11.7043,0.006191,-0.082532,-0.000038,-0.02,0,150.0,10.0,1.00,0.500,0.300,3.00
11.7093,0.006168,-0.082580,-0.000257,-0.02,0,150.0,10.0,1.00,0.500,0.300,3.00
11.7143,0.006155,-0.082620,-0.000505,-0.02,0,150.0,10.0,1.00,0.500,0.300,3.00
11.7193,0.006138,-0.082664,-0.000723,-0.02,0,150.0,10.0,1.00,0.500,0.300,3.00
11.7245,0.006117,-0.082712,-0.000951,-0.02,0,150.0,10.0,1.00,0.500,0.300,3.00
11.7295,0.006103,-0.082748,-0.001182,-0.02,0,150.0,10.0,1.00,0.500,0.300,3.00
11.7348,0.006084,-0.082791,-0.001400,-0.02,0,150.0,10.0,1.00,0.500,0.300,3.00
11.7398,0.006076,-0.082820,-0.001612,-0.02,0,150.0,10.0,1.00,0.500,0.300,3.00
11.7448,0.006091,-0.082839,-0.001849,-0.02,0,150.0,10.0,1.00,0.500,0.300,3.00
11.7502,0.006109,-0.082865,-0.002096,-0.02,0,150.0,10.0,1.00,0.500,0.300,3.00
11.7550,0.006138,-0.082889,-0.002333,-0.02,0,150.0,10.0,1.00,0.500,0.300,3.00
11.7600,0.006181,-0.082905,-0.002573,-0.02,0,150.0,10.0,1.00,0.500,0.300,3.00
11.7653,0.006221,-0.082921,-0.002806,-0.02,0,150.0,10.0,1.00,0.500,0.300,3.00
11.7703,0.006276,-0.082925,-0.003025,-0.02,0,150.0,10.0,1.00,0.500,0.300,3.00
11.7756,0.006339,-0.082928,-0.003267,-0.02,0,150.0,10.0,1.00,0.500,0.300,3.00
11.7805,0.006398,-0.082918,-0.003464,-0.02,0,150.0,10.0,1.00,0.500,0.300,3.00
11.7855,0.006467,-0.082911,-0.003670,-0.02,0,150.0,10.0,1.00,0.500,0.300,3.00
11.7908,0.006544,-0.082889,-0.003861,-0.02,0,150.0,10.0,1.00,0.500,0.300,3.00
11.7958,0.006617,-0.082871,-0.004023,-0.02,0,150.0,10.0,1.00,0.500,0.300,3.00
11.8012,0.006697,-0.082843,-0.004187,-0.02,0,150.0,10.0,1.00,0.500,0.300,3.00
11.8061,0.006781,-0.082810,-0.004342,-0.02,0,150.0,10.0,1.00,0.500,0.300,3.00
11.8110,0.006868,-0.082771,-0.004470,-0.02,0,150.0,10.0,1.00,0.500,0.300,3.00
11.8163,0.006954,-0.082722,-0.004579,-0.02,0,150.0,10.0,1.00,0.500,0.300,3.00
11.8213,0.007041,-0.082681,-0.004649,-0.02,0,150.0,10.0,1.00,0.500,0.300,3.00
11.8263,0.007145,-0.082621,-0.004711,-0.02,0,150.0,10.0,1.00,0.500,0.300,3.00
11.8313,0.007246,-0.082561,-0.004765,-0.02,0,150.0,10.0,1.00,0.500,0.300,3.00
11.8365,0.007350,-0.082498,-0.004809,-0.02,0,150.0,10.0,1.00,0.500,0.300,3.00
11.8415,0.007462,-0.082434,-0.004835,-0.02,0,150.0,10.0,1.00,0.500,0.300,3.00
11.8468,0.007578,-0.082367,-0.004852,-0.02,0,150.0,10.0,1.00,0.500,0.300,3.00
11.8518,0.007677,-0.082315,-0.004860,-0.02,0,150.0,10.0,1.00,0.500,0.300,3.00
11.8568,0.007773,-0.082271,-0.004855,-0.02,0,150.0,10.0,1.00,0.500,0.300,3.00
11.8621,0.007862,-0.082230,-0.004852,-0.02,0,150.0,10.0,1.00,0.500,0.300,3.00
11.8670,0.007945,-0.082193,-0.004851,-0.02,0,150.0,10.0,1.00,0.500,0.300,3.00
11.8720,0.008015,-0.082169,-0.004832,-0.02,0,150.0,10.0,1.00,0.500,0.300,3.00
11.8773,0.008072,-0.082146,-0.004815,-0.02,0,150.0,10.0,1.00,0.500,0.300,3.00
11.8823,0.008107,-0.082142,-0.004793,-0.02,0,150.0,10.0,1.00,0.500,0.300,3.00
11.8873,0.008142,-0.082125,-0.004773,-0.02,0,150.0,10.0,1.00,0.500,0.300,3.00
11.8923,0.008161,-0.082119,-0.004768,-0.02,0,150.0,10.0,1.00,0.500,0.300,3.00
11.8975,0.008173,-0.082111,-0.004764,-0.02,0,150.0,10.0,1.00,0.500,0.300,3.00
11.9025,0.008181,-0.082100,-0.004767,-0.02,0,150.0,10.0,1.00,0.500,0.300,3.00
11.9076,0.008176,-0.082097,-0.004775,-0.02,0,150.0,10.0,1.00,0.500,0.300,3.00
11.9128,0.008165,-0.082098,-0.004785,-0.02,0,150.0,10.0,1.00,0.500,0.300,3.00
11.9178,0.008155,-0.082099,-0.004795,-0.02,0,150.0,10.0,1.00,0.500,0.300,3.00
11.9231,0.008126,-0.082112,-0.004812,-0.02,0,150.0,10.0,1.00,0.500,0.300,3.00
11.9280,0.008103,-0.082121,-0.004827,-0.02,0,150.0,10.0,1.00,0.500,0.300,3.00
11.9330,0.008067,-0.082146,-0.004841,-0.02,0,150.0,10.0,1.00,0.500,0.300,3.00
11.9380,0.008028,-0.082173,-0.004864,-0.02,0,150.0,10.0,1.00,0.500,0.300,3.00
11.9433,0.007979,-0.082206,-0.004883,-0.02,0,150.0,10.0,1.00,0.500,0.300,3.00
11.9483,0.007933,-0.082245,-0.004903,-0.02,0,150.0,10.0,1.00,0.500,0.300,3.00
11.9533,0.007884,-0.082290,-0.004918,-0.02,0,150.0,10.0,1.00,0.500,0.300,3.00
11.9586,0.007825,-0.082337,-0.004943,-0.02,0,150.0,10.0,1.00,0.500,0.300,3.00
11.9635,0.007772,-0.082380,-0.004966,-0.02,0,150.0,10.0,1.00,0.500,0.300,3.00
11.9685,0.007709,-0.082437,-0.004995,-0.02,0,150.0,10.0,1.00,0.500,0.300,3.00
11.9738,0.007640,-0.082492,-0.005032,-0.02,0,150.0,10.0,1.00,0.500,0.300,3.00
11.9788,0.007569,-0.082549,-0.005079,-0.02,0,150.0,10.0,1.00,0.500,0.300,3.00
11.9838,0.007497,-0.082607,-0.005126,-0.02,0,150.0,10.0,1.00,0.500,0.300,3.00
11.9890,0.007423,-0.082661,-0.005189,-0.02,0,150.0,10.0,1.00,0.500,0.300,3.00
11.9940,0.007358,-0.082710,-0.005256,-0.02,0,150.0,10.0,1.00,0.500,0.300,3.00
11.9991,0.007282,-0.082761,-0.005334,-0.02,0,150.0,10.0,1.00,0.500,0.300,3.00
12.0043,0.007209,-0.082810,-0.005419,-0.02,0,150.0,10.0,1.00,0.500,0.300,3.00
12.0093,0.007131,-0.082857,-0.005512,-0.02,0,150.0,10.0,1.00,0.500,0.300,3.00
12.0143,0.007057,-0.082896,-0.005619,-0.02,0,150.0,10.0,1.00,0.500,0.300,3.00
12.0193,0.006977,-0.082938,-0.005727,-0.02,0,150.0,10.0,1.00,0.500,0.300,3.00
12.0246,0.006901,-0.082973,-0.005849,-0.02,0,150.0,10.0,1.00,0.500,0.300,3.00
12.0295,0.006834,-0.083003,-0.005976,-0.02,0,150.0,10.0,1.00,0.500,0.300,3.00
12.0346,0.006765,-0.083041,-0.006097,-0.02,0,150.0,10.0,1.00,0.500,0.300,3.00
12.0398,0.006703,-0.083070,-0.006240,-0.02,0,150.0,10.0,1.00,0.500,0.300,3.00
12.0448,0.006653,-0.083091,-0.006377,-0.02,0,150.0,10.0,1.00,0.500,0.300,3.00
12.0498,0.006607,-0.083111,-0.006531,-0.02,0,150.0,10.0,1.00,0.500,0.300,3.00
12.0551,0.006559,-0.083132,-0.006676,-0.02,0,150.0,10.0,1.00,0.500,0.300,3.00
12.0600,0.006522,-0.083152,-0.006811,-0.02,0,150.0,10.0,1.00,0.500,0.300,3.00
12.0650,0.006479,-0.083175,-0.006949,-0.02,0,150.0,10.0,1.00,0.500,0.300,3.00
12.0703,0.006434,-0.083206,-0.007081,-0.02,0,150.0,10.0,1.00,0.500,0.300,3.00
12.0753,0.006396,-0.083225,-0.007217,-0.02,0,150.0,10.0,1.00,0.500,0.300,3.00
12.0803,0.006372,-0.083243,-0.007350,-0.02,0,150.0,10.0,1.00,0.500,0.300,3.00
12.0853,0.006350,-0.083261,-0.007491,-0.02,0,150.0,10.0,1.00,0.500,0.300,3.00
12.0905,0.006330,-0.083278,-0.007639,-0.02,0,150.0,10.0,1.00,0.500,0.300,3.00
12.0955,0.006315,-0.083289,-0.007760,-0.02,0,150.0,10.0,1.00,0.500,0.300,3.00
12.1005,0.006306,-0.083295,-0.007879,-0.02,0,150.0,10.0,1.00,0.500,0.300,3.00
12.1058,0.006311,-0.083297,-0.008019,-0.02,0,150.0,10.0,1.00,0.500,0.300,3.00
12.1108,0.006326,-0.083297,-0.008149,-0.04,0,150.0,10.0,1.00,0.500,0.300,3.00
12.1160,0.006347,-0.083294,-0.008277,-0.10,0,150.0,10.0,1.00,0.500,0.300,3.00
12.1211,0.006372,-0.083287,-0.008394,-0.20,0,150.0,10.0,1.00,0.500,0.300,3.00
12.1261,0.006402,-0.083283,-0.008504,-0.32,0,150.0,10.0,1.00,0.500,0.300,3.00
12.1313,0.006438,-0.083273,-0.008595,-0.48,0,150.0,10.0,1.00,0.500,0.300,3.00
12.1363,0.006479,-0.083266,-0.008677,-0.65,0,150.0,10.0,1.00,0.500,0.300,3.00
12.1413,0.006528,-0.083247,-0.008763,-0.82,0,150.0,10.0,1.00,0.500,0.300,3.00
12.1463,0.006572,-0.083230,-0.008834,-1.00,0,150.0,10.0,1.00,0.500,0.300,3.00
12.1515,0.006630,-0.083205,-0.008908,-1.19,0,150.0,10.0,1.00,0.500,0.300,3.00
12.1565,0.006677,-0.083184,-0.008968,-1.35,0,150.0,10.0,1.00,0.500,0.300,3.00
12.1618,0.006736,-0.083155,-0.009025,-1.51,0,150.0,10.0,1.00,0.500,0.300,3.00
12.1668,0.006787,-0.083131,-0.009075,-1.63,0,150.0,10.0,1.00,0.500,0.300,3.00
12.1718,0.006841,-0.083113,-0.009136,-1.71,0,150.0,10.0,1.00,0.500,0.300,3.00
12.1771,0.006903,-0.083084,-0.009200,-1.77,0,150.0,10.0,1.00,0.500,0.300,3.00
12.1821,0.006962,-0.083069,-0.009253,-1.83,0,150.0,10.0,1.00,0.500,0.300,3.00
12.1870,0.007016,-0.083051,-0.009314,-1.89,0,150.0,10.0,1.00,0.500,0.300,3.00
12.1923,0.007068,-0.083033,-0.009367,-1.96,0,150.0,10.0,1.00,0.500,0.300,3.00
12.1973,0.007125,-0.083019,-0.009412,-2.07,0,150.0,10.0,1.00,0.500,0.300,3.00
12.2023,0.007173,-0.082995,-0.009455,-2.23,0,150.0,10.0,1.00,0.500,0.300,3.00
12.2073,0.007220,-0.082978,-0.009493,-2.41,0,150.0,10.0,1.00,0.500,0.300,3.00
12.2125,0.007273,-0.082944,-0.009532,-2.67,0,150.0,10.0,1.00,0.500,0.300,3.00
12.2176,0.007312,-0.082911,-0.009573,-2.95,0,150.0,10.0,1.00,0.500,0.300,3.00
12.2226,0.007355,-0.082875,-0.009604,-3.32,0,150.0,10.0,1.00,0.500,0.300,3.00
12.2278,0.007395,-0.082826,-0.009631,-3.76,0,150.0,10.0,1.00,0.500,0.300,3.00
12.2328,0.007436,-0.082777,-0.009658,-4.23,0,150.0,10.0,1.00,0.500,0.300,3.00
12.2378,0.007465,-0.082733,-0.009672,-4.76,0,150.0,10.0,1.00,0.500,0.300,3.00
12.2430,0.007497,-0.082674,-0.009697,-5.38,0,150.0,10.0,1.00,0.500,0.300,3.00
12.2480,0.007520,-0.082621,-0.009716,-5.95,0,150.0,10.0,1.00,0.500,0.300,3.00
12.2533,0.007549,-0.082563,-0.009733,-6.63,0,150.0,10.0,1.00,0.500,0.300,3.00
12.2583,0.007575,-0.082509,-0.009760,-7.27,0,150.0,10.0,1.00,0.500,0.300,3.00
12.2633,0.007606,-0.082451,-0.009785,-7.91,0,150.0,10.0,1.00,0.500,0.300,3.00
12.2683,0.007632,-0.082396,-0.009812,-8.57,0,150.0,10.0,1.00,0.500,0.300,3.00
12.2733,0.007657,-0.082342,-0.009839,-9.19,0,150.0,10.0,1.00,0.500,0.300,3.00
12.2786,0.007685,-0.082287,-0.009874,-9.82,0,150.0,10.0,1.00,0.500,0.300,3.00
12.2835,0.007707,-0.082236,-0.009911,-10.40,0,150.0,10.0,1.00,0.500,0.300,3.00
12.2885,0.007727,-0.082192,-0.009942,-10.91,0,150.0,10.0,1.00,0.500,0.300,3.00
12.2938,0.007747,-0.082151,-0.009991,-11.43,0,150.0,10.0,1.00,0.500,0.300,3.00
12.2988,0.007761,-0.082125,-0.010021,-11.84,0,150.0,10.0,1.00,0.500,0.300,3.00
12.3041,0.007781,-0.082097,-0.010067,-12.24,0,150.0,10.0,1.00,0.500,0.300,3.00
12.3090,0.007799,-0.082077,-0.010107,-12.57,0,150.0,10.0,1.00,0.500,0.300,3.00
12.3141,0.007822,-0.082060,-0.010140,-12.84,0,150.0,10.0,1.00,0.500,0.300,3.00
12.3193,0.007839,-0.082046,-0.010174,-13.11,0,150.0,10.0,1.00,0.500,0.300,3.00
12.3244,0.007862,-0.082029,-0.010206,-13.33,0,150.0,10.0,1.00,0.500,0.300,3.00
12.3294,0.007892,-0.082007,-0.010237,-13.53,0,150.0,10.0,1.00,0.500,0.300,3.00
12.3343,0.007918,-0.081987,-0.010259,-13.71,0,150.0,10.0,1.00,0.500,0.300,3.00
12.3396,0.007951,-0.081962,-0.010279,-13.88,0,150.0,10.0,1.00,0.500,0.300,3.00
12.3445,0.007989,-0.081940,-0.010291,-14.04,0,150.0,10.0,1.00,0.500,0.300,3.00
12.3496,0.008028,-0.081911,-0.010309,-14.19,0,150.0,10.0,1.00,0.500,0.300,3.00
12.3548,0.008073,-0.081879,-0.010324,-14.34,0,150.0,10.0,1.00,0.500,0.300,3.00
12.3598,0.008111,-0.081857,-0.010337,-14.47,0,150.0,10.0,1.00,0.500,0.300,3.00
12.3648,0.008151,-0.081839,-0.010333,-14.58,0,150.0,10.0,1.00,0.500,0.300,3.00
12.3700,0.008183,-0.081826,-0.010324,-14.68,0,150.0,10.0,1.00,0.500,0.300,3.00
12.3750,0.008211,-0.081820,-0.010302,-14.78,0,150.0,10.0,1.00,0.500,0.300,3.00
12.3803,0.008242,-0.081813,-0.010287,-14.87,0,150.0,10.0,1.00,0.500,0.300,3.00
12.3853,0.008270,-0.081808,-0.010264,-14.94,0,150.0,10.0,1.00,0.500,0.300,3.00
12.3903,0.008293,-0.081806,-0.010244,-15.01,0,150.0,10.0,1.00,0.500,0.300,3.00
12.3953,0.008315,-0.081804,-0.010224,-15.07,0,150.0,10.0,1.00,0.500,0.300,3.00
12.4006,0.008334,-0.081803,-0.010196,-15.13,0,150.0,10.0,1.00,0.500,0.300,3.00
12.4055,0.008358,-0.081794,-0.010181,-15.18,0,150.0,10.0,1.00,0.500,0.300,3.00
12.4105,0.008375,-0.081793,-0.010146,-15.23,0,150.0,10.0,1.00,0.500,0.300,3.00
12.4158,0.008396,-0.081785,-0.010123,-15.29,0,150.0,10.0,1.00,0.500,0.300,3.00
12.4208,0.008414,-0.081777,-0.010093,-15.34,0,150.0,10.0,1.00,0.500,0.300,3.00
12.4260,0.008430,-0.081770,-0.010055,-15.41,0,150.0,10.0,1.00,0.500,0.300,3.00
12.4310,0.008439,-0.081767,-0.010019,-15.48,0,150.0,10.0,1.00,0.500,0.300,3.00
12.4360,0.008444,-0.081765,-0.009968,-15.56,0,150.0,10.0,1.00,0.500,0.300,3.00
12.4414,0.008445,-0.081758,-0.009906,-15.67,0,150.0,10.0,1.00,0.500,0.300,3.00
12.4463,0.008448,-0.081756,-0.009847,-15.79,0,150.0,10.0,1.00,0.500,0.300,3.00
12.4513,0.008451,-0.081748,-0.009794,-15.94,0,150.0,10.0,1.00,0.500,0.300,3.00
12.4563,0.008458,-0.081736,-0.009730,-16.11,0,150.0,10.0,1.00,0.500,0.300,3.00
12.4615,0.008459,-0.081728,-0.009669,-16.33,0,150.0,10.0,1.00,0.500,0.300,3.00
12.4665,0.008464,-0.081713,-0.009621,-16.56,0,150.0,10.0,1.00,0.500,0.300,3.00
12.4715,0.008467,-0.081704,-0.009567,-16.82,0,150.0,10.0,1.00,0.500,0.300,3.00
12.4768,0.008480,-0.081684,-0.009525,-17.12,0,150.0,10.0,1.00,0.500,0.300,3.00
12.4818,0.008487,-0.081668,-0.009485,-17.44,0,150.0,10.0,1.00,0.500,0.300,3.00
12.4868,0.008500,-0.081648,-0.009442,-17.77,0,150.0,10.0,1.00,0.500,0.300,3.00
12.4920,0.008511,-0.081628,-0.009392,-18.15,0,150.0,10.0,1.00,0.500,0.300,3.00
12.4970,0.008518,-0.081612,-0.009352,-18.54,0,150.0,10.0,1.00,0.500,0.300,3.00
12.5020,0.008516,-0.081601,-0.009307,-18.92,0,150.0,10.0,1.00,0.500,0.300,3.00
12.5070,0.008520,-0.081585,-0.009259,-19.33,0,150.0,10.0,1.00,0.500,0.300,3.00
12.5123,0.008516,-0.081574,-0.009205,-19.75,0,150.0,10.0,1.00,0.500,0.300,3.00
12.5173,0.008503,-0.081568,-0.009146,-20.18,0,150.0,10.0,1.00,0.500,0.300,3.00
12.5223,0.008494,-0.081554,-0.009101,-20.63,0,150.0,10.0,1.00,0.500,0.300,3.00
12.5276,0.008485,-0.081540,-0.009055,-21.12,0,150.0,10.0,1.00,0.500,0.300,3.00
12.5325,0.008478,-0.081525,-0.009018,-21.59,0,150.0,10.0,1.00,0.500,0.300,3.00
12.5378,0.008472,-0.081510,-0.008980,-22.12,0,150.0,10.0,1.00,0.500,0.300,3.00
12.5428,0.008468,-0.081495,-0.008950,-22.61,0,150.0,10.0,1.00,0.500,0.300,3.00
12.5478,0.008472,-0.081475,-0.008926,-23.13,0,150.0,10.0,1.00,0.500,0.300,3.00
12.5531,0.008473,-0.081463,-0.008888,-23.63,0,150.0,10.0,1.00,0.500,0.300,3.00
12.5580,0.008486,-0.081438,-0.008869,-24.16,0,150.0,10.0,1.00,0.500,0.300,3.00
12.5630,0.008488,-0.081433,-0.008833,-24.65,0,150.0,10.0,1.00,0.500,0.300,3.00
12.5680,0.008502,-0.081415,-0.008817,-25.15,0,150.0,10.0,1.00,0.500,0.300,3.00
12.5733,0.008521,-0.081400,-0.008792,-25.62,0,150.0,10.0,1.00,0.500,0.300,3.00
12.5783,0.008544,-0.081377,-0.008781,-26.08,0,150.0,10.0,1.00,0.500,0.300,3.00
12.5833,0.008565,-0.081369,-0.008758,-26.48,0,150.0,10.0,1.00,0.500,0.300,3.00
12.5883,0.008586,-0.081353,-0.008741,-26.88,0,150.0,10.0,1.00,0.500,0.300,3.00
12.5936,0.008611,-0.081337,-0.008732,-27.25,0,150.0,10.0,1.00,0.500,0.300,3.00
12.5985,0.008637,-0.081325,-0.008708,-27.53,0,150.0,10.0,1.00,0.500,0.300,3.00
12.6038,0.008671,-0.081315,-0.008683,-27.82,0,150.0,10.0,1.00,0.500,0.300,3.00
12.6088,0.008697,-0.081309,-0.008653,-28.05,0,150.0,10.0,1.00,0.500,0.300,3.00
12.6138,0.008731,-0.081299,-0.008628,-28.25,0,150.0,10.0,1.00,0.500,0.300,3.00
12.6188,0.008769,-0.081299,-0.008589,-28.33,0,150.0,10.0,1.00,0.500,0.300,3.00
12.6240,0.008798,-0.081304,-0.008546,-28.29,0,150.0,10.0,1.00,0.500,0.300,3.00
12.6290,0.008837,-0.081310,-0.008510,-28.25,0,150.0,10.0,1.00,0.500,0.300,3.00
12.6341,0.008872,-0.081325,-0.008460,-28.26,0,150.0,10.0,1.00,0.500,0.300,3.00
12.6394,0.008915,-0.081341,-0.008411,-28.30,0,150.0,10.0,1.00,0.500,0.300,3.00
12.6443,0.008956,-0.081351,-0.008359,-28.31,0,150.0,10.0,1.00,0.500,0.300,3.00
12.6493,0.008998,-0.081361,-0.008307,-28.31,0,150.0,10.0,1.00,0.500,0.300,3.00
12.6543,0.009041,-0.081357,-0.008267,-28.31,0,150.0,10.0,1.00,0.500,0.300,3.00
12.6595,0.009093,-0.081353,-0.008208,-28.31,0,150.0,10.0,1.00,0.500,0.300,3.00
12.6645,0.009138,-0.081341,-0.008173,-28.31,0,150.0,10.0,1.00,0.500,0.300,3.00
12.6695,0.009182,-0.081324,-0.008136,-28.32,0,150.0,10.0,1.00,0.500,0.300,3.00
12.6748,0.009234,-0.081301,-0.008104,-28.32,0,150.0,10.0,1.00,0.500,0.300,3.00
12.6798,0.009275,-0.081284,-0.008059,-28.32,0,150.0,10.0,1.00,0.500,0.300,3.00
12.6850,0.009324,-0.081248,-0.008023,-28.32,0,150.0,10.0,1.00,0.500,0.300,3.00
12.6900,0.009361,-0.081225,-0.007968,-28.32,0,150.0,10.0,1.00,0.500,0.300,3.00
12.6950,0.009393,-0.081199,-0.007921,-28.32,0,150.0,10.0,1.00,0.500,0.300,3.00
12.7000,0.009428,-0.081176,-0.007858,-28.32,0,150.0,10.0,1.00,0.500,0.300,3.00
12.7054,0.009461,-0.081147,-0.007793,-28.32,0,150.0,10.0,1.00,0.500,0.300,3.00
12.7103,0.009485,-0.081122,-0.007723,-28.32,0,150.0,10.0,1.00,0.500,0.300,3.00
12.7153,0.009518,-0.081093,-0.007658,-28.32,0,150.0,10.0,1.00,0.500,0.300,3.00
12.7206,0.009548,-0.081064,-0.007586,-28.32,0,150.0,10.0,1.00,0.500,0.300,3.00
12.7256,0.009584,-0.081034,-0.007528,-28.32,0,150.0,10.0,1.00,0.500,0.300,3.00
12.7305,0.009609,-0.081016,-0.007460,-28.32,0,150.0,10.0,1.00,0.500,0.300,3.00
12.7358,0.009642,-0.080987,-0.007395,-28.32,0,150.0,10.0,1.00,0.500,0.300,3.00
12.7408,0.009670,-0.080968,-0.007335,-28.32,0,150.0,10.0,1.00,0.500,0.300,3.00
12.7458,0.009703,-0.080952,-0.007267,-28.32,0,150.0,10.0,1.00,0.500,0.300,3.00
12.7510,0.009749,-0.080921,-0.007199,-28.32,0,150.0,10.0,1.00,0.500,0.300,3.00
12.7561,0.009778,-0.080908,-0.007141,-28.32,0,150.0,10.0,1.00,0.500,0.300,3.00
12.7613,0.009803,-0.080897,-0.007068,-28.32,0,150.0,10.0,1.00,0.500,0.300,3.00
12.7663,0.009823,-0.080889,-0.007004,-28.32,0,150.0,10.0,1.00,0.500,0.300,3.00
12.7713,0.009835,-0.080886,-0.006935,-28.32,0,150.0,10.0,1.00,0.500,0.300,3.00
12.7763,0.009841,-0.080888,-0.006868,-28.32,0,150.0,10.0,1.00,0.500,0.300,3.00
12.7815,0.009846,-0.080896,-0.006796,-28.32,0,150.0,10.0,1.00,0.500,0.300,3.00
12.7865,0.009851,-0.080904,-0.006724,-28.32,0,150.0,10.0,1.00,0.500,0.300,3.00
12.7915,0.009856,-0.080905,-0.006657,-28.32,0,150.0,10.0,1.00,0.500,0.300,3.00
12.7968,0.009856,-0.080910,-0.006593,-28.32,0,150.0,10.0,1.00,0.500,0.300,3.00
12.8018,0.009859,-0.080912,-0.006518,-28.32,0,150.0,10.0,1.00,0.500,0.300,3.00
12.8068,0.009872,-0.080902,-0.006455,-28.32,0,150.0,10.0,1.00,0.500,0.300,3.00
12.8121,0.009883,-0.080892,-0.006384,-28.32,0,150.0,10.0,1.00,0.500,0.300,3.00
12.8170,0.009893,-0.080882,-0.006313,-28.32,0,150.0,10.0,1.00,0.500,0.300,3.00
12.8223,0.009903,-0.080862,-0.006263,-28.32,0,150.0,10.0,1.00,0.500,0.300,3.00
12.8274,0.009908,-0.080849,-0.006200,-28.32,0,150.0,10.0,1.00,0.500,0.300,3.00
12.8326,0.009915,-0.080829,-0.006142,-28.32,0,150.0,10.0,1.00,0.500,0.300,3.00
12.8376,0.009927,-0.080809,-0.006100,-28.32,0,150.0,10.0,1.00,0.500,0.300,3.00
12.8428,0.009927,-0.080793,-0.006044,-28.32,0,150.0,10.0,1.00,0.500,0.300,3.00
12.8478,0.009938,-0.080779,-0.005997,-28.32,0,150.0,10.0,1.00,0.500,0.300,3.00
12.8528,0.009940,-0.080770,-0.005943,-28.32,0,150.0,10.0,1.00,0.500,0.300,3.00
12.8581,0.009941,-0.080764,-0.005908,-28.32,0,150.0,10.0,1.00,0.500,0.300,3.00
12.8630,0.009949,-0.080754,-0.005870,-28.32,0,150.0,10.0,1.00,0.500,0.300,3.00
12.8681,0.009950,-0.080748,-0.005835,-28.32,0,150.0,10.0,1.00,0.500,0.300,3.00
12.8731,0.009948,-0.080745,-0.005810,-28.32,0,150.0,10.0,1.00,0.500,0.300,3.00
12.8783,0.009949,-0.080739,-0.005774,-28.32,0,150.0,10.0,1.00,0.500,0.300,3.00
12.8833,0.009955,-0.080725,-0.005752,-28.32,0,150.0,10.0,1.00,0.500,0.300,3.00
12.8886,0.009947,-0.080724,-0.005711,-28.32,0,150.0,10.0,1.00,0.500,0.300,3.00
12.8935,0.009951,-0.080717,-0.005683,-28.32,0,150.0,10.0,1.00,0.500,0.300,3.00
12.8985,0.009953,-0.080711,-0.005648,-28.32,0,150.0,10.0,1.00,0.500,0.300,3.00
12.9038,0.009956,-0.080704,-0.005620,-28.32,0,150.0,10.0,1.00,0.500,0.300,3.00
12.9088,0.009963,-0.080697,-0.005600,-28.32,0,150.0,10.0,1.00,0.500,0.300,3.00
12.9138,0.009970,-0.080690,-0.005580,-28.32,0,150.0,10.0,1.00,0.500,0.300,3.00
12.9190,0.009975,-0.080690,-0.005555,-28.32,0,150.0,10.0,1.00,0.500,0.300,3.00
12.9241,0.009982,-0.080682,-0.005535,-28.32,0,150.0,10.0,1.00,0.500,0.300,3.00
12.9290,0.009987,-0.080682,-0.005509,-28.32,0,150.0,10.0,1.00,0.500,0.300,3.00
12.9343,0.009995,-0.080682,-0.005491,-28.32,0,150.0,10.0,1.00,0.500,0.300,3.00
12.9393,0.009996,-0.080679,-0.005474,-28.32,0,150.0,10.0,1.00,0.500,0.300,3.00
12.9443,0.010005,-0.080671,-0.005461,-28.32,0,150.0,10.0,1.00,0.500,0.300,3.00
12.9493,0.010010,-0.080671,-0.005436,-28.32,0,150.0,10.0,1.00,0.500,0.300,3.00
12.9546,0.010020,-0.080663,-0.005423,-28.32,0,150.0,10.0,1.00,0.500,0.300,3.00
12.9596,0.010019,-0.080653,-0.005404,-28.32,0,150.0,10.0,1.00,0.500,0.300,3.00
12.9648,0.010033,-0.080635,-0.005387,-28.32,0,150.0,10.0,1.00,0.500,0.300,3.00
12.9698,0.010038,-0.080621,-0.005365,-28.32,0,150.0,10.0,1.00,0.500,0.300,3.00
12.9750,0.010043,-0.080607,-0.005342,-28.32,0,150.0,10.0,1.00,0.500,0.300,3.00
12.9800,0.010054,-0.080589,-0.005318,-28.32,0,150.0,10.0,1.00,0.500,0.300,3.00
12.9851,0.010059,-0.080575,-0.005296,-28.32,0,150.0,10.0,1.00,0.500,0.300,3.00
12.9903,0.010072,-0.080550,-0.005277,-28.32,0,150.0,10.0,1.00,0.500,0.300,3.00
12.9953,0.010080,-0.080536,-0.005262,-28.32,0,150.0,10.0,1.00,0.500,0.300,3.00
13.0003,0.010089,-0.080514,-0.005253,-28.32,0,150.0,10.0,1.00,0.500,0.300,3.00
13.0056,0.010097,-0.080500,-0.005239,-28.32,0,150.0,10.0,1.00,0.500,0.300,3.00
13.0105,0.010113,-0.080481,-0.005229,-28.32,0,150.0,10.0,1.00,0.500,0.300,3.00
13.0155,0.010121,-0.080467,-0.005215,-28.32,0,150.0,10.0,1.00,0.500,0.300,3.00
13.0208,0.010135,-0.080448,-0.005198,-28.32,0,150.0,10.0,1.00,0.500,0.300,3.00
13.0258,0.010153,-0.080432,-0.005173,-28.32,0,150.0,10.0,1.00,0.500,0.300,3.00
13.0311,0.010169,-0.080417,-0.005141,-28.32,0,150.0,10.0,1.00,0.500,0.300,3.00
13.0360,0.010185,-0.080402,-0.005108,-28.32,0,150.0,10.0,1.00,0.500,0.300,3.00
13.0414,0.010214,-0.080385,-0.005074,-28.32,0,150.0,10.0,1.00,0.500,0.300,3.00
13.0463,0.010236,-0.080366,-0.005039,-28.32,0,150.0,10.0,1.00,0.500,0.300,3.00
13.0513,0.010264,-0.080343,-0.005002,-28.32,0,150.0,10.0,1.00,0.500,0.300,3.00
13.0563,0.010292,-0.080319,-0.004965,-28.32,0,150.0,10.0,1.00,0.500,0.300,3.00
13.0615,0.010333,-0.080280,-0.004928,-28.32,0,150.0,10.0,1.00,0.500,0.300,3.00
13.0665,0.010364,-0.080253,-0.004881,-28.32,0,150.0,10.0,1.00,0.500,0.300,3.00
13.0715,0.010409,-0.080217,-0.004837,-28.32,0,150.0,10.0,1.00,0.500,0.300,3.00
13.0768,0.010452,-0.080181,-0.004785,-28.32,0,150.0,10.0,1.00,0.500,0.300,3.00
13.0818,0.010493,-0.080142,-0.004749,-28.32,0,150.0,10.0,1.00,0.500,0.300,3.00
13.0871,0.010537,-0.080099,-0.004702,-28.32,0,150.0,10.0,1.00,0.500,0.300,3.00
13.0920,0.010586,-0.080062,-0.004666,-28.32,0,150.0,10.0,1.00,0.500,0.300,3.00
13.0971,0.010627,-0.080023,-0.004629,-28.32,0,150.0,10.0,1.00,0.500,0.300,3.00
13.1020,0.010675,-0.079986,-0.004593,-28.32,0,150.0,10.0,1.00,0.500,0.300,3.00
13.1073,0.010726,-0.079949,-0.004564,-28.32,0,150.0,10.0,1.00,0.500,0.300,3.00
13.1123,0.010766,-0.079926,-0.004542,-28.32,0,150.0,10.0,1.00,0.500,0.300,3.00
13.1173,0.010808,-0.079911,-0.004522,-28.32,0,150.0,10.0,1.00,0.500,0.300,3.00
13.1223,0.010842,-0.079899,-0.004496,-28.32,0,150.0,10.0,1.00,0.500,0.300,3.00
13.1276,0.010872,-0.079892,-0.004481,-28.32,0,150.0,10.0,1.00,0.500,0.300,3.00
13.1325,0.010893,-0.079889,-0.004461,-28.32,0,150.0,10.0,1.00,0.500,0.300,3.00
13.1376,0.010916,-0.079893,-0.004443,-28.31,0,150.0,10.0,1.00,0.500,0.300,3.00
13.1428,0.010931,-0.079895,-0.004424,-28.31,0,150.0,10.0,1.00,0.500,0.300,3.00
13.1478,0.010941,-0.079900,-0.004409,-28.31,0,150.0,10.0,1.00,0.500,0.300,3.00
13.1528,0.010946,-0.079903,-0.004401,-28.31,0,150.0,10.0,1.00,0.500,0.300,3.00
13.1581,0.010947,-0.079907,-0.004385,-28.31,0,150.0,10.0,1.00,0.500,0.300,3.00
13.1631,0.010945,-0.079907,-0.004378,-28.31,0,150.0,10.0,1.00,0.500,0.300,3.00
13.1680,0.010942,-0.079908,-0.004370,-28.31,0,150.0,10.0,1.00,0.500,0.300,3.00
13.1731,0.010940,-0.079901,-0.004368,-28.31,0,150.0,10.0,1.00,0.500,0.300,3.00
13.1783,0.010933,-0.079899,-0.004368,-28.31,0,150.0,10.0,1.00,0.500,0.300,3.00
13.1833,0.010928,-0.079896,-0.004376,-28.31,0,150.0,10.0,1.00,0.500,0.300,3.00
13.1883,0.010922,-0.079886,-0.004382,-28.31,0,150.0,10.0,1.00,0.500,0.300,3.00
13.1935,0.010917,-0.079884,-0.004390,-28.31,0,150.0,10.0,1.00,0.500,0.300,3.00
13.1985,0.010914,-0.079874,-0.004403,-28.31,0,150.0,10.0,1.00,0.500,0.300,3.00
13.2035,0.010912,-0.079870,-0.004418,-28.31,0,150.0,10.0,1.00,0.500,0.300,3.00
13.2088,0.010906,-0.079874,-0.004421,-28.31,0,150.0,10.0,1.00,0.500,0.300,3.00
13.2138,0.010898,-0.079875,-0.004439,-28.31,0,150.0,10.0,1.00,0.500,0.300,3.00
13.2188,0.010892,-0.079879,-0.004441,-28.31,0,150.0,10.0,1.00,0.500,0.300,3.00
13.2240,0.010888,-0.079890,-0.004446,-28.31,0,150.0,10.0,1.00,0.500,0.300,3.00
13.2290,0.010888,-0.079890,-0.004446,-28.31,0,150.0,10.0,1.00,0.500,0.300,3.00
13.2341,0.010880,-0.079902,-0.004442,-28.31,0,150.0,10.0,1.00,0.500,0.300,3.00
13.2390,0.010880,-0.079902,-0.004442,-28.31,0,150.0,10.0,1.00,0.500,0.300,3.00
13.2443,0.010880,-0.079902,-0.004442,-28.31,0,150.0,10.0,1.00,0.500,0.300,3.00
13.2493,0.010879,-0.079909,-0.004437,-28.31,0,150.0,10.0,1.00,0.500,0.300,3.00
13.2543,0.010879,-0.079909,-0.004437,-28.31,0,150.0,10.0,1.00,0.500,0.300,3.00
13.2596,0.010879,-0.079909,-0.004437,-28.31,0,150.0,10.0,1.00,0.500,0.300,3.00
13.2645,0.010879,-0.079909,-0.004437,-28.31,0,150.0,10.0,1.00,0.500,0.300,3.00
13.2695,0.010876,-0.079909,-0.004429,-28.31,0,150.0,10.0,1.00,0.500,0.300,3.00
13.2748,0.010876,-0.079909,-0.004429,-28.31,0,150.0,10.0,1.00,0.500,0.300,3.00
13.2798,0.010878,-0.079902,-0.004435,-28.31,0,150.0,10.0,1.00,0.500,0.300,3.00
13.2850,0.010878,-0.079902,-0.004435,-28.31,0,150.0,10.0,1.00,0.500,0.300,3.00
13.2901,0.010879,-0.079895,-0.004440,-28.31,0,150.0,10.0,1.00,0.500,0.300,3.00
13.2951,0.010879,-0.079895,-0.004440,-28.31,0,150.0,10.0,1.00,0.500,0.300,3.00
13.3001,0.010879,-0.079895,-0.004440,-28.31,0,150.0,10.0,1.00,0.500,0.300,3.00
13.3053,0.010882,-0.079895,-0.004448,-28.31,0,150.0,10.0,1.00,0.500,0.300,3.00
13.3103,0.010882,-0.079895,-0.004448,-28.31,0,150.0,10.0,1.00,0.500,0.300,3.00
13.3153,0.010882,-0.079895,-0.004448,-28.31,0,150.0,10.0,1.00,0.500,0.300,3.00
13.3206,0.010888,-0.079890,-0.004446,-28.31,0,150.0,10.0,1.00,0.500,0.300,3.00
13.3256,0.010888,-0.079890,-0.004446,-28.31,0,150.0,10.0,1.00,0.500,0.300,3.00
13.3308,0.010894,-0.079886,-0.004443,-28.31,0,150.0,10.0,1.00,0.500,0.300,3.00
13.3358,0.010906,-0.079878,-0.004438,-28.31,0,150.0,10.0,1.00,0.500,0.300,3.00
13.3408,0.010912,-0.079873,-0.004436,-28.31,0,150.0,10.0,1.00,0.500,0.300,3.00
13.3461,0.010922,-0.079858,-0.004429,-28.31,0,150.0,10.0,1.00,0.500,0.300,3.00
13.3510,0.010934,-0.079850,-0.004424,-28.31,0,150.0,10.0,1.00,0.500,0.300,3.00
13.3561,0.010950,-0.079834,-0.004433,-28.31,0,150.0,10.0,1.00,0.500,0.300,3.00
13.3610,0.010958,-0.079815,-0.004441,-28.31,0,150.0,10.0,1.00,0.500,0.300,3.00
13.3663,0.010967,-0.079797,-0.004450,-28.31,0,150.0,10.0,1.00,0.500,0.300,3.00
13.3713,0.010972,-0.079782,-0.004469,-28.31,0,150.0,10.0,1.00,0.500,0.300,3.00
13.3763,0.010975,-0.079768,-0.004480,-28.31,0,150.0,10.0,1.00,0.500,0.300,3.00
13.3816,0.010976,-0.079743,-0.004511,-28.31,0,150.0,10.0,1.00,0.500,0.300,3.00
13.3866,0.010971,-0.079730,-0.004540,-28.31,0,150.0,10.0,1.00,0.500,0.300,3.00
13.3915,0.010962,-0.079720,-0.004579,-28.31,0,150.0,10.0,1.00,0.500,0.300,3.00
13.3968,0.010958,-0.079703,-0.004631,-28.31,0,150.0,10.0,1.00,0.500,0.300,3.00
13.4018,0.010947,-0.079689,-0.004686,-28.31,0,150.0,10.0,1.00,0.500,0.300,3.00
13.4068,0.010942,-0.079672,-0.004738,-28.31,0,150.0,10.0,1.00,0.500,0.300,3.00
13.4121,0.010934,-0.079658,-0.004800,-28.31,0,150.0,10.0,1.00,0.500,0.300,3.00
13.4170,0.010933,-0.079633,-0.004865,-28.31,0,150.0,10.0,1.00,0.500,0.300,3.00
13.4221,0.010928,-0.079619,-0.004935,-28.31,0,150.0,10.0,1.00,0.500,0.300,3.00
13.4273,0.010925,-0.079591,-0.005015,-28.31,0,150.0,10.0,1.00,0.500,0.300,3.00
13.4323,0.010922,-0.079562,-0.005096,-28.31,0,150.0,10.0,1.00,0.500,0.300,3.00
13.4373,0.010914,-0.079531,-0.005185,-28.31,0,150.0,10.0,1.00,0.500,0.300,3.00
13.4423,0.010908,-0.079503,-0.005258,-28.31,0,150.0,10.0,1.00,0.500,0.300,3.00
13.4476,0.010895,-0.079469,-0.005354,-28.31,0,150.0,10.0,1.00,0.500,0.300,3.00
13.4526,0.010886,-0.079431,-0.005441,-28.31,0,150.0,10.0,1.00,0.500,0.300,3.00
13.4576,0.010876,-0.079396,-0.005545,-28.31,0,150.0,10.0,1.00,0.500,0.300,3.00
13.4628,0.010862,-0.079351,-0.005662,-28.31,0,150.0,10.0,1.00,0.500,0.300,3.00
13.4678,0.010845,-0.079307,-0.005772,-28.31,0,150.0,10.0,1.00,0.500,0.300,3.00
13.4730,0.010820,-0.079263,-0.005900,-28.31,0,150.0,10.0,1.00,0.500,0.300,3.00
13.4781,0.010791,-0.079227,-0.006014,-28.31,0,150.0,10.0,1.00,0.500,0.300,3.00
13.4831,0.010767,-0.079197,-0.006139,-28.31,0,150.0,10.0,1.00,0.500,0.300,3.00
13.4884,0.010741,-0.079175,-0.006258,-28.31,0,150.0,10.0,1.00,0.500,0.300,3.00
13.4933,0.010727,-0.079139,-0.006396,-28.31,0,150.0,10.0,1.00,0.500,0.300,3.00
13.4983,0.010717,-0.079114,-0.006520,-28.31,0,150.0,10.0,1.00,0.500,0.300,3.00
13.5035,0.010702,-0.079083,-0.006634,-28.31,0,150.0,10.0,1.00,0.500,0.300,3.00
13.5086,0.010683,-0.079062,-0.006753,-28.31,0,150.0,10.0,1.00,0.500,0.300,3.00
13.5135,0.010667,-0.079041,-0.006880,-28.31,0,150.0,10.0,1.00,0.500,0.300,3.00
13.5188,0.010658,-0.079022,-0.007007,-28.31,0,150.0,10.0,1.00,0.500,0.300,3.00
13.5238,0.010652,-0.078999,-0.007123,-28.31,0,150.0,10.0,1.00,0.500,0.300,3.00
13.5288,0.010656,-0.078965,-0.007251,-28.31,0,150.0,10.0,1.00,0.500,0.300,3.00
13.5341,0.010664,-0.078934,-0.007371,-28.31,0,150.0,10.0,1.00,0.500,0.300,3.00
13.5390,0.010679,-0.078898,-0.007488,-28.31,0,150.0,10.0,1.00,0.500,0.300,3.00
13.5440,0.010690,-0.078863,-0.007598,-28.31,0,150.0,10.0,1.00,0.500,0.300,3.00
13.5494,0.010703,-0.078834,-0.007710,-28.31,0,150.0,10.0,1.00,0.500,0.300,3.00
13.5543,0.010709,-0.078803,-0.007822,-28.31,0,150.0,10.0,1.00,0.500,0.300,3.00
13.5593,0.010712,-0.078773,-0.007926,-28.31,0,150.0,10.0,1.00,0.500,0.300,3.00
13.5643,0.010713,-0.078736,-0.008028,-28.31,0,150.0,10.0,1.00,0.500,0.300,3.00
13.5695,0.010713,-0.078702,-0.008148,-28.31,0,150.0,10.0,1.00,0.500,0.300,3.00
13.5746,0.010715,-0.078665,-0.008250,-28.31,0,150.0,10.0,1.00,0.500,0.300,3.00
13.5798,0.010719,-0.078620,-0.008366,-28.31,0,150.0,10.0,1.00,0.500,0.300,3.00
13.5848,0.010712,-0.078588,-0.008462,-28.31,0,150.0,10.0,1.00,0.500,0.300,3.00
13.5901,0.010711,-0.078544,-0.008562,-28.31,0,150.0,10.0,1.00,0.500,0.300,3.00
13.5951,0.010720,-0.078506,-0.008647,-28.31,0,150.0,10.0,1.00,0.500,0.300,3.00
13.6000,0.010724,-0.078470,-0.008715,-28.31,0,150.0,10.0,1.00,0.500,0.300,3.00
13.6050,0.010740,-0.078425,-0.008779,-28.31,0,150.0,10.0,1.00,0.500,0.300,3.00
13.6104,0.010750,-0.078388,-0.008822,-28.31,0,150.0,10.0,1.00,0.500,0.300,3.00
13.6153,0.010772,-0.078343,-0.008861,-28.31,0,150.0,10.0,1.00,0.500,0.300,3.00
13.6203,0.010796,-0.078288,-0.008886,-28.31,0,150.0,10.0,1.00,0.500,0.300,3.00
13.6253,0.010824,-0.078243,-0.008899,-28.31,0,150.0,10.0,1.00,0.500,0.300,3.00
13.6305,0.010859,-0.078186,-0.008914,-28.32,0,150.0,10.0,1.00,0.500,0.300,3.00
13.6356,0.010904,-0.078136,-0.008914,-28.32,0,150.0,10.0,1.00,0.500,0.300,3.00
13.6405,0.010947,-0.078079,-0.008912,-28.32,0,150.0,10.0,1.00,0.500,0.300,3.00
13.6458,0.011006,-0.078002,-0.008900,-28.32,0,150.0,10.0,1.00,0.500,0.300,3.00
13.6508,0.011065,-0.077933,-0.008882,-28.32,0,150.0,10.0,1.00,0.500,0.300,3.00
13.6558,0.011127,-0.077860,-0.008854,-28.32,0,150.0,10.0,1.00,0.500,0.300,3.00
13.6611,0.011204,-0.077779,-0.008830,-28.31,0,150.0,10.0,1.00,0.500,0.300,3.00
13.6660,0.011279,-0.077704,-0.008800,-28.31,0,150.0,10.0,1.00,0.500,0.300,3.00
13.6711,0.011357,-0.077632,-0.008754,-28.31,0,150.0,10.0,1.00,0.500,0.300,3.00
13.6764,0.011438,-0.077557,-0.008698,-28.31,0,150.0,10.0,1.00,0.500,0.300,3.00
13.6813,0.011525,-0.077485,-0.008634,-28.31,0,150.0,10.0,1.00,0.500,0.300,3.00
13.6863,0.011608,-0.077413,-0.008562,-28.31,0,150.0,10.0,1.00,0.500,0.300,3.00
13.6913,0.011700,-0.077336,-0.008496,-28.31,0,150.0,10.0,1.00,0.500,0.300,3.00
13.6966,0.011808,-0.077247,-0.008414,-28.31,0,150.0,10.0,1.00,0.500,0.300,3.00
13.7015,0.011913,-0.077158,-0.008325,-28.32,0,150.0,10.0,1.00,0.500,0.300,3.00
13.7066,0.012029,-0.077060,-0.008231,-28.32,0,150.0,10.0,1.00,0.500,0.300,3.00
13.7118,0.012152,-0.076959,-0.008134,-28.32,0,150.0,10.0,1.00,0.500,0.300,3.00
13.7168,0.012265,-0.076861,-0.008032,-28.32,0,150.0,10.0,1.00,0.500,0.300,3.00
13.7218,0.012387,-0.076763,-0.007912,-28.32,0,150.0,10.0,1.00,0.500,0.300,3.00
13.7270,0.012534,-0.076644,-0.007764,-28.32,0,150.0,10.0,1.00,0.500,0.300,3.00
13.7320,0.012698,-0.076512,-0.007608,-28.32,0,150.0,10.0,1.00,0.500,0.300,3.00
13.7370,0.012872,-0.076377,-0.007442,-28.32,0,150.0,10.0,1.00,0.500,0.300,3.00
13.7423,0.013050,-0.076236,-0.007248,-28.31,0,150.0,10.0,1.00,0.500,0.300,3.00
13.7473,0.013215,-0.076096,-0.007056,-28.31,0,150.0,10.0,1.00,0.500,0.300,3.00
13.7523,0.013391,-0.075946,-0.006859,-28.31,0,150.0,10.0,1.00,0.500,0.300,3.00
13.7576,0.013567,-0.075793,-0.006644,-28.31,0,150.0,10.0,1.00,0.500,0.300,3.00
13.7626,0.013722,-0.075657,-0.006446,-28.31,0,150.0,10.0,1.00,0.500,0.300,3.00
13.7675,0.013889,-0.075501,-0.006230,-28.31,0,150.0,10.0,1.00,0.500,0.300,3.00
13.7725,0.014056,-0.075348,-0.005991,-28.31,0,150.0,10.0,1.00,0.500,0.300,3.00
13.7778,0.014231,-0.075190,-0.005716,-28.31,0,150.0,10.0,1.00,0.500,0.300,3.00
13.7828,0.014397,-0.075032,-0.005459,-28.31,0,150.0,10.0,1.00,0.500,0.300,3.00
13.7878,0.014557,-0.074882,-0.005181,-28.31,0,150.0,10.0,1.00,0.500,0.300,3.00
13.7931,0.014708,-0.074730,-0.004861,-28.31,0,150.0,10.0,1.00,0.500,0.300,3.00
13.7981,0.014872,-0.074571,-0.004562,-28.31,0,150.0,10.0,1.00,0.500,0.300,3.00
13.8033,0.015038,-0.074407,-0.004253,-28.31,0,150.0,10.0,1.00,0.500,0.300,3.00
13.8083,0.015184,-0.074257,-0.003943,-28.31,0,150.0,10.0,1.00,0.500,0.300,3.00
13.8133,0.015329,-0.074099,-0.003639,-28.31,0,150.0,10.0,1.00,0.500,0.300,3.00
13.8183,0.015479,-0.073943,-0.003327,-28.31,0,150.0,10.0,1.00,0.500,0.300,3.00
13.8236,0.015619,-0.073770,-0.002977,-28.31,0,150.0,10.0,1.00,0.500,0.300,3.00
13.8286,0.015750,-0.073616,-0.002659,-28.31,0,150.0,10.0,1.00,0.500,0.300,3.00
13.8338,0.015890,-0.073449,-0.002311,-28.31,0,150.0,10.0,1.00,0.500,0.300,3.00
13.8388,0.016032,-0.073277,-0.001953,-28.31,0,150.0,10.0,1.00,0.500,0.300,3.00
13.8438,0.016164,-0.073113,-0.001608,-28.31,0,150.0,10.0,1.00,0.500,0.300,3.00
13.8491,0.016271,-0.072956,-0.001219,-28.31,0,150.0,10.0,1.00,0.500,0.300,3.00
13.8541,0.016370,-0.072817,-0.000897,-28.31,0,150.0,10.0,1.00,0.500,0.300,3.00
13.8591,0.016470,-0.072671,-0.000547,-28.31,0,150.0,10.0,1.00,0.500,0.300,3.00
13.8641,0.016570,-0.072524,-0.000197,-28.31,0,150.0,10.0,1.00,0.500,0.300,3.00
13.8693,0.016661,-0.072385,0.000173,-28.31,0,150.0,10.0,1.00,0.500,0.300,3.00
13.8743,0.016736,-0.072255,0.000513,-28.31,0,150.0,10.0,1.00,0.500,0.300,3.00
13.8794,0.016804,-0.072141,0.000837,-28.31,0,150.0,10.0,1.00,0.500,0.300,3.00
13.8846,0.016855,-0.072029,0.001198,-28.31,0,150.0,10.0,1.00,0.500,0.300,3.00
13.8896,0.016901,-0.071928,0.001521,-28.31,0,150.0,10.0,1.00,0.500,0.300,3.00
13.8949,0.016923,-0.071835,0.001887,-28.31,0,150.0,10.0,1.00,0.500,0.300,3.00
13.8998,0.016950,-0.071744,0.002219,-28.30,0,150.0,10.0,1.00,0.500,0.300,3.00
13.9048,0.016967,-0.071658,0.002557,-28.29,0,150.0,10.0,1.00,0.500,0.300,3.00
13.9101,0.016970,-0.071571,0.002908,-28.27,0,150.0,10.0,1.00,0.500,0.300,3.00
13.9151,0.016962,-0.071485,0.003249,-28.24,0,150.0,10.0,1.00,0.500,0.300,3.00
13.9201,0.016947,-0.071404,0.003586,-28.21,0,150.0,10.0,1.00,0.500,0.300,3.00
13.9251,0.016935,-0.071322,0.003916,-28.18,0,150.0,10.0,1.00,0.500,0.300,3.00
13.9303,0.016912,-0.071241,0.004268,-28.14,0,150.0,10.0,1.00,0.500,0.300,3.00
13.9353,0.016895,-0.071159,0.004604,-28.11,0,150.0,10.0,1.00,0.500,0.300,3.00
13.9404,0.016866,-0.071086,0.004935,-28.07,0,150.0,10.0,1.00,0.500,0.300,3.00
13.9455,0.016837,-0.071012,0.005265,-28.04,0,150.0,10.0,1.00,0.500,0.300,3.00
13.9506,0.016799,-0.070951,0.005598,-28.00,0,150.0,10.0,1.00,0.500,0.300,3.00
13.9558,0.016757,-0.070886,0.005922,-27.97,0,150.0,10.0,1.00,0.500,0.300,3.00
13.9608,0.016722,-0.070814,0.006225,-27.93,0,150.0,10.0,1.00,0.500,0.300,3.00
13.9658,0.016689,-0.070752,0.006509,-27.89,0,150.0,10.0,1.00,0.500,0.300,3.00
13.9710,0.016653,-0.070681,0.006827,-27.84,0,150.0,10.0,1.00,0.500,0.300,3.00
13.9761,0.016622,-0.070607,0.007115,-27.80,0,150.0,10.0,1.00,0.500,0.300,3.00
13.9810,0.016579,-0.070538,0.007415,-27.75,0,150.0,10.0,1.00,0.500,0.300,3.00
13.9864,0.016559,-0.070446,0.007703,-27.70,0,150.0,10.0,1.00,0.500,0.300,3.00
13.9913,0.016530,-0.070359,0.007995,-27.63,0,150.0,10.0,1.00,0.500,0.300,3.00
13.9963,0.016492,-0.070270,0.008286,-27.57,0,150.0,10.0,1.00,0.500,0.300,3.00
14.0013,0.016453,-0.070176,0.008594,-27.50,0,150.0,10.0,1.00,0.500,0.300,3.00
14.0066,0.016422,-0.070070,0.008893,-27.44,0,150.0,10.0,1.00,0.500,0.300,3.00
14.0116,0.016387,-0.069972,0.009171,-27.37,0,150.0,10.0,1.00,0.500,0.300,3.00
14.0166,0.016369,-0.069852,0.009451,-27.30,0,150.0,10.0,1.00,0.500,0.300,3.00
14.0218,0.016352,-0.069727,0.009742,-27.23,0,150.0,10.0,1.00,0.500,0.300,3.00
14.0268,0.016324,-0.069600,0.010039,-27.16,0,150.0,10.0,1.00,0.500,0.300,3.00
14.0318,0.016301,-0.069470,0.010307,-27.09,0,150.0,10.0,1.00,0.500,0.300,3.00
14.0372,0.016259,-0.069339,0.010642,-27.00,0,150.0,10.0,1.00,0.500,0.300,3.00
14.0421,0.016228,-0.069210,0.010938,-26.91,0,150.0,10.0,1.00,0.500,0.300,3.00
14.0474,0.016192,-0.069071,0.011253,-26.82,0,150.0,10.0,1.00,0.500,0.300,3.00
14.0524,0.016185,-0.068931,0.011526,-26.73,0,150.0,10.0,1.00,0.500,0.300,3.00
14.0573,0.016157,-0.068807,0.011843,-26.61,0,150.0,10.0,1.00,0.500,0.300,3.00
14.0625,0.016145,-0.068658,0.012150,-26.47,0,150.0,10.0,1.00,0.500,0.300,3.00
14.0676,0.016134,-0.068515,0.012453,-26.35,0,150.0,10.0,1.00,0.500,0.300,3.00
14.0726,0.016149,-0.068363,0.012702,-26.22,0,150.0,10.0,1.00,0.500,0.300,3.00
14.0778,0.016155,-0.068203,0.012991,-26.11,0,150.0,10.0,1.00,0.500,0.300,3.00
14.0828,0.016159,-0.068053,0.013276,-25.98,0,150.0,10.0,1.00,0.500,0.300,3.00
14.0878,0.016178,-0.067901,0.013556,-25.87,0,150.0,10.0,1.00,0.500,0.300,3.00
14.0930,0.016199,-0.067739,0.013856,-25.78,0,150.0,10.0,1.00,0.500,0.300,3.00
14.0980,0.016244,-0.067570,0.014124,-25.68,0,150.0,10.0,1.00,0.500,0.300,3.00
14.1031,0.016270,-0.067413,0.014415,-25.60,0,150.0,10.0,1.00,0.500,0.300,3.00
14.1081,0.016304,-0.067249,0.014686,-25.52,0,150.0,10.0,1.00,0.500,0.300,3.00
14.1133,0.016330,-0.067087,0.014987,-25.45,0,150.0,10.0,1.00,0.500,0.300,3.00
14.1183,0.016366,-0.066912,0.015278,-25.38,0,150.0,10.0,1.00,0.500,0.300,3.00
14.1234,0.016405,-0.066737,0.015562,-25.31,0,150.0,10.0,1.00,0.500,0.300,3.00
14.1283,0.016444,-0.066559,0.015870,-25.23,0,150.0,10.0,1.00,0.500,0.300,3.00
14.1336,0.016488,-0.066375,0.016181,-25.17,0,150.0,10.0,1.00,0.500,0.300,3.00
14.1385,0.016526,-0.066196,0.016490,-25.09,0,150.0,10.0,1.00,0.500,0.300,3.00
14.1438,0.016582,-0.066001,0.016800,-25.01,0,150.0,10.0,1.00,0.500,0.300,3.00
14.1488,0.016647,-0.065810,0.017079,-24.93,0,150.0,10.0,1.00,0.500,0.300,3.00
14.1538,0.016724,-0.065604,0.017373,-24.85,0,150.0,10.0,1.00,0.500,0.300,3.00
14.1591,0.016816,-0.065381,0.017630,-24.78,0,150.0,10.0,1.00,0.500,0.300,3.00
14.1641,0.016892,-0.065178,0.017869,-24.72,0,150.0,10.0,1.00,0.500,0.300,3.00
14.1691,0.016963,-0.064972,0.018100,-24.66,0,150.0,10.0,1.00,0.500,0.300,3.00
14.1741,0.017057,-0.064738,0.018292,-24.60,0,150.0,10.0,1.00,0.500,0.300,3.00
14.1794,0.017161,-0.064491,0.018476,-24.55,0,150.0,10.0,1.00,0.500,0.300,3.00
14.1843,0.017245,-0.064259,0.018658,-24.51,0,150.0,10.0,1.00,0.500,0.300,3.00
14.1893,0.017311,-0.064030,0.018843,-24.47,0,150.0,10.0,1.00,0.500,0.300,3.00
14.1946,0.017371,-0.063793,0.019037,-24.45,0,150.0,10.0,1.00,0.500,0.300,3.00
14.1996,0.017436,-0.063561,0.019208,-24.43,0,150.0,10.0,1.00,0.500,0.300,3.00
14.2049,0.017493,-0.063309,0.019400,-24.43,0,150.0,10.0,1.00,0.500,0.300,3.00
14.2098,0.017553,-0.063071,0.019549,-24.43,0,150.0,10.0,1.00,0.500,0.300,3.00
14.2148,0.017625,-0.062803,0.019666,-24.45,0,150.0,10.0,1.00,0.500,0.300,3.00
14.2201,0.017681,-0.062552,0.019788,-24.45,0,150.0,10.0,1.00,0.500,0.300,3.00
14.2251,0.017728,-0.062307,0.019914,-24.46,0,150.0,10.0,1.00,0.500,0.300,3.00
14.2300,0.017762,-0.062060,0.020008,-24.47,0,150.0,10.0,1.00,0.500,0.300,3.00
14.2350,0.017803,-0.061812,0.020088,-24.47,0,150.0,10.0,1.00,0.500,0.300,3.00
14.2403,0.017836,-0.061528,0.020165,-24.47,0,150.0,10.0,1.00,0.500,0.300,3.00
14.2453,0.017864,-0.061251,0.020216,-24.47,0,150.0,10.0,1.00,0.500,0.300,3.00
14.2503,0.017885,-0.060975,0.020234,-24.48,0,150.0,10.0,1.00,0.500,0.300,3.00
14.2553,0.017915,-0.060689,0.020219,-24.49,0,150.0,10.0,1.00,0.500,0.300,3.00
14.2606,0.017935,-0.060385,0.020202,-24.51,0,150.0,10.0,1.00,0.500,0.300,3.00
14.2656,0.017947,-0.060090,0.020157,-24.53,0,150.0,10.0,1.00,0.500,0.300,3.00
14.2706,0.017942,-0.059808,0.020135,-24.55,0,150.0,10.0,1.00,0.500,0.300,3.00
14.2758,0.017927,-0.059521,0.020098,-24.57,0,150.0,10.0,1.00,0.500,0.300,3.00
14.2808,0.017912,-0.059262,0.020057,-24.59,0,150.0,10.0,1.00,0.500,0.300,3.00
14.2858,0.017906,-0.058957,0.019983,-24.63,0,150.0,10.0,1.00,0.500,0.300,3.00
14.2911,0.017893,-0.058666,0.019910,-24.65,0,150.0,10.0,1.00,0.500,0.300,3.00
14.2961,0.017891,-0.058384,0.019836,-24.68,0,150.0,10.0,1.00,0.500,0.300,3.00
14.3011,0.017885,-0.058121,0.019761,-24.72,0,150.0,10.0,1.00,0.500,0.300,3.00
14.3063,0.017888,-0.057837,0.019659,-24.75,0,150.0,10.0,1.00,0.500,0.300,3.00
14.3113,0.017889,-0.057565,0.019552,-24.79,0,150.0,10.0,1.00,0.500,0.300,3.00
14.3163,0.017901,-0.057302,0.019443,-24.83,0,150.0,10.0,1.00,0.500,0.300,3.00
14.3213,0.017918,-0.057046,0.019326,-24.87,0,150.0,10.0,1.00,0.500,0.300,3.00
14.3265,0.017943,-0.056791,0.019194,-24.91,0,150.0,10.0,1.00,0.500,0.300,3.00
14.3316,0.017975,-0.056533,0.019035,-24.96,0,150.0,10.0,1.00,0.500,0.300,3.00
14.3366,0.018008,-0.056297,0.018882,-25.01,0,150.0,10.0,1.00,0.500,0.300,3.00
14.3418,0.018041,-0.056054,0.018725,-25.06,0,150.0,10.0,1.00,0.500,0.300,3.00
14.3468,0.018065,-0.055853,0.018588,-25.11,0,150.0,10.0,1.00,0.500,0.300,3.00
14.3518,0.018080,-0.055666,0.018459,-25.15,0,150.0,10.0,1.00,0.500,0.300,3.00
14.3571,0.018096,-0.055458,0.018332,-25.19,0,150.0,10.0,1.00,0.500,0.300,3.00
14.3621,0.018102,-0.055263,0.018212,-25.22,0,150.0,10.0,1.00,0.500,0.300,3.00
14.3671,0.018111,-0.055093,0.018114,-25.26,0,150.0,10.0,1.00,0.500,0.300,3.00
14.3721,0.018119,-0.054932,0.018035,-25.30,0,150.0,10.0,1.00,0.500,0.300,3.00
14.3774,0.018122,-0.054793,0.017977,-25.35,0,150.0,10.0,1.00,0.500,0.300,3.00
14.3823,0.018119,-0.054669,0.017935,-25.39,0,150.0,10.0,1.00,0.500,0.300,3.00
14.3873,0.018114,-0.054543,0.017924,-25.43,0,150.0,10.0,1.00,0.500,0.300,3.00
14.3926,0.018104,-0.054431,0.017930,-25.47,0,150.0,10.0,1.00,0.500,0.300,3.00
14.3975,0.018104,-0.054310,0.017956,-25.51,0,150.0,10.0,1.00,0.500,0.300,3.00
14.4028,0.018105,-0.054177,0.017988,-25.55,0,150.0,10.0,1.00,0.500,0.300,3.00
14.4078,0.018118,-0.054046,0.018014,-25.60,0,150.0,10.0,1.00,0.500,0.300,3.00
14.4128,0.018147,-0.053904,0.018032,-25.65,0,150.0,10.0,1.00,0.500,0.300,3.00
14.4181,0.018198,-0.053753,0.018050,-25.69,0,150.0,10.0,1.00,0.500,0.300,3.00
14.4231,0.018260,-0.053610,0.018052,-25.73,0,150.0,10.0,1.00,0.500,0.300,3.00
14.4281,0.018331,-0.053455,0.018061,-25.78,0,150.0,10.0,1.00,0.500,0.300,3.00
14.4331,0.018406,-0.053308,0.018067,-25.81,0,150.0,10.0,1.00,0.500,0.300,3.00
14.4383,0.018485,-0.053157,0.018091,-25.84,0,150.0,10.0,1.00,0.500,0.300,3.00
14.4433,0.018560,-0.053021,0.018131,-25.86,0,150.0,10.0,1.00,0.500,0.300,3.00
14.4483,0.018631,-0.052887,0.018193,-25.88,0,150.0,10.0,1.00,0.500,0.300,3.00
14.4536,0.018694,-0.052754,0.018268,-25.90,0,150.0,10.0,1.00,0.500,0.300,3.00
14.4586,0.018752,-0.052635,0.018360,-25.91,0,150.0,10.0,1.00,0.500,0.300,3.00
14.4638,0.018806,-0.052523,0.018463,-25.92,0,150.0,10.0,1.00,0.500,0.300,3.00
14.4688,0.018856,-0.052411,0.018572,-25.93,0,150.0,10.0,1.00,0.500,0.300,3.00
14.4738,0.018894,-0.052299,0.018703,-25.94,0,150.0,10.0,1.00,0.500,0.300,3.00
14.4790,0.018916,-0.052188,0.018861,-25.96,0,150.0,10.0,1.00,0.500,0.300,3.00
14.4840,0.018934,-0.052076,0.019026,-25.98,0,150.0,10.0,1.00,0.500,0.300,3.00
14.4891,0.018969,-0.051951,0.019169,-26.01,0,150.0,10.0,1.00,0.500,0.300,3.00
14.4944,0.019005,-0.051816,0.019333,-26.04,0,150.0,10.0,1.00,0.500,0.300,3.00
14.4994,0.019044,-0.051680,0.019489,-26.07,0,150.0,10.0,1.00,0.500,0.300,3.00
14.5043,0.019092,-0.051530,0.019637,-26.11,0,150.0,10.0,1.00,0.500,0.300,3.00
14.5093,0.019136,-0.051376,0.019802,-26.14,0,150.0,10.0,1.00,0.500,0.300,3.00
14.5146,0.019194,-0.051210,0.019967,-26.18,0,150.0,10.0,1.00,0.500,0.300,3.00
14.5196,0.019229,-0.051053,0.020131,-26.21,0,150.0,10.0,1.00,0.500,0.300,3.00
14.5245,0.019256,-0.050903,0.020313,-26.26,0,150.0,10.0,1.00,0.500,0.300,3.00
14.5298,0.019251,-0.050752,0.020536,-26.30,0,150.0,10.0,1.00,0.500,0.300,3.00
14.5348,0.019244,-0.050620,0.020758,-26.35,0,150.0,10.0,1.00,0.500,0.300,3.00
14.5401,0.019233,-0.050476,0.020992,-26.40,0,150.0,10.0,1.00,0.500,0.300,3.00
14.5450,0.019218,-0.050339,0.021236,-26.45,0,150.0,10.0,1.00,0.500,0.300,3.00
14.5501,0.019202,-0.050194,0.021477,-26.50,0,150.0,10.0,1.00,0.500,0.300,3.00
14.5551,0.019186,-0.050049,0.021717,-26.54,0,150.0,10.0,1.00,0.500,0.300,3.00
14.5604,0.019162,-0.049891,0.021976,-26.59,0,150.0,10.0,1.00,0.500,0.300,3.00
14.5653,0.019157,-0.049738,0.022191,-26.64,0,150.0,10.0,1.00,0.500,0.300,3.00
14.5703,0.019139,-0.049583,0.022412,-26.69,0,150.0,10.0,1.00,0.500,0.300,3.00
14.5753,0.019122,-0.049415,0.022638,-26.74,0,150.0,10.0,1.00,0.500,0.300,3.00
14.5805,0.019113,-0.049240,0.022861,-26.77,0,150.0,10.0,1.00,0.500,0.300,3.00
14.5856,0.019115,-0.049060,0.023073,-26.80,0,150.0,10.0,1.00,0.500,0.300,3.00
14.5906,0.019135,-0.048863,0.023288,-26.83,0,150.0,10.0,1.00,0.500,0.300,3.00
14.5958,0.019166,-0.048666,0.023483,-26.86,0,150.0,10.0,1.00,0.500,0.300,3.00
14.6008,0.019192,-0.048477,0.023650,-26.89,0,150.0,10.0,1.00,0.500,0.300,3.00
14.6060,0.019201,-0.048295,0.023834,-26.92,0,150.0,10.0,1.00,0.500,0.300,3.00
14.6111,0.019202,-0.048102,0.024013,-26.94,0,150.0,10.0,1.00,0.500,0.300,3.00
14.6161,0.019180,-0.047924,0.024182,-26.96,0,150.0,10.0,1.00,0.500,0.300,3.00
14.6214,0.019176,-0.047728,0.024391,-26.99,0,150.0,10.0,1.00,0.500,0.300,3.00
14.6264,0.019163,-0.047531,0.024614,-27.01,0,150.0,10.0,1.00,0.500,0.300,3.00
14.6313,0.019166,-0.047321,0.024816,-27.02,0,150.0,10.0,1.00,0.500,0.300,3.00
14.6363,0.019164,-0.047118,0.025029,-27.04,0,150.0,10.0,1.00,0.500,0.300,3.00
14.6416,0.019154,-0.046901,0.025261,-27.06,0,150.0,10.0,1.00,0.500,0.300,3.00
14.6466,0.019146,-0.046690,0.025476,-27.09,0,150.0,10.0,1.00,0.500,0.300,3.00
14.6516,0.019131,-0.046475,0.025676,-27.11,0,150.0,10.0,1.00,0.500,0.300,3.00
14.6568,0.019111,-0.046226,0.025889,-27.13,0,150.0,10.0,1.00,0.500,0.300,3.00
14.6618,0.019117,-0.045962,0.026053,-27.15,0,150.0,10.0,1.00,0.500,0.300,3.00
14.6668,0.019125,-0.045719,0.026224,-27.17,0,150.0,10.0,1.00,0.500,0.300,3.00
14.6721,0.019129,-0.045441,0.026394,-27.19,0,150.0,10.0,1.00,0.500,0.300,3.00
14.6771,0.019146,-0.045174,0.026525,-27.22,0,150.0,10.0,1.00,0.500,0.300,3.00
14.6821,0.019179,-0.044894,0.026635,-27.23,0,150.0,10.0,1.00,0.500,0.300,3.00
14.6873,0.019224,-0.044600,0.026731,-27.26,0,150.0,10.0,1.00,0.500,0.300,3.00
14.6923,0.019281,-0.044294,0.026827,-27.29,0,150.0,10.0,1.00,0.500,0.300,3.00
14.6973,0.019337,-0.043984,0.026894,-27.31,0,150.0,10.0,1.00,0.500,0.300,3.00
14.7026,0.019402,-0.043627,0.026962,-27.34,0,150.0,10.0,1.00,0.500,0.300,3.00
14.7076,0.019454,-0.043306,0.027004,-27.36,0,150.0,10.0,1.00,0.500,0.300,3.00
14.7126,0.019492,-0.042978,0.027062,-27.38,0,150.0,10.0,1.00,0.500,0.300,3.00
14.7178,0.019508,-0.042653,0.027128,-27.40,0,150.0,10.0,1.00,0.500,0.300,3.00
14.7228,0.019515,-0.042343,0.027217,-27.43,0,150.0,10.0,1.00,0.500,0.300,3.00
14.7281,0.019504,-0.042040,0.027336,-27.47,0,150.0,10.0,1.00,0.500,0.300,3.00
14.7331,0.019497,-0.041736,0.027435,-27.52,0,150.0,10.0,1.00,0.500,0.300,3.00
14.7381,0.019468,-0.041448,0.027536,-27.58,0,150.0,10.0,1.00,0.500,0.300,3.00
14.7431,0.019438,-0.041149,0.027658,-27.63,0,150.0,10.0,1.00,0.500,0.300,3.00
14.7484,0.019420,-0.040835,0.027751,-27.69,0,150.0,10.0,1.00,0.500,0.300,3.00
14.7534,0.019405,-0.040515,0.027848,-27.74,0,150.0,10.0,1.00,0.500,0.300,3.00
14.7584,0.019389,-0.040204,0.027964,-27.79,0,150.0,10.0,1.00,0.500,0.300,3.00
14.7636,0.019376,-0.039858,0.028080,-27.84,0,150.0,10.0,1.00,0.500,0.300,3.00
14.7686,0.019382,-0.039508,0.028188,-27.90,0,150.0,10.0,1.00,0.500,0.300,3.00
14.7736,0.019385,-0.039184,0.028291,-27.96,0,150.0,10.0,1.00,0.500,0.300,3.00
14.7788,0.019385,-0.038841,0.028410,-28.02,0,150.0,10.0,1.00,0.500,0.300,3.00
14.7838,0.019403,-0.038518,0.028501,-28.06,0,150.0,10.0,1.00,0.500,0.300,3.00
14.7888,0.019433,-0.038203,0.028577,-28.11,0,150.0,10.0,1.00,0.500,0.300,3.00
14.7941,0.019448,-0.037865,0.028661,-28.14,0,150.0,10.0,1.00,0.500,0.300,3.00
14.7990,0.019480,-0.037514,0.028724,-28.16,0,150.0,10.0,1.00,0.500,0.300,3.00
14.8041,0.019502,-0.037170,0.028804,-28.16,0,150.0,10.0,1.00,0.500,0.300,3.00
14.8091,0.019531,-0.036827,0.028886,-28.16,0,150.0,10.0,1.00,0.500,0.300,3.00
14.8143,0.019559,-0.036477,0.028978,-28.16,0,150.0,10.0,1.00,0.500,0.300,3.00
14.8193,0.019592,-0.036155,0.029052,-28.16,0,150.0,10.0,1.00,0.500,0.300,3.00
14.8243,0.019616,-0.035841,0.029158,-28.16,0,150.0,10.0,1.00,0.500,0.300,3.00
14.8296,0.019629,-0.035497,0.029260,-28.16,0,150.0,10.0,1.00,0.500,0.300,3.00
14.8345,0.019646,-0.035174,0.029354,-28.16,0,150.0,10.0,1.00,0.500,0.300,3.00
14.8395,0.019660,-0.034864,0.029449,-28.16,0,150.0,10.0,1.00,0.500,0.300,3.00
14.8448,0.019671,-0.034548,0.029554,-28.16,0,150.0,10.0,1.00,0.500,0.300,3.00
14.8498,0.019672,-0.034265,0.029657,-28.17,0,150.0,10.0,1.00,0.500,0.300,3.00
14.8549,0.019671,-0.033976,0.029784,-28.17,0,150.0,10.0,1.00,0.500,0.300,3.00
14.8598,0.019666,-0.033708,0.029902,-28.18,0,150.0,10.0,1.00,0.500,0.300,3.00
14.8651,0.019680,-0.033407,0.030023,-28.19,0,150.0,10.0,1.00,0.500,0.300,3.00
14.8701,0.019693,-0.033112,0.030135,-28.20,0,150.0,10.0,1.00,0.500,0.300,3.00
14.8751,0.019711,-0.032824,0.030244,-28.21,0,150.0,10.0,1.00,0.500,0.300,3.00
14.8804,0.019745,-0.032531,0.030338,-28.22,0,150.0,10.0,1.00,0.500,0.300,3.00
14.8853,0.019790,-0.032264,0.030407,-28.24,0,150.0,10.0,1.00,0.500,0.300,3.00
14.8903,0.019842,-0.031990,0.030460,-28.25,0,150.0,10.0,1.00,0.500,0.300,3.00
14.8956,0.019910,-0.031704,0.030520,-28.25,0,150.0,10.0,1.00,0.500,0.300,3.00
14.9005,0.019982,-0.031427,0.030593,-28.25,0,150.0,10.0,1.00,0.500,0.300,3.00
14.9055,0.020062,-0.031159,0.030671,-28.25,0,150.0,10.0,1.00,0.500,0.300,3.00
14.9108,0.020145,-0.030884,0.030753,-28.24,0,150.0,10.0,1.00,0.500,0.300,3.00
14.9158,0.020224,-0.030631,0.030854,-28.24,0,150.0,10.0,1.00,0.500,0.300,3.00
14.9211,0.020302,-0.030364,0.030960,-28.23,0,150.0,10.0,1.00,0.500,0.300,3.00
14.9261,0.020376,-0.030117,0.031072,-28.23,0,150.0,10.0,1.00,0.500,0.300,3.00
14.9311,0.020455,-0.029877,0.031167,-28.23,0,150.0,10.0,1.00,0.500,0.300,3.00
14.9361,0.020541,-0.029624,0.031270,-28.23,0,150.0,10.0,1.00,0.500,0.300,3.00
14.9413,0.020641,-0.029343,0.031358,-28.23,0,150.0,10.0,1.00,0.500,0.300,3.00
14.9463,0.020738,-0.029074,0.031433,-28.23,0,150.0,10.0,1.00,0.500,0.300,3.00
14.9513,0.020850,-0.028778,0.031495,-28.23,0,150.0,10.0,1.00,0.500,0.300,3.00
14.9563,0.020963,-0.028467,0.031556,-28.23,0,150.0,10.0,1.00,0.500,0.300,3.00
14.9616,0.021085,-0.028121,0.031605,-28.24,0,150.0,10.0,1.00,0.500,0.300,3.00
14.9666,0.021204,-0.027788,0.031641,-28.24,0,150.0,10.0,1.00,0.500,0.300,3.00
14.9718,0.021333,-0.027432,0.031660,-28.24,0,150.0,10.0,1.00,0.500,0.300,3.00
14.9768,0.021461,-0.027070,0.031689,-28.23,0,150.0,10.0,1.00,0.500,0.300,3.00
14.9818,0.021588,-0.026705,0.031690,-28.23,0,150.0,10.0,1.00,0.500,0.300,3.00
14.9871,0.021709,-0.026289,0.031677,-28.23,0,150.0,10.0,1.00,0.500,0.300,3.00
14.9920,0.021819,-0.025891,0.031653,-28.23,0,150.0,10.0,1.00,0.500,0.300,3.00
14.9971,0.021933,-0.025473,0.031632,-28.23,0,150.0,10.0,1.00,0.500,0.300,3.00
15.0024,0.022046,-0.025020,0.031614,-28.23,0,150.0,10.0,1.00,0.500,0.300,3.00
15.0073,0.022153,-0.024594,0.031596,-28.23,0,150.0,10.0,1.00,0.500,0.300,3.00
15.0123,0.022253,-0.024160,0.031581,-28.23,0,150.0,10.0,1.00,0.500,0.300,3.00
15.0176,0.022354,-0.023692,0.031590,-28.23,0,150.0,10.0,1.00,0.500,0.300,3.00
15.0226,0.022455,-0.023232,0.031617,-28.23,0,150.0,10.0,1.00,0.500,0.300,3.00
15.0278,0.022556,-0.022758,0.031644,-28.22,0,150.0,10.0,1.00,0.500,0.300,3.00
15.0328,0.022647,-0.022311,0.031665,-28.22,0,150.0,10.0,1.00,0.500,0.300,3.00
15.0378,0.022740,-0.021885,0.031698,-28.22,0,150.0,10.0,1.00,0.500,0.300,3.00
15.0430,0.022850,-0.021410,0.031720,-28.21,0,150.0,10.0,1.00,0.500,0.300,3.00
15.0481,0.022951,-0.020969,0.031726,-28.21,0,150.0,10.0,1.00,0.500,0.300,3.00
15.0531,0.023059,-0.020520,0.031730,-28.20,0,150.0,10.0,1.00,0.500,0.300,3.00
15.0581,0.023172,-0.020057,0.031712,-28.19,0,150.0,10.0,1.00,0.500,0.300,3.00
15.0634,0.023303,-0.019560,0.031707,-28.19,0,150.0,10.0,1.00,0.500,0.300,3.00
15.0683,0.023439,-0.019126,0.031688,-28.19,0,150.0,10.0,1.00,0.500,0.300,3.00
15.0734,0.023580,-0.018677,0.031662,-28.19,0,150.0,10.0,1.00,0.500,0.300,3.00
15.0786,0.023730,-0.018214,0.031637,-28.19,0,150.0,10.0,1.00,0.500,0.300,3.00
15.0836,0.023887,-0.017774,0.031618,-28.19,0,150.0,10.0,1.00,0.500,0.300,3.00
15.0886,0.024042,-0.017332,0.031599,-28.19,0,150.0,10.0,1.00,0.500,0.300,3.00
15.0938,0.024212,-0.016883,0.031565,-28.19,0,150.0,10.0,1.00,0.500,0.300,3.00
15.0988,0.024366,-0.016469,0.031540,-28.20,0,150.0,10.0,1.00,0.500,0.300,3.00
15.1038,0.024527,-0.016042,0.031545,-28.20,0,150.0,10.0,1.00,0.500,0.300,3.00
15.1091,0.024682,-0.015607,0.031553,-28.19,0,150.0,10.0,1.00,0.500,0.300,3.00
15.1141,0.024823,-0.015199,0.031575,-28.19,0,150.0,10.0,1.00,0.500,0.300,3.00
15.1193,0.024965,-0.014777,0.031610,-28.19,0,150.0,10.0,1.00,0.500,0.300,3.00
15.1243,0.025098,-0.014370,0.031667,-28.19,0,150.0,10.0,1.00,0.500,0.300,3.00
15.1293,0.025225,-0.013976,0.031732,-28.19,0,150.0,10.0,1.00,0.500,0.300,3.00
15.1346,0.025351,-0.013567,0.031796,-28.18,0,150.0,10.0,1.00,0.500,0.300,3.00
15.1396,0.025475,-0.013172,0.031874,-28.16,0,150.0,10.0,1.00,0.500,0.300,3.00
15.1446,0.025589,-0.012776,0.031952,-28.15,0,150.0,10.0,1.00,0.500,0.300,3.00
15.1498,0.025693,-0.012379,0.032029,-28.13,0,150.0,10.0,1.00,0.500,0.300,3.00
15.1548,0.025793,-0.012003,0.032103,-28.11,0,150.0,10.0,1.00,0.500,0.300,3.00
15.1601,0.025901,-0.011598,0.032192,-28.10,0,150.0,10.0,1.00,0.500,0.300,3.00
15.1650,0.025992,-0.011214,0.032269,-28.09,0,150.0,10.0,1.00,0.500,0.300,3.00
15.1700,0.026079,-0.010849,0.032328,-28.10,0,150.0,10.0,1.00,0.500,0.300,3.00
15.1754,0.026180,-0.010478,0.032386,-28.10,0,150.0,10.0,1.00,0.500,0.300,3.00
15.1804,0.026275,-0.010120,0.032450,-28.11,0,150.0,10.0,1.00,0.500,0.300,3.00
15.1853,0.026375,-0.009783,0.032498,-28.11,0,150.0,10.0,1.00,0.500,0.300,3.00
15.1906,0.026473,-0.009446,0.032546,-28.12,0,150.0,10.0,1.00,0.500,0.300,3.00
15.1956,0.026562,-0.009122,0.032579,-28.11,0,150.0,10.0,1.00,0.500,0.300,3.00
15.2008,0.026664,-0.008805,0.032611,-28.11,0,150.0,10.0,1.00,0.500,0.300,3.00
15.2058,0.026772,-0.008495,0.032640,-28.11,0,150.0,10.0,1.00,0.500,0.300,3.00
15.2111,0.026872,-0.008192,0.032672,-28.11,0,150.0,10.0,1.00,0.500,0.300,3.00
15.2161,0.026960,-0.007910,0.032699,-28.10,0,150.0,10.0,1.00,0.500,0.300,3.00
15.2214,0.027046,-0.007641,0.032741,-28.09,0,150.0,10.0,1.00,0.500,0.300,3.00
15.2263,0.027120,-0.007380,0.032793,-28.08,0,150.0,10.0,1.00,0.500,0.300,3.00
15.2313,0.027183,-0.007111,0.032854,-28.07,0,150.0,10.0,1.00,0.500,0.300,3.00
15.2366,0.027239,-0.006835,0.032917,-28.05,0,150.0,10.0,1.00,0.500,0.300,3.00
15.2416,0.027287,-0.006558,0.032966,-28.03,0,150.0,10.0,1.00,0.500,0.300,3.00
15.2466,0.027332,-0.006287,0.032996,-28.02,0,150.0,10.0,1.00,0.500,0.300,3.00
15.2518,0.027377,-0.005988,0.033041,-27.99,0,150.0,10.0,1.00,0.500,0.300,3.00
15.2568,0.027416,-0.005696,0.033074,-27.97,0,150.0,10.0,1.00,0.500,0.300,3.00
15.2618,0.027460,-0.005382,0.033119,-27.95,0,150.0,10.0,1.00,0.500,0.300,3.00
15.2671,0.027493,-0.005061,0.033173,-27.93,0,150.0,10.0,1.00,0.500,0.300,3.00
15.2721,0.027527,-0.004775,0.033217,-27.91,0,150.0,10.0,1.00,0.500,0.300,3.00
15.2774,0.027551,-0.004504,0.033261,-27.89,0,150.0,10.0,1.00,0.500,0.300,3.00
15.2823,0.027571,-0.004232,0.033296,-27.87,0,150.0,10.0,1.00,0.500,0.300,3.00
15.2874,0.027598,-0.003975,0.033333,-27.86,0,150.0,10.0,1.00,0.500,0.300,3.00
15.2923,0.027628,-0.003710,0.033360,-27.84,0,150.0,10.0,1.00,0.500,0.300,3.00
15.2976,0.027654,-0.003402,0.033378,-27.81,0,150.0,10.0,1.00,0.500,0.300,3.00
15.3026,0.027684,-0.003108,0.033377,-27.79,0,150.0,10.0,1.00,0.500,0.300,3.00
15.3076,0.027714,-0.002814,0.033375,-27.78,0,150.0,10.0,1.00,0.500,0.300,3.00
15.3128,0.027741,-0.002512,0.033355,-27.76,0,150.0,10.0,1.00,0.500,0.300,3.00
15.3178,0.027762,-0.002233,0.033338,-27.75,0,150.0,10.0,1.00,0.500,0.300,3.00
15.3231,0.027771,-0.001931,0.033331,-27.74,0,150.0,10.0,1.00,0.500,0.300,3.00
15.3281,0.027780,-0.001665,0.033327,-27.73,0,150.0,10.0,1.00,0.500,0.300,3.00
15.3331,0.027783,-0.001407,0.033341,-27.72,0,150.0,10.0,1.00,0.500,0.300,3.00
15.3383,0.027770,-0.001141,0.033356,-27.70,0,150.0,10.0,1.00,0.500,0.300,3.00
15.3433,0.027753,-0.000883,0.033383,-27.69,0,150.0,10.0,1.00,0.500,0.300,3.00
15.3486,0.027727,-0.000603,0.033390,-27.68,0,150.0,10.0,1.00,0.500,0.300,3.00
15.3536,0.027696,-0.000337,0.033375,-27.67,0,150.0,10.0,1.00,0.500,0.300,3.00
15.3586,0.027670,-0.000072,0.033354,-27.66,0,150.0,10.0,1.00,0.500,0.300,3.00
15.3638,0.027641,0.000244,0.033314,-27.67,0,150.0,10.0,1.00,0.500,0.300,3.00
15.3688,0.027627,0.000509,0.033273,-27.68,0,150.0,10.0,1.00,0.500,0.300,3.00
15.3738,0.027617,0.000803,0.033240,-27.68,0,150.0,10.0,1.00,0.500,0.300,3.00
15.3791,0.027615,0.001105,0.033226,-27.68,0,150.0,10.0,1.00,0.500,0.300,3.00
15.3841,0.027617,0.001406,0.033206,-27.69,0,150.0,10.0,1.00,0.500,0.300,3.00
15.3891,0.027625,0.001714,0.033197,-27.70,0,150.0,10.0,1.00,0.500,0.300,3.00
15.3944,0.027630,0.002044,0.033185,-27.70,0,150.0,10.0,1.00,0.500,0.300,3.00
15.3993,0.027632,0.002338,0.033168,-27.70,0,150.0,10.0,1.00,0.500,0.300,3.00
15.4043,0.027642,0.002646,0.033153,-27.71,0,150.0,10.0,1.00,0.500,0.300,3.00
15.4093,0.027655,0.002947,0.033114,-27.71,0,150.0,10.0,1.00,0.500,0.300,3.00
15.4146,0.027671,0.003291,0.033068,-27.71,0,150.0,10.0,1.00,0.500,0.300,3.00
15.4196,0.027690,0.003621,0.033015,-27.71,0,150.0,10.0,1.00,0.500,0.300,3.00
15.4246,0.027714,0.003936,0.032956,-27.71,0,150.0,10.0,1.00,0.500,0.300,3.00
15.4298,0.027737,0.004266,0.032882,-27.71,0,150.0,10.0,1.00,0.500,0.300,3.00
15.4348,0.027775,0.004574,0.032807,-27.71,0,150.0,10.0,1.00,0.500,0.300,3.00
15.4399,0.027816,0.004867,0.032740,-27.71,0,150.0,10.0,1.00,0.500,0.300,3.00
15.4450,0.027865,0.005176,0.032674,-27.71,0,150.0,10.0,1.00,0.500,0.300,3.00
15.4501,0.027894,0.005462,0.032630,-27.71,0,150.0,10.0,1.00,0.500,0.300,3.00
15.4551,0.027918,0.005763,0.032593,-27.71,0,150.0,10.0,1.00,0.500,0.300,3.00
15.4601,0.027933,0.006036,0.032570,-27.71,0,150.0,10.0,1.00,0.500,0.300,3.00
15.4653,0.027948,0.006308,0.032547,-27.71,0,150.0,10.0,1.00,0.500,0.300,3.00
15.4703,0.027959,0.006574,0.032534,-27.71,0,150.0,10.0,1.00,0.500,0.300,3.00
15.4753,0.027978,0.006832,0.032504,-27.71,0,150.0,10.0,1.00,0.500,0.300,3.00
15.4806,0.028002,0.007097,0.032471,-27.71,0,150.0,10.0,1.00,0.500,0.300,3.00
15.4857,0.028034,0.007341,0.032435,-27.71,0,150.0,10.0,1.00,0.500,0.300,3.00
15.4909,0.028077,0.007599,0.032394,-27.72,0,150.0,10.0,1.00,0.500,0.300,3.00
15.4958,0.028117,0.007865,0.032349,-27.73,0,150.0,10.0,1.00,0.500,0.300,3.00
15.5008,0.028157,0.008131,0.032305,-27.74,0,150.0,10.0,1.00,0.500,0.300,3.00
15.5061,0.028206,0.008404,0.032265,-27.75,0,150.0,10.0,1.00,0.500,0.300,3.00
15.5111,0.028252,0.008648,0.032231,-27.76,0,150.0,10.0,1.00,0.500,0.300,3.00
15.5161,0.028289,0.008893,0.032197,-27.77,0,150.0,10.0,1.00,0.500,0.300,3.00
15.5211,0.028324,0.009130,0.032173,-27.78,0,150.0,10.0,1.00,0.500,0.300,3.00
15.5264,0.028370,0.009382,0.032130,-27.79,0,150.0,10.0,1.00,0.500,0.300,3.00
15.5313,0.028423,0.009626,0.032083,-27.79,0,150.0,10.0,1.00,0.500,0.300,3.00
15.5363,0.028478,0.009878,0.032026,-27.79,0,150.0,10.0,1.00,0.500,0.300,3.00
15.5413,0.028542,0.010115,0.031970,-27.80,0,150.0,10.0,1.00,0.500,0.300,3.00
15.5466,0.028605,0.010353,0.031899,-27.81,0,150.0,10.0,1.00,0.500,0.300,3.00
15.5516,0.028658,0.010583,0.031838,-27.81,0,150.0,10.0,1.00,0.500,0.300,3.00
15.5569,0.028720,0.010798,0.031764,-27.82,0,150.0,10.0,1.00,0.500,0.300,3.00
15.5618,0.028780,0.011007,0.031700,-27.84,0,150.0,10.0,1.00,0.500,0.300,3.00
15.5669,0.028842,0.011187,0.031649,-27.85,0,150.0,10.0,1.00,0.500,0.300,3.00
15.5721,0.028903,0.011368,0.031613,-27.87,0,150.0,10.0,1.00,0.500,0.300,3.00
15.5771,0.028964,0.011536,0.031606,-27.89,0,150.0,10.0,1.00,0.500,0.300,3.00
15.5821,0.029027,0.011696,0.031588,-27.91,0,150.0,10.0,1.00,0.500,0.300,3.00
15.5874,0.029098,0.011857,0.031586,-27.92,0,150.0,10.0,1.00,0.500,0.300,3.00
15.5924,0.029185,0.012011,0.031566,-27.94,0,150.0,10.0,1.00,0.500,0.300,3.00
15.5973,0.029275,0.012158,0.031537,-27.94,0,150.0,10.0,1.00,0.500,0.300,3.00
15.6023,0.029376,0.012297,0.031497,-27.95,0,150.0,10.0,1.00,0.500,0.300,3.00
15.6076,0.029481,0.012438,0.031465,-27.94,0,150.0,10.0,1.00,0.500,0.300,3.00
15.6126,0.029588,0.012592,0.031440,-27.94,0,150.0,10.0,1.00,0.500,0.300,3.00
15.6176,0.029702,0.012741,0.031413,-27.94,0,150.0,10.0,1.00,0.500,0.300,3.00
15.6228,0.029827,0.012904,0.031394,-27.94,0,150.0,10.0,1.00,0.500,0.300,3.00
15.6278,0.029948,0.013075,0.031386,-27.94,0,150.0,10.0,1.00,0.500,0.300,3.00
15.6328,0.030071,0.013253,0.031382,-27.94,0,150.0,10.0,1.00,0.500,0.300,3.00
15.6381,0.030199,0.013438,0.031361,-27.94,0,150.0,10.0,1.00,0.500,0.300,3.00
15.6431,0.030332,0.013609,0.031332,-27.95,0,150.0,10.0,1.00,0.500,0.300,3.00
15.6481,0.030451,0.013794,0.031310,-27.95,0,150.0,10.0,1.00,0.500,0.300,3.00
15.6531,0.030565,0.013980,0.031308,-27.97,0,150.0,10.0,1.00,0.500,0.300,3.00
15.6584,0.030691,0.014166,0.031301,-27.98,0,150.0,10.0,1.00,0.500,0.300,3.00
15.6633,0.030819,0.014338,0.031293,-28.00,0,150.0,10.0,1.00,0.500,0.300,3.00
15.6683,0.030938,0.014517,0.031303,-28.03,0,150.0,10.0,1.00,0.500,0.300,3.00
15.6734,0.031062,0.014683,0.031320,-28.06,0,150.0,10.0,1.00,0.500,0.300,3.00
15.6786,0.031187,0.014878,0.031346,-28.09,0,150.0,10.0,1.00,0.500,0.300,3.00
15.6836,0.031315,0.015065,0.031360,-28.11,0,150.0,10.0,1.00,0.500,0.300,3.00
15.6886,0.031454,0.015246,0.031364,-28.13,0,150.0,10.0,1.00,0.500,0.300,3.00
15.6939,0.031590,0.015441,0.031369,-28.14,0,150.0,10.0,1.00,0.500,0.300,3.00
15.6988,0.031729,0.015621,0.031359,-28.15,0,150.0,10.0,1.00,0.500,0.300,3.00
15.7038,0.031883,0.015823,0.031340,-28.16,0,150.0,10.0,1.00,0.500,0.300,3.00
15.7091,0.032045,0.016048,0.031325,-28.16,0,150.0,10.0,1.00,0.500,0.300,3.00
15.7141,0.032203,0.016259,0.031318,-28.16,0,150.0,10.0,1.00,0.500,0.300,3.00
15.7191,0.032362,0.016476,0.031299,-28.17,0,150.0,10.0,1.00,0.500,0.300,3.00
15.7241,0.032535,0.016679,0.031274,-28.17,0,150.0,10.0,1.00,0.500,0.300,3.00
15.7294,0.032702,0.016906,0.031274,-28.17,0,150.0,10.0,1.00,0.500,0.300,3.00
15.7343,0.032857,0.017109,0.031277,-28.18,0,150.0,10.0,1.00,0.500,0.300,3.00
15.7393,0.033009,0.017306,0.031289,-28.18,0,150.0,10.0,1.00,0.500,0.300,3.00
15.7446,0.033149,0.017511,0.031327,-28.19,0,150.0,10.0,1.00,0.500,0.300,3.00
15.7496,0.033286,0.017702,0.031370,-28.20,0,150.0,10.0,1.00,0.500,0.300,3.00
15.7548,0.033421,0.017914,0.031418,-28.21,0,150.0,10.0,1.00,0.500,0.300,3.00
15.7598,0.033558,0.018112,0.031451,-28.22,0,150.0,10.0,1.00,0.500,0.300,3.00
15.7648,0.033694,0.018294,0.031462,-28.23,0,150.0,10.0,1.00,0.500,0.300,3.00
15.7701,0.033830,0.018492,0.031494,-28.24,0,150.0,10.0,1.00,0.500,0.300,3.00
15.7751,0.033965,0.018682,0.031523,-28.27,0,150.0,10.0,1.00,0.500,0.300,3.00
15.7801,0.034106,0.018857,0.031544,-28.29,0,150.0,10.0,1.00,0.500,0.300,3.00
15.7851,0.034246,0.019033,0.031565,-28.31,0,150.0,10.0,1.00,0.500,0.300,3.00
15.7904,0.034393,0.019201,0.031583,-28.31,0,150.0,10.0,1.00,0.500,0.300,3.00
15.7953,0.034528,0.019356,0.031621,-28.32,0,150.0,10.0,1.00,0.500,0.300,3.00
15.8003,0.034669,0.019517,0.031656,-28.32,0,150.0,10.0,1.00,0.500,0.300,3.00
15.8056,0.034804,0.019679,0.031697,-28.32,0,150.0,10.0,1.00,0.500,0.300,3.00
15.8106,0.034920,0.019818,0.031740,-28.32,0,150.0,10.0,1.00,0.500,0.300,3.00
15.8158,0.035033,0.019944,0.031805,-28.32,0,150.0,10.0,1.00,0.500,0.300,3.00
15.8208,0.035141,0.020061,0.031857,-28.32,0,150.0,10.0,1.00,0.500,0.300,3.00
15.8258,0.035251,0.020164,0.031909,-28.32,0,150.0,10.0,1.00,0.500,0.300,3.00
15.8311,0.035376,0.020296,0.031956,-28.32,0,150.0,10.0,1.00,0.500,0.300,3.00
15.8361,0.035491,0.020407,0.032004,-28.32,0,150.0,10.0,1.00,0.500,0.300,3.00
15.8411,0.035617,0.020517,0.032046,-28.32,0,150.0,10.0,1.00,0.500,0.300,3.00
15.8461,0.035726,0.020620,0.032098,-28.32,0,150.0,10.0,1.00,0.500,0.300,3.00
15.8514,0.035840,0.020708,0.032156,-28.32,0,150.0,10.0,1.00,0.500,0.300,3.00
15.8563,0.035964,0.020774,0.032196,-28.32,0,150.0,10.0,1.00,0.500,0.300,3.00
15.8613,0.036080,0.020848,0.032254,-28.32,0,150.0,10.0,1.00,0.500,0.300,3.00
15.8663,0.036193,0.020900,0.032315,-28.32,0,150.0,10.0,1.00,0.500,0.300,3.00
15.8716,0.036301,0.020960,0.032386,-28.32,0,150.0,10.0,1.00,0.500,0.300,3.00
15.8766,0.036417,0.020983,0.032460,-28.32,0,150.0,10.0,1.00,0.500,0.300,3.00
15.8818,0.036546,0.020985,0.032537,-28.32,0,150.0,10.0,1.00,0.500,0.300,3.00
15.8868,0.036670,0.020987,0.032621,-28.32,0,150.0,10.0,1.00,0.500,0.300,3.00
15.8921,0.036808,0.020953,0.032709,-28.32,0,150.0,10.0,1.00,0.500,0.300,3.00
15.8971,0.036949,0.020920,0.032818,-28.32,0,150.0,10.0,1.00,0.500,0.300,3.00
15.9021,0.037090,0.020886,0.032927,-28.32,0,150.0,10.0,1.00,0.500,0.300,3.00
15.9071,0.037231,0.020860,0.033040,-28.32,0,150.0,10.0,1.00,0.500,0.300,3.00
15.9124,0.037381,0.020828,0.033171,-28.32,0,150.0,10.0,1.00,0.500,0.300,3.00
15.9173,0.037527,0.020788,0.033290,-28.32,0,150.0,10.0,1.00,0.500,0.300,3.00
15.9223,0.037691,0.020732,0.033395,-28.32,0,150.0,10.0,1.00,0.500,0.300,3.00
15.9276,0.037862,0.020677,0.033501,-28.32,0,150.0,10.0,1.00,0.500,0.300,3.00
15.9326,0.038039,0.020635,0.033592,-28.32,0,150.0,10.0,1.00,0.500,0.300,3.00
15.9376,0.038221,0.020558,0.033715,-28.32,0,150.0,10.0,1.00,0.500,0.300,3.00
15.9428,0.038405,0.020496,0.033831,-28.32,0,150.0,10.0,1.00,0.500,0.300,3.00
15.9478,0.038577,0.020432,0.033939,-28.32,0,150.0,10.0,1.00,0.500,0.300,3.00
15.9528,0.038762,0.020360,0.034021,-28.32,0,150.0,10.0,1.00,0.500,0.300,3.00
15.9581,0.038952,0.020274,0.034147,-28.32,0,150.0,10.0,1.00,0.500,0.300,3.00
15.9631,0.039149,0.020181,0.034268,-28.32,0,150.0,10.0,1.00,0.500,0.300,3.00
15.9682,0.039349,0.020096,0.034401,-28.32,0,150.0,10.0,1.00,0.500,0.300,3.00
15.9731,0.039559,0.020024,0.034512,-28.32,0,150.0,10.0,1.00,0.500,0.300,3.00
15.9783,0.039799,0.019966,0.034595,-28.32,0,150.0,10.0,1.00,0.500,0.300,3.00
15.9833,0.040037,0.019887,0.034703,-28.32,0,150.0,10.0,1.00,0.500,0.300,3.00
15.9884,0.040298,0.019799,0.034792,-28.32,0,150.0,10.0,1.00,0.500,0.300,3.00
15.9936,0.040563,0.019763,0.034894,-28.32,0,150.0,10.0,1.00,0.500,0.300,3.00
15.9986,0.040817,0.019720,0.035019,-28.32,0,150.0,10.0,1.00,0.500,0.300,3.00
16.0036,0.041083,0.019654,0.035133,-28.32,0,150.0,10.0,1.00,0.500,0.300,3.00
16.0088,0.041394,0.019565,0.035242,-28.32,0,150.0,10.0,1.00,0.500,0.300,3.00
16.0138,0.041690,0.019498,0.035362,-28.32,0,150.0,10.0,1.00,0.500,0.300,3.00
16.0191,0.042021,0.019415,0.035474,-28.32,0,150.0,10.0,1.00,0.500,0.300,3.00
16.0241,0.042323,0.019325,0.035601,-28.32,0,150.0,10.0,1.00,0.500,0.300,3.00
16.0291,0.042651,0.019211,0.035717,-28.32,0,150.0,10.0,1.00,0.500,0.300,3.00
16.0341,0.042976,0.019126,0.035839,-28.32,0,150.0,10.0,1.00,0.500,0.300,3.00
16.0393,0.043325,0.019032,0.035949,-28.32,0,150.0,10.0,1.00,0.500,0.300,3.00
16.0443,0.043665,0.018907,0.036064,-28.32,0,150.0,10.0,1.00,0.500,0.300,3.00
16.0493,0.044007,0.018841,0.036171,-28.32,0,150.0,10.0,1.00,0.500,0.300,3.00
16.0546,0.044380,0.018758,0.036284,-28.32,0,150.0,10.0,1.00,0.500,0.300,3.00
16.0596,0.044743,0.018606,0.036368,-28.32,0,150.0,10.0,1.00,0.500,0.300,3.00
16.0646,0.045083,0.018514,0.036474,-28.32,0,150.0,10.0,1.00,0.500,0.300,3.00
16.0698,0.045453,0.018405,0.036562,-28.32,0,150.0,10.0,1.00,0.500,0.300,3.00
16.0748,0.045800,0.018287,0.036646,-28.32,0,150.0,10.0,1.00,0.500,0.300,3.00
16.0798,0.046146,0.018205,0.036724,-28.32,0,150.0,10.0,1.00,0.500,0.300,3.00
16.0851,0.046493,0.018123,0.036830,-28.32,0,150.0,10.0,1.00,0.500,0.300,3.00
16.0901,0.046827,0.018038,0.036884,-28.32,0,150.0,10.0,1.00,0.500,0.300,3.00
16.0951,0.047150,0.017946,0.036947,-28.32,0,150.0,10.0,1.00,0.500,0.300,3.00
16.1001,0.047463,0.017905,0.037042,-28.32,0,150.0,10.0,1.00,0.500,0.300,3.00
16.1053,0.047757,0.017864,0.037143,-28.32,0,150.0,10.0,1.00,0.500,0.300,3.00
16.1103,0.048060,0.017805,0.037192,-28.32,0,150.0,10.0,1.00,0.500,0.300,3.00
16.1153,0.048350,0.017754,0.037251,-28.32,0,150.0,10.0,1.00,0.500,0.300,3.00
16.1206,0.048647,0.017729,0.037267,-28.32,0,150.0,10.0,1.00,0.500,0.300,3.00
16.1256,0.048906,0.017722,0.037332,-28.32,0,150.0,10.0,1.00,0.500,0.300,3.00
16.1308,0.049195,0.017725,0.037359,-28.32,0,150.0,10.0,1.00,0.500,0.300,3.00
16.1358,0.049449,0.017729,0.037388,-28.32,0,150.0,10.0,1.00,0.500,0.300,3.00
16.1408,0.049701,0.017747,0.037381,-28.32,0,150.0,10.0,1.00,0.500,0.300,3.00
16.1461,0.049938,0.017758,0.037405,-28.32,0,150.0,10.0,1.00,0.500,0.300,3.00
16.1511,0.050153,0.017763,0.037440,-28.32,0,150.0,10.0,1.00,0.500,0.300,3.00
16.1561,0.050353,0.017768,0.037476,-28.31,0,150.0,10.0,1.00,0.500,0.300,3.00
16.1611,0.050527,0.017789,0.037501,-28.31,0,150.0,10.0,1.00,0.500,0.300,3.00
16.1664,0.050696,0.017788,0.037542,-28.31,0,150.0,10.0,1.00,0.500,0.300,3.00
16.1713,0.050858,0.017787,0.037549,-28.32,0,150.0,10.0,1.00,0.500,0.300,3.00
16.1764,0.051009,0.017773,0.037557,-28.32,0,150.0,10.0,1.00,0.500,0.300,3.00
16.1816,0.051155,0.017744,0.037565,-28.32,0,150.0,10.0,1.00,0.500,0.300,3.00
16.1866,0.051294,0.017715,0.037552,-28.32,0,150.0,10.0,1.00,0.500,0.300,3.00
16.1916,0.051423,0.017694,0.037518,-28.32,0,150.0,10.0,1.00,0.500,0.300,3.00
16.1969,0.051550,0.017652,0.037506,-28.32,0,150.0,10.0,1.00,0.500,0.300,3.00
16.2018,0.051672,0.017602,0.037478,-28.32,0,150.0,10.0,1.00,0.500,0.300,3.00
16.2068,0.051801,0.017552,0.037435,-28.32,0,150.0,10.0,1.00,0.500,0.300,3.00
16.2121,0.051937,0.017508,0.037395,-28.32,0,150.0,10.0,1.00,0.500,0.300,3.00
16.2171,0.052066,0.017464,0.037355,-28.32,0,150.0,10.0,1.00,0.500,0.300,3.00
16.2221,0.052191,0.017421,0.037322,-28.32,0,150.0,10.0,1.00,0.500,0.300,3.00
16.2274,0.052323,0.017376,0.037274,-28.32,0,150.0,10.0,1.00,0.500,0.300,3.00
16.2323,0.052447,0.017354,0.037210,-28.32,0,150.0,10.0,1.00,0.500,0.300,3.00
16.2373,0.052552,0.017320,0.037182,-28.32,0,150.0,10.0,1.00,0.500,0.300,3.00
16.2423,0.052657,0.017285,0.037135,-28.32,0,150.0,10.0,1.00,0.500,0.300,3.00
16.2476,0.052765,0.017243,0.037076,-28.32,0,150.0,10.0,1.00,0.500,0.300,3.00
16.2526,0.052851,0.017218,0.037035,-28.32,0,150.0,10.0,1.00,0.500,0.300,3.00
16.2578,0.052932,0.017179,0.036994,-28.32,0,150.0,10.0,1.00,0.500,0.300,3.00
16.2628,0.052999,0.017142,0.036949,-28.32,0,150.0,10.0,1.00,0.500,0.300,3.00
16.2678,0.053053,0.017107,0.036906,-28.32,0,150.0,10.0,1.00,0.500,0.300,3.00
16.2731,0.053095,0.017094,0.036875,-28.32,0,150.0,10.0,1.00,0.500,0.300,3.00
16.2781,0.053127,0.017076,0.036849,-28.32,0,150.0,10.0,1.00,0.500,0.300,3.00
16.2831,0.053159,0.017065,0.036806,-28.32,0,150.0,10.0,1.00,0.500,0.300,3.00
16.2884,0.053184,0.017054,0.036765,-28.32,0,150.0,10.0,1.00,0.500,0.300,3.00
16.2934,0.053214,0.017050,0.036719,-28.32,0,150.0,10.0,1.00,0.500,0.300,3.00
16.2983,0.053243,0.017047,0.036654,-28.32,0,150.0,10.0,1.00,0.500,0.300,3.00
16.3033,0.053270,0.017043,0.036602,-28.32,0,150.0,10.0,1.00,0.500,0.300,3.00
16.3086,0.053292,0.017055,0.036558,-28.32,0,150.0,10.0,1.00,0.500,0.300,3.00
16.3136,0.053310,0.017059,0.036517,-28.32,0,150.0,10.0,1.00,0.500,0.300,3.00
16.3189,0.053319,0.017065,0.036492,-28.32,0,150.0,10.0,1.00,0.500,0.300,3.00
16.3238,0.053329,0.017078,0.036470,-28.32,0,150.0,10.0,1.00,0.500,0.300,3.00
16.3288,0.053335,0.017092,0.036456,-28.32,0,150.0,10.0,1.00,0.500,0.300,3.00
16.3341,0.053341,0.017105,0.036441,-28.32,0,150.0,10.0,1.00,0.500,0.300,3.00
16.3391,0.053358,0.017117,0.036418,-28.32,0,150.0,10.0,1.00,0.500,0.300,3.00
16.3441,0.053384,0.017135,0.036390,-28.32,0,150.0,10.0,1.00,0.500,0.300,3.00
16.3491,0.053418,0.017151,0.036347,-28.32,0,150.0,10.0,1.00,0.500,0.300,3.00
16.3544,0.053457,0.017175,0.036299,-28.32,0,150.0,10.0,1.00,0.500,0.300,3.00
16.3593,0.053509,0.017203,0.036239,-28.32,0,150.0,10.0,1.00,0.500,0.300,3.00
16.3643,0.053564,0.017224,0.036182,-28.32,0,150.0,10.0,1.00,0.500,0.300,3.00
16.3696,0.053624,0.017237,0.036141,-28.32,0,150.0,10.0,1.00,0.500,0.300,3.00
16.3746,0.053688,0.017249,0.036106,-28.32,0,150.0,10.0,1.00,0.500,0.300,3.00
16.3796,0.053743,0.017269,0.036089,-28.32,0,150.0,10.0,1.00,0.500,0.300,3.00
16.3848,0.053803,0.017289,0.036084,-28.32,0,150.0,10.0,1.00,0.500,0.300,3.00
16.3898,0.053859,0.017295,0.036080,-28.32,0,150.0,10.0,1.00,0.500,0.300,3.00
16.3948,0.053910,0.017308,0.036087,-28.32,0,150.0,10.0,1.00,0.500,0.300,3.00
16.4002,0.053966,0.017328,0.036089,-28.32,0,150.0,10.0,1.00,0.500,0.300,3.00
16.4051,0.054018,0.017348,0.036079,-28.32,0,150.0,10.0,1.00,0.500,0.300,3.00
16.4101,0.054073,0.017361,0.036078,-28.32,0,150.0,10.0,1.00,0.500,0.300,3.00
16.4151,0.054120,0.017374,0.036072,-28.32,0,150.0,10.0,1.00,0.500,0.300,3.00
16.4204,0.054162,0.017403,0.036074,-28.32,0,150.0,10.0,1.00,0.500,0.300,3.00
16.4253,0.054203,0.017425,0.036072,-28.32,0,150.0,10.0,1.00,0.500,0.300,3.00
16.4303,0.054245,0.017453,0.036074,-28.32,0,150.0,10.0,1.00,0.500,0.300,3.00
16.4356,0.054292,0.017466,0.036067,-28.32,0,150.0,10.0,1.00,0.500,0.300,3.00
16.4406,0.054341,0.017479,0.036067,-28.32,0,150.0,10.0,1.00,0.500,0.300,3.00
16.4456,0.054398,0.017498,0.036055,-28.32,0,150.0,10.0,1.00,0.500,0.300,3.00
16.4508,0.054467,0.017522,0.036044,-28.32,0,150.0,10.0,1.00,0.500,0.300,3.00
16.4559,0.054542,0.017537,0.036028,-28.32,0,150.0,10.0,1.00,0.500,0.300,3.00
16.4608,0.054627,0.017558,0.036026,-28.32,0,150.0,10.0,1.00,0.500,0.300,3.00
16.4661,0.054726,0.017582,0.036011,-28.32,0,150.0,10.0,1.00,0.500,0.300,3.00
16.4711,0.054835,0.017612,0.035990,-28.32,0,150.0,10.0,1.00,0.500,0.300,3.00
16.4761,0.054955,0.017653,0.035953,-28.32,0,150.0,10.0,1.00,0.500,0.300,3.00
16.4813,0.055083,0.017720,0.035913,-28.32,0,150.0,10.0,1.00,0.500,0.300,3.00
16.4863,0.055203,0.017760,0.035894,-28.32,0,150.0,10.0,1.00,0.500,0.300,3.00
16.4913,0.055333,0.017818,0.035856,-28.32,0,150.0,10.0,1.00,0.500,0.300,3.00
16.4966,0.055464,0.017868,0.035821,-28.32,0,150.0,10.0,1.00,0.500,0.300,3.00
16.5016,0.055587,0.017905,0.035793,-28.32,0,150.0,10.0,1.00,0.500,0.300,3.00
16.5066,0.055713,0.017935,0.035755,-28.32,0,150.0,10.0,1.00,0.500,0.300,3.00
16.5118,0.055854,0.017981,0.035695,-28.32,0,150.0,10.0,1.00,0.500,0.300,3.00
16.5168,0.055979,0.018009,0.035656,-28.32,0,150.0,10.0,1.00,0.500,0.300,3.00
16.5218,0.056097,0.018052,0.035604,-28.32,0,150.0,10.0,1.00,0.500,0.300,3.00
16.5271,0.056227,0.018085,0.035526,-28.32,0,150.0,10.0,1.00,0.500,0.300,3.00
16.5321,0.056343,0.018121,0.035465,-28.32,0,150.0,10.0,1.00,0.500,0.300,3.00
16.5371,0.056460,0.018129,0.035396,-28.32,0,150.0,10.0,1.00,0.500,0.300,3.00
16.5423,0.056589,0.018147,0.035298,-28.32,0,150.0,10.0,1.00,0.500,0.300,3.00
16.5473,0.056720,0.018139,0.035193,-28.32,0,150.0,10.0,1.00,0.500,0.300,3.00
16.5524,0.056844,0.018131,0.035089,-28.32,0,150.0,10.0,1.00,0.500,0.300,3.00
16.5576,0.056985,0.018100,0.034952,-28.32,0,150.0,10.0,1.00,0.500,0.300,3.00
16.5626,0.057111,0.018078,0.034815,-28.32,0,150.0,10.0,1.00,0.500,0.300,3.00
16.5678,0.057248,0.018041,0.034668,-28.32,0,150.0,10.0,1.00,0.500,0.300,3.00
16.5728,0.057394,0.017989,0.034487,-28.32,0,150.0,10.0,1.00,0.500,0.300,3.00
16.5778,0.057532,0.017946,0.034291,-28.32,0,150.0,10.0,1.00,0.500,0.300,3.00
16.5831,0.057677,0.017902,0.034060,-28.32,0,150.0,10.0,1.00,0.500,0.300,3.00
16.5881,0.057801,0.017863,0.033843,-28.32,0,150.0,10.0,1.00,0.500,0.300,3.00
16.5931,0.057909,0.017822,0.033633,-28.32,0,150.0,10.0,1.00,0.500,0.300,3.00
16.5981,0.058022,0.017773,0.033399,-28.32,0,150.0,10.0,1.00,0.500,0.300,3.00
16.6033,0.058123,0.017721,0.033166,-28.32,0,150.0,10.0,1.00,0.500,0.300,3.00
16.6083,0.058218,0.017671,0.032934,-28.32,0,150.0,10.0,1.00,0.500,0.300,3.00
16.6133,0.058314,0.017621,0.032689,-28.32,0,150.0,10.0,1.00,0.500,0.300,3.00
16.6186,0.058408,0.017578,0.032441,-28.32,0,150.0,10.0,1.00,0.500,0.300,3.00
16.6236,0.058511,0.017533,0.032170,-28.32,0,150.0,10.0,1.00,0.500,0.300,3.00
16.6286,0.058624,0.017486,0.031877,-28.32,0,150.0,10.0,1.00,0.500,0.300,3.00
16.6338,0.058746,0.017451,0.031561,-28.32,0,150.0,10.0,1.00,0.500,0.300,3.00
16.6388,0.058879,0.017412,0.031247,-28.32,0,150.0,10.0,1.00,0.500,0.300,3.00
16.6439,0.059022,0.017376,0.030932,-28.32,0,150.0,10.0,1.00,0.500,0.300,3.00
16.6491,0.059199,0.017333,0.030562,-28.32,0,150.0,10.0,1.00,0.500,0.300,3.00
16.6541,0.059385,0.017286,0.030201,-28.32,0,150.0,10.0,1.00,0.500,0.300,3.00
16.6591,0.059552,0.017249,0.029880,-28.32,0,150.0,10.0,1.00,0.500,0.300,3.00
16.6644,0.059754,0.017196,0.029506,-28.32,0,150.0,10.0,1.00,0.500,0.300,3.00
16.6693,0.059950,0.017132,0.029147,-28.32,0,150.0,10.0,1.00,0.500,0.300,3.00
16.6746,0.060140,0.017061,0.028806,-28.32,0,150.0,10.0,1.00,0.500,0.300,3.00
16.6796,0.060325,0.016985,0.028455,-28.32,0,150.0,10.0,1.00,0.500,0.300,3.00
16.6846,0.060500,0.016919,0.028111,-28.32,0,150.0,10.0,1.00,0.500,0.300,3.00
16.6898,0.060667,0.016834,0.027793,-28.32,0,150.0,10.0,1.00,0.500,0.300,3.00
16.6948,0.060831,0.016744,0.027452,-28.32,0,150.0,10.0,1.00,0.500,0.300,3.00
16.6998,0.060975,0.016666,0.027140,-28.32,0,150.0,10.0,1.00,0.500,0.300,3.00
16.7052,0.061114,0.016576,0.026830,-28.32,0,150.0,10.0,1.00,0.500,0.300,3.00
16.7101,0.061235,0.016491,0.026552,-28.32,0,150.0,10.0,1.00,0.500,0.300,3.00
16.7151,0.061369,0.016391,0.026230,-28.32,0,150.0,10.0,1.00,0.500,0.300,3.00
16.7201,0.061493,0.016300,0.025915,-28.32,0,150.0,10.0,1.00,0.500,0.300,3.00
16.7254,0.061617,0.016185,0.025580,-28.32,0,150.0,10.0,1.00,0.500,0.300,3.00
16.7303,0.061718,0.016069,0.025276,-28.32,0,150.0,10.0,1.00,0.500,0.300,3.00
16.7353,0.061828,0.015959,0.024939,-28.32,0,150.0,10.0,1.00,0.500,0.300,3.00
16.7403,0.061919,0.015840,0.024642,-28.32,0,150.0,10.0,1.00,0.500,0.300,3.00
16.7456,0.062020,0.015707,0.024308,-28.32,0,150.0,10.0,1.00,0.500,0.300,3.00
16.7506,0.062103,0.015578,0.024019,-28.32,0,150.0,10.0,1.00,0.500,0.300,3.00
16.7558,0.062191,0.015448,0.023715,-28.32,0,150.0,10.0,1.00,0.500,0.300,3.00
16.7612,0.062287,0.015317,0.023388,-28.32,0,150.0,10.0,1.00,0.500,0.300,3.00
16.7661,0.062363,0.015183,0.023117,-28.32,0,150.0,10.0,1.00,0.500,0.300,3.00
16.7714,0.062441,0.015036,0.022833,-28.32,0,150.0,10.0,1.00,0.500,0.300,3.00
16.7764,0.062499,0.014894,0.022601,-28.32,0,150.0,10.0,1.00,0.500,0.300,3.00
16.7813,0.062537,0.014751,0.022405,-28.32,0,150.0,10.0,1.00,0.500,0.300,3.00
16.7867,0.062568,0.014597,0.022205,-28.32,0,150.0,10.0,1.00,0.500,0.300,3.00
16.7916,0.062588,0.014433,0.022028,-28.32,0,150.0,10.0,1.00,0.500,0.300,3.00
16.7969,0.062591,0.014285,0.021890,-28.32,0,150.0,10.0,1.00,0.500,0.300,3.00
16.8019,0.062587,0.014119,0.021784,-28.32,0,150.0,10.0,1.00,0.500,0.300,3.00
16.8071,0.062572,0.013936,0.021691,-28.32,0,150.0,10.0,1.00,0.500,0.300,3.00
16.8122,0.062550,0.013767,0.021627,-28.32,0,150.0,10.0,1.00,0.500,0.300,3.00
16.8174,0.062530,0.013571,0.021562,-28.32,0,150.0,10.0,1.00,0.500,0.300,3.00
16.8224,0.062506,0.013388,0.021518,-28.32,0,150.0,10.0,1.00,0.500,0.300,3.00
16.8273,0.062484,0.013210,0.021484,-28.32,0,150.0,10.0,1.00,0.500,0.300,3.00
16.8326,0.062455,0.013026,0.021447,-28.32,0,150.0,10.0,1.00,0.500,0.300,3.00
16.8376,0.062426,0.012842,0.021438,-28.32,0,150.0,10.0,1.00,0.500,0.300,3.00
16.8426,0.062401,0.012656,0.021427,-28.32,0,150.0,10.0,1.00,0.500,0.300,3.00
16.8478,0.062375,0.012457,0.021424,-28.32,0,150.0,10.0,1.00,0.500,0.300,3.00
16.8529,0.062343,0.012265,0.021452,-28.32,0,150.0,10.0,1.00,0.500,0.300,3.00
16.8578,0.062306,0.012060,0.021496,-28.31,0,150.0,10.0,1.00,0.500,0.300,3.00
16.8628,0.062261,0.011875,0.021538,-28.31,0,150.0,10.0,1.00,0.500,0.300,3.00
16.8681,0.062202,0.011673,0.021614,-28.31,0,150.0,10.0,1.00,0.500,0.300,3.00
16.8731,0.062139,0.011484,0.021684,-28.30,0,150.0,10.0,1.00,0.500,0.300,3.00
16.8781,0.062071,0.011295,0.021756,-28.30,0,150.0,10.0,1.00,0.500,0.300,3.00
16.8833,0.061983,0.011109,0.021867,-28.30,0,150.0,10.0,1.00,0.500,0.300,3.00
16.8884,0.061893,0.010961,0.021998,-28.30,0,150.0,10.0,1.00,0.500,0.300,3.00
16.8933,0.061807,0.010799,0.022121,-28.30,0,150.0,10.0,1.00,0.500,0.300,3.00
16.8986,0.061710,0.010624,0.022274,-28.30,0,150.0,10.0,1.00,0.500,0.300,3.00
16.9037,0.061609,0.010449,0.022449,-28.30,0,150.0,10.0,1.00,0.500,0.300,3.00
16.9086,0.061511,0.010286,0.022622,-28.30,0,150.0,10.0,1.00,0.500,0.300,3.00
16.9139,0.061397,0.010111,0.022827,-28.30,0,150.0,10.0,1.00,0.500,0.300,3.00
16.9189,0.061302,0.009959,0.023000,-28.29,0,150.0,10.0,1.00,0.500,0.300,3.00
16.9238,0.061197,0.009820,0.023195,-28.29,0,150.0,10.0,1.00,0.500,0.300,3.00
16.9291,0.061074,0.009677,0.023418,-28.27,0,150.0,10.0,1.00,0.500,0.300,3.00
16.9342,0.060958,0.009546,0.023619,-28.27,0,150.0,10.0,1.00,0.500,0.300,3.00
16.9391,0.060834,0.009421,0.023832,-28.26,0,150.0,10.0,1.00,0.500,0.300,3.00
16.9444,0.060708,0.009289,0.024028,-28.25,0,150.0,10.0,1.00,0.500,0.300,3.00
16.9493,0.060577,0.009158,0.024239,-28.25,0,150.0,10.0,1.00,0.500,0.300,3.00
16.9544,0.060448,0.009032,0.024432,-28.24,0,150.0,10.0,1.00,0.500,0.300,3.00
16.9596,0.060304,0.008920,0.024648,-28.24,0,150.0,10.0,1.00,0.500,0.300,3.00
16.9646,0.060175,0.008793,0.024813,-28.24,0,150.0,10.0,1.00,0.500,0.300,3.00
16.9698,0.060031,0.008681,0.024988,-28.23,0,150.0,10.0,1.00,0.500,0.300,3.00
16.9748,0.059888,0.008567,0.025148,-28.22,0,150.0,10.0,1.00,0.500,0.300,3.00
16.9798,0.059730,0.008461,0.025322,-28.22,0,150.0,10.0,1.00,0.500,0.300,3.00
16.9851,0.059567,0.008349,0.025500,-28.22,0,150.0,10.0,1.00,0.500,0.300,3.00
16.9901,0.059409,0.008255,0.025679,-28.22,0,150.0,10.0,1.00,0.500,0.300,3.00
16.9951,0.059253,0.008160,0.025851,-28.22,0,150.0,10.0,1.00,0.500,0.300,3.00
17.0001,0.059098,0.008044,0.026040,-28.21,0,150.0,10.0,1.00,0.500,0.300,3.00
17.0054,0.058953,0.007920,0.026209,-28.21,0,150.0,10.0,1.00,0.500,0.300,3.00
17.0103,0.058815,0.007801,0.026366,-28.21,0,150.0,10.0,1.00,0.500,0.300,3.00
17.0153,0.058661,0.007676,0.026563,-28.21,0,150.0,10.0,1.00,0.500,0.300,3.00
17.0206,0.058505,0.007536,0.026754,-28.21,0,150.0,10.0,1.00,0.500,0.300,3.00
17.0256,0.058351,0.007416,0.026955,-28.21,0,150.0,10.0,1.00,0.500,0.300,3.00
17.0309,0.058195,0.007296,0.027155,-28.20,0,150.0,10.0,1.00,0.500,0.300,3.00
17.0358,0.058038,0.007176,0.027370,-28.19,0,150.0,10.0,1.00,0.500,0.300,3.00
17.0409,0.057886,0.007047,0.027565,-28.19,0,150.0,10.0,1.00,0.500,0.300,3.00
17.0462,0.057723,0.006912,0.027780,-28.19,0,150.0,10.0,1.00,0.500,0.300,3.00
17.0511,0.057582,0.006781,0.027945,-28.19,0,150.0,10.0,1.00,0.500,0.300,3.00
17.0561,0.057426,0.006658,0.028137,-28.18,0,150.0,10.0,1.00,0.500,0.300,3.00
17.0613,0.057267,0.006520,0.028322,-28.17,0,150.0,10.0,1.00,0.500,0.300,3.00
17.0663,0.057094,0.006376,0.028520,-28.16,0,150.0,10.0,1.00,0.500,0.300,3.00
17.0713,0.056929,0.006216,0.028688,-28.16,0,150.0,10.0,1.00,0.500,0.300,3.00
17.0766,0.056739,0.006057,0.028860,-28.14,0,150.0,10.0,1.00,0.500,0.300,3.00
17.0816,0.056556,0.005940,0.029009,-28.13,0,150.0,10.0,1.00,0.500,0.300,3.00
17.0866,0.056360,0.005801,0.029170,-28.13,0,150.0,10.0,1.00,0.500,0.300,3.00
17.0919,0.056160,0.005647,0.029275,-28.12,0,150.0,10.0,1.00,0.500,0.300,3.00
17.0968,0.055952,0.005500,0.029377,-28.11,0,150.0,10.0,1.00,0.500,0.300,3.00
17.1018,0.055742,0.005373,0.029461,-28.11,0,150.0,10.0,1.00,0.500,0.300,3.00
17.1071,0.055510,0.005247,0.029576,-28.11,0,150.0,10.0,1.00,0.500,0.300,3.00
17.1121,0.055301,0.005112,0.029633,-28.11,0,150.0,10.0,1.00,0.500,0.300,3.00
17.1171,0.055078,0.004969,0.029723,-28.11,0,150.0,10.0,1.00,0.500,0.300,3.00
17.1221,0.054862,0.004862,0.029787,-28.11,0,150.0,10.0,1.00,0.500,0.300,3.00
17.1274,0.054613,0.004726,0.029882,-28.11,0,150.0,10.0,1.00,0.500,0.300,3.00
17.1323,0.054381,0.004603,0.029890,-28.12,0,150.0,10.0,1.00,0.500,0.300,3.00
17.1373,0.054141,0.004473,0.029914,-28.12,0,150.0,10.0,1.00,0.500,0.300,3.00
17.1423,0.053912,0.004370,0.029936,-28.12,0,150.0,10.0,1.00,0.500,0.300,3.00
17.1476,0.053650,0.004261,0.029979,-28.12,0,150.0,10.0,1.00,0.500,0.300,3.00
17.1526,0.053406,0.004128,0.030001,-28.11,0,150.0,10.0,1.00,0.500,0.300,3.00
17.1578,0.053132,0.004033,0.030035,-28.11,0,150.0,10.0,1.00,0.500,0.300,3.00
17.1628,0.052874,0.003921,0.030045,-28.11,0,150.0,10.0,1.00,0.500,0.300,3.00
17.1678,0.052585,0.003810,0.030078,-28.11,0,150.0,10.0,1.00,0.500,0.300,3.00
17.1731,0.052290,0.003691,0.030085,-28.11,0,150.0,10.0,1.00,0.500,0.300,3.00
17.1781,0.051993,0.003593,0.030072,-28.11,0,150.0,10.0,1.00,0.500,0.300,3.00
17.1831,0.051677,0.003502,0.030035,-28.12,0,150.0,10.0,1.00,0.500,0.300,3.00
17.1884,0.051357,0.003433,0.029992,-28.12,0,150.0,10.0,1.00,0.500,0.300,3.00
17.1934,0.051047,0.003311,0.029943,-28.12,0,150.0,10.0,1.00,0.500,0.300,3.00
17.1983,0.050728,0.003226,0.029875,-28.12,0,150.0,10.0,1.00,0.500,0.300,3.00
17.2033,0.050397,0.003148,0.029831,-28.12,0,150.0,10.0,1.00,0.500,0.300,3.00
17.2086,0.050067,0.003026,0.029727,-28.13,0,150.0,10.0,1.00,0.500,0.300,3.00
17.2136,0.049736,0.002947,0.029658,-28.13,0,150.0,10.0,1.00,0.500,0.300,3.00
17.2189,0.049388,0.002846,0.029570,-28.13,0,150.0,10.0,1.00,0.500,0.300,3.00
17.2238,0.049058,0.002737,0.029476,-28.13,0,150.0,10.0,1.00,0.500,0.300,3.00
17.2288,0.048736,0.002642,0.029357,-28.13,0,150.0,10.0,1.00,0.500,0.300,3.00
17.2341,0.048396,0.002533,0.029231,-28.13,0,150.0,10.0,1.00,0.500,0.300,3.00
17.2391,0.048073,0.002438,0.029131,-28.13,0,150.0,10.0,1.00,0.500,0.300,3.00
17.2441,0.047747,0.002328,0.029046,-28.13,0,150.0,10.0,1.00,0.500,0.300,3.00
17.2491,0.047417,0.002240,0.028955,-28.14,0,150.0,10.0,1.00,0.500,0.300,3.00
17.2544,0.047073,0.002152,0.028915,-28.14,0,150.0,10.0,1.00,0.500,0.300,3.00
17.2594,0.046770,0.002049,0.028858,-28.15,0,150.0,10.0,1.00,0.500,0.300,3.00
17.2644,0.046469,0.001953,0.028774,-28.15,0,150.0,10.0,1.00,0.500,0.300,3.00
17.2693,0.046181,0.001880,0.028723,-28.15,0,150.0,10.0,1.00,0.500,0.300,3.00
17.2746,0.045876,0.001791,0.028686,-28.15,0,150.0,10.0,1.00,0.500,0.300,3.00
17.2796,0.045602,0.001695,0.028637,-28.15,0,150.0,10.0,1.00,0.500,0.300,3.00
17.2848,0.045315,0.001614,0.028594,-28.15,0,150.0,10.0,1.00,0.500,0.300,3.00
17.2899,0.045062,0.001540,0.028518,-28.15,0,150.0,10.0,1.00,0.500,0.300,3.00
17.2949,0.044804,0.001466,0.028463,-28.15,0,150.0,10.0,1.00,0.500,0.300,3.00
17.3002,0.044549,0.001407,0.028415,-28.15,0,150.0,10.0,1.00,0.500,0.300,3.00
17.3052,0.044328,0.001348,0.028382,-28.15,0,150.0,10.0,1.00,0.500,0.300,3.00
17.3102,0.044108,0.001304,0.028349,-28.16,0,150.0,10.0,1.00,0.500,0.300,3.00
17.3151,0.043905,0.001259,0.028293,-28.16,0,150.0,10.0,1.00,0.500,0.300,3.00
17.3204,0.043700,0.001207,0.028248,-28.16,0,150.0,10.0,1.00,0.500,0.300,3.00
17.3253,0.043514,0.001178,0.028229,-28.17,0,150.0,10.0,1.00,0.500,0.300,3.00
17.3306,0.043335,0.001133,0.028210,-28.17,0,150.0,10.0,1.00,0.500,0.300,3.00
17.3356,0.043178,0.001089,0.028206,-28.18,0,150.0,10.0,1.00,0.500,0.300,3.00
17.3406,0.043028,0.001030,0.028217,-28.18,0,150.0,10.0,1.00,0.500,0.300,3.00
17.3458,0.042886,0.000993,0.028247,-28.18,0,150.0,10.0,1.00,0.500,0.300,3.00
17.3508,0.042765,0.000964,0.028273,-28.18,0,150.0,10.0,1.00,0.500,0.300,3.00
17.3559,0.042655,0.000934,0.028307,-28.18,0,150.0,10.0,1.00,0.500,0.300,3.00
17.3611,0.042555,0.000920,0.028349,-28.18,0,150.0,10.0,1.00,0.500,0.300,3.00
17.3661,0.042471,0.000905,0.028406,-28.18,0,150.0,10.0,1.00,0.500,0.300,3.00
17.3711,0.042395,0.000898,0.028467,-28.18,0,150.0,10.0,1.00,0.500,0.300,3.00
17.3764,0.042331,0.000890,0.028520,-28.18,0,150.0,10.0,1.00,0.500,0.300,3.00
17.3814,0.042286,0.000868,0.028567,-28.18,0,150.0,10.0,1.00,0.500,0.300,3.00
17.3864,0.042251,0.000854,0.028603,-28.17,0,150.0,10.0,1.00,0.500,0.300,3.00
17.3914,0.042221,0.000846,0.028651,-28.17,0,150.0,10.0,1.00,0.500,0.300,3.00
17.3966,0.042199,0.000824,0.028698,-28.17,0,150.0,10.0,1.00,0.500,0.300,3.00
17.4016,0.042183,0.000810,0.028742,-28.17,0,150.0,10.0,1.00,0.500,0.300,3.00
17.4068,0.042168,0.000788,0.028790,-28.17,0,150.0,10.0,1.00,0.500,0.300,3.00
17.4119,0.042161,0.000766,0.028838,-28.17,0,150.0,10.0,1.00,0.500,0.300,3.00
17.4168,0.042156,0.000736,0.028889,-28.17,0,150.0,10.0,1.00,0.500,0.300,3.00
17.4222,0.042157,0.000714,0.028938,-28.18,0,150.0,10.0,1.00,0.500,0.300,3.00
17.4271,0.042165,0.000678,0.028986,-28.18,0,150.0,10.0,1.00,0.500,0.300,3.00
17.4321,0.042169,0.000626,0.029042,-28.18,0,150.0,10.0,1.00,0.500,0.300,3.00
17.4371,0.042181,0.000575,0.029098,-28.18,0,150.0,10.0,1.00,0.500,0.300,3.00
17.4424,0.042190,0.000516,0.029165,-28.18,0,150.0,10.0,1.00,0.500,0.300,3.00
17.4474,0.042204,0.000457,0.029224,-28.18,0,150.0,10.0,1.00,0.500,0.300,3.00
17.4524,0.042213,0.000383,0.029291,-28.18,0,150.0,10.0,1.00,0.500,0.300,3.00
17.4577,0.042224,0.000317,0.029362,-28.18,0,150.0,10.0,1.00,0.500,0.300,3.00
17.4626,0.042235,0.000236,0.029432,-28.18,0,150.0,10.0,1.00,0.500,0.300,3.00
17.4676,0.042242,0.000155,0.029510,-28.17,0,150.0,10.0,1.00,0.500,0.300,3.00
17.4728,0.042245,0.000059,0.029581,-28.17,0,150.0,10.0,1.00,0.500,0.300,3.00
17.4778,0.042251,-0.000030,0.029640,-28.17,0,150.0,10.0,1.00,0.500,0.300,3.00
17.4831,0.042246,-0.000125,0.029710,-28.17,0,150.0,10.0,1.00,0.500,0.300,3.00
17.4881,0.042239,-0.000221,0.029758,-28.17,0,150.0,10.0,1.00,0.500,0.300,3.00
17.4931,0.042224,-0.000317,0.029806,-28.17,0,150.0,10.0,1.00,0.500,0.300,3.00
17.4981,0.042199,-0.000421,0.029849,-28.16,0,150.0,10.0,1.00,0.500,0.300,3.00
17.5034,0.042161,-0.000531,0.029896,-28.16,0,150.0,10.0,1.00,0.500,0.300,3.00
17.5083,0.042123,-0.000642,0.029928,-28.16,0,150.0,10.0,1.00,0.500,0.300,3.00
17.5134,0.042069,-0.000760,0.029956,-28.16,0,150.0,10.0,1.00,0.500,0.300,3.00
17.5187,0.042000,-0.000886,0.029988,-28.16,0,150.0,10.0,1.00,0.500,0.300,3.00
17.5236,0.041921,-0.001026,0.030011,-28.16,0,150.0,10.0,1.00,0.500,0.300,3.00
17.5287,0.041840,-0.001159,0.030016,-28.16,0,150.0,10.0,1.00,0.500,0.300,3.00
17.5338,0.041749,-0.001313,0.030017,-28.16,0,150.0,10.0,1.00,0.500,0.300,3.00
17.5389,0.041649,-0.001461,0.030014,-28.16,0,150.0,10.0,1.00,0.500,0.300,3.00
17.5438,0.041547,-0.001601,0.030007,-28.16,0,150.0,10.0,1.00,0.500,0.300,3.00
17.5491,0.041430,-0.001763,0.030003,-28.16,0,150.0,10.0,1.00,0.500,0.300,3.00
17.5541,0.041314,-0.001925,0.029984,-28.16,0,150.0,10.0,1.00,0.500,0.300,3.00
17.5591,0.041206,-0.002087,0.029966,-28.16,0,150.0,10.0,1.00,0.500,0.300,3.00
17.5644,0.041091,-0.002270,0.029921,-28.16,0,150.0,10.0,1.00,0.500,0.300,3.00
17.5693,0.040981,-0.002439,0.029884,-28.16,0,150.0,10.0,1.00,0.500,0.300,3.00
17.5744,0.040872,-0.002616,0.029836,-28.16,0,150.0,10.0,1.00,0.500,0.300,3.00
17.5797,0.040760,-0.002799,0.029799,-28.16,0,150.0,10.0,1.00,0.500,0.300,3.00
17.5846,0.040648,-0.002983,0.029762,-28.16,0,150.0,10.0,1.00,0.500,0.300,3.00
17.5896,0.040549,-0.003159,0.029722,-28.16,0,150.0,10.0,1.00,0.500,0.300,3.00
17.5948,0.040452,-0.003342,0.029685,-28.16,0,150.0,10.0,1.00,0.500,0.300,3.00
17.5998,0.040360,-0.003503,0.029660,-28.16,0,150.0,10.0,1.00,0.500,0.300,3.00
17.6051,0.040277,-0.003672,0.029624,-28.16,0,150.0,10.0,1.00,0.500,0.300,3.00
17.6101,0.040207,-0.003826,0.029581,-28.16,0,150.0,10.0,1.00,0.500,0.300,3.00
17.6152,0.040126,-0.003987,0.029549,-28.16,0,150.0,10.0,1.00,0.500,0.300,3.00
17.6201,0.040055,-0.004140,0.029506,-28.16,0,150.0,10.0,1.00,0.500,0.300,3.00
17.6254,0.039982,-0.004301,0.029460,-28.15,0,150.0,10.0,1.00,0.500,0.300,3.00
17.6303,0.039911,-0.004440,0.029417,-28.14,0,150.0,10.0,1.00,0.500,0.300,3.00
17.6353,0.039847,-0.004571,0.029370,-28.13,0,150.0,10.0,1.00,0.500,0.300,3.00
17.6404,0.039790,-0.004688,0.029324,-28.13,0,150.0,10.0,1.00,0.500,0.300,3.00
17.6456,0.039724,-0.004819,0.029278,-28.12,0,150.0,10.0,1.00,0.500,0.300,3.00
17.6506,0.039666,-0.004914,0.029242,-28.11,0,150.0,10.0,1.00,0.500,0.300,3.00
17.6559,0.039607,-0.005023,0.029192,-28.11,0,150.0,10.0,1.00,0.500,0.300,3.00
17.6608,0.039556,-0.005117,0.029157,-28.11,0,150.0,10.0,1.00,0.500,0.300,3.00
17.6659,0.039509,-0.005197,0.029115,-28.11,0,150.0,10.0,1.00,0.500,0.300,3.00
17.6712,0.039464,-0.005284,0.029076,-28.11,0,150.0,10.0,1.00,0.500,0.300,3.00
17.6761,0.039427,-0.005357,0.029038,-28.11,0,150.0,10.0,1.00,0.500,0.300,3.00
17.6811,0.039393,-0.005422,0.029004,-28.11,0,150.0,10.0,1.00,0.500,0.300,3.00
17.6861,0.039360,-0.005480,0.028973,-28.11,0,150.0,10.0,1.00,0.500,0.300,3.00
17.6914,0.039330,-0.005531,0.028931,-28.11,0,150.0,10.0,1.00,0.500,0.300,3.00
17.6963,0.039303,-0.005581,0.028897,-28.11,0,150.0,10.0,1.00,0.500,0.300,3.00
17.7017,0.039279,-0.005625,0.028867,-28.11,0,150.0,10.0,1.00,0.500,0.300,3.00
17.7066,0.039259,-0.005653,0.028844,-28.11,0,150.0,10.0,1.00,0.500,0.300,3.00
17.7116,0.039239,-0.005682,0.028821,-28.12,0,150.0,10.0,1.00,0.500,0.300,3.00
17.7168,0.039224,-0.005718,0.028795,-28.12,0,150.0,10.0,1.00,0.500,0.300,3.00
17.7219,0.039208,-0.005733,0.028779,-28.12,0,150.0,10.0,1.00,0.500,0.300,3.00
17.7269,0.039198,-0.005754,0.028760,-28.12,0,150.0,10.0,1.00,0.500,0.300,3.00
17.7322,0.039190,-0.005769,0.028745,-28.12,0,150.0,10.0,1.00,0.500,0.300,3.00
17.7371,0.039176,-0.005776,0.028733,-28.12,0,150.0,10.0,1.00,0.500,0.300,3.00
17.7421,0.039161,-0.005775,0.028733,-28.11,0,150.0,10.0,1.00,0.500,0.300,3.00
17.7474,0.039144,-0.005790,0.028732,-28.11,0,150.0,10.0,1.00,0.500,0.300,3.00
17.7524,0.039120,-0.005790,0.028746,-28.12,0,150.0,10.0,1.00,0.500,0.300,3.00
17.7574,0.039096,-0.005804,0.028759,-28.12,0,150.0,10.0,1.00,0.500,0.300,3.00
17.7627,0.039066,-0.005812,0.028776,-28.11,0,150.0,10.0,1.00,0.500,0.300,3.00
17.7676,0.039034,-0.005826,0.028790,-28.12,0,150.0,10.0,1.00,0.500,0.300,3.00
17.7726,0.038995,-0.005848,0.028806,-28.12,0,150.0,10.0,1.00,0.500,0.300,3.00
17.7779,0.038952,-0.005870,0.028830,-28.12,0,150.0,10.0,1.00,0.500,0.300,3.00
17.7828,0.038903,-0.005899,0.028857,-28.12,0,150.0,10.0,1.00,0.500,0.300,3.00
17.7881,0.038848,-0.005935,0.028888,-28.12,0,150.0,10.0,1.00,0.500,0.300,3.00
17.7932,0.038797,-0.005972,0.028912,-28.12,0,150.0,10.0,1.00,0.500,0.300,3.00
17.7981,0.038739,-0.006016,0.028954,-28.12,0,150.0,10.0,1.00,0.500,0.300,3.00
17.8034,0.038681,-0.006059,0.028980,-28.12,0,150.0,10.0,1.00,0.500,0.300,3.00
17.8084,0.038627,-0.006118,0.029000,-28.12,0,150.0,10.0,1.00,0.500,0.300,3.00
17.8133,0.038567,-0.006169,0.029024,-28.12,0,150.0,10.0,1.00,0.500,0.300,3.00
17.8184,0.038497,-0.006212,0.029057,-28.12,0,150.0,10.0,1.00,0.500,0.300,3.00
17.8236,0.038423,-0.006270,0.029083,-28.12,0,150.0,10.0,1.00,0.500,0.300,3.00
17.8286,0.038351,-0.006321,0.029113,-28.12,0,150.0,10.0,1.00,0.500,0.300,3.00
17.8336,0.038275,-0.006372,0.029135,-28.12,0,150.0,10.0,1.00,0.500,0.300,3.00
17.8388,0.038204,-0.006422,0.029150,-28.12,0,150.0,10.0,1.00,0.500,0.300,3.00
17.8439,0.038128,-0.006473,0.029157,-28.12,0,150.0,10.0,1.00,0.500,0.300,3.00
17.8491,0.038033,-0.006509,0.029186,-28.12,0,150.0,10.0,1.00,0.500,0.300,3.00
17.8541,0.037945,-0.006559,0.029199,-28.12,0,150.0,10.0,1.00,0.500,0.300,3.00
17.8591,0.037838,-0.006616,0.029223,-28.12,0,150.0,10.0,1.00,0.500,0.300,3.00
17.8641,0.037722,-0.006666,0.029258,-28.12,0,150.0,10.0,1.00,0.500,0.300,3.00
17.8694,0.037602,-0.006731,0.029269,-28.12,0,150.0,10.0,1.00,0.500,0.300,3.00
17.8743,0.037475,-0.006788,0.029285,-28.12,0,150.0,10.0,1.00,0.500,0.300,3.00
17.8794,0.037342,-0.006867,0.029303,-28.12,0,150.0,10.0,1.00,0.500,0.300,3.00
17.8846,0.037199,-0.006923,0.029317,-28.12,0,150.0,10.0,1.00,0.500,0.300,3.00
17.8896,0.037072,-0.006980,0.029332,-28.12,0,150.0,10.0,1.00,0.500,0.300,3.00
17.8946,0.036953,-0.007036,0.029332,-28.12,0,150.0,10.0,1.00,0.500,0.300,3.00
17.8999,0.036831,-0.007078,0.029325,-28.12,0,150.0,10.0,1.00,0.500,0.300,3.00
17.9048,0.036713,-0.007120,0.029325,-28.12,0,150.0,10.0,1.00,0.500,0.300,3.00
17.9099,0.036599,-0.007148,0.029332,-28.12,0,150.0,10.0,1.00,0.500,0.300,3.00
17.9151,0.036478,-0.007175,0.029324,-28.12,0,150.0,10.0,1.00,0.500,0.300,3.00
17.9201,0.036358,-0.007194,0.029320,-28.12,0,150.0,10.0,1.00,0.500,0.300,3.00
17.9251,0.036243,-0.007214,0.029294,-28.12,0,150.0,10.0,1.00,0.500,0.300,3.00
17.9301,0.036126,-0.007226,0.029279,-28.12,0,150.0,10.0,1.00,0.500,0.300,3.00
17.9354,0.036002,-0.007246,0.029281,-28.12,0,150.0,10.0,1.00,0.500,0.300,3.00
17.9404,0.035887,-0.007251,0.029284,-28.12,0,150.0,10.0,1.00,0.500,0.300,3.00
17.9454,0.035775,-0.007256,0.029280,-28.12,0,150.0,10.0,1.00,0.500,0.300,3.00
17.9506,0.035668,-0.007261,0.029269,-28.12,0,150.0,10.0,1.00,0.500,0.300,3.00
17.9556,0.035550,-0.007274,0.029282,-28.13,0,150.0,10.0,1.00,0.500,0.300,3.00
17.9606,0.035438,-0.007279,0.029278,-28.13,0,150.0,10.0,1.00,0.500,0.300,3.00
17.9658,0.035305,-0.007313,0.029280,-28.13,0,150.0,10.0,1.00,0.500,0.300,3.00
17.9708,0.035182,-0.007326,0.029300,-28.13,0,150.0,10.0,1.00,0.500,0.300,3.00
17.9761,0.035049,-0.007367,0.029305,-28.14,0,150.0,10.0,1.00,0.500,0.300,3.00
17.9811,0.034921,-0.007408,0.029304,-28.14,0,150.0,10.0,1.00,0.500,0.300,3.00
17.9861,0.034779,-0.007442,0.029319,-28.15,0,150.0,10.0,1.00,0.500,0.300,3.00
17.9914,0.034636,-0.007475,0.029334,-28.15,0,150.0,10.0,1.00,0.500,0.300,3.00
17.9964,0.034494,-0.007530,0.029324,-28.15,0,150.0,10.0,1.00,0.500,0.300,3.00
18.0014,0.034356,-0.007585,0.029321,-28.15,0,150.0,10.0,1.00,0.500,0.300,3.00
18.0066,0.034199,-0.007661,0.029299,-28.15,0,150.0,10.0,1.00,0.500,0.300,3.00
18.0116,0.034046,-0.007738,0.029284,-28.15,0,150.0,10.0,1.00,0.500,0.300,3.00
18.0166,0.033886,-0.007821,0.029257,-28.15,0,150.0,10.0,1.00,0.500,0.300,3.00
18.0219,0.033720,-0.007896,0.029219,-28.15,0,150.0,10.0,1.00,0.500,0.300,3.00
18.0269,0.033564,-0.007978,0.029186,-28.15,0,150.0,10.0,1.00,0.500,0.300,3.00
18.0318,0.033399,-0.008061,0.029166,-28.15,0,150.0,10.0,1.00,0.500,0.300,3.00
18.0372,0.033228,-0.008172,0.029139,-28.15,0,150.0,10.0,1.00,0.500,0.300,3.00
18.0421,0.033072,-0.008254,0.029090,-28.15,0,150.0,10.0,1.00,0.500,0.300,3.00
18.0471,0.032918,-0.008350,0.029049,-28.15,0,150.0,10.0,1.00,0.500,0.300,3.00
18.0521,0.032762,-0.008439,0.029004,-28.15,0,150.0,10.0,1.00,0.500,0.300,3.00
18.0574,0.032602,-0.008528,0.028966,-28.15,0,150.0,10.0,1.00,0.500,0.300,3.00
18.0624,0.032446,-0.008617,0.028936,-28.15,0,150.0,10.0,1.00,0.500,0.300,3.00
18.0674,0.032282,-0.008726,0.028879,-28.15,0,150.0,10.0,1.00,0.500,0.300,3.00
18.0726,0.032123,-0.008821,0.028815,-28.15,0,150.0,10.0,1.00,0.500,0.300,3.00
18.0776,0.031958,-0.008909,0.028755,-28.15,0,150.0,10.0,1.00,0.500,0.300,3.00
18.0826,0.031806,-0.008983,0.028702,-28.15,0,150.0,10.0,1.00,0.500,0.300,3.00
18.0879,0.031645,-0.009056,0.028649,-28.15,0,150.0,10.0,1.00,0.500,0.300,3.00
18.0929,0.031501,-0.009129,0.028582,-28.15,0,150.0,10.0,1.00,0.500,0.300,3.00
18.0978,0.031359,-0.009194,0.028505,-28.15,0,150.0,10.0,1.00,0.500,0.300,3.00
18.1032,0.031202,-0.009267,0.028429,-28.15,0,150.0,10.0,1.00,0.500,0.300,3.00
18.1081,0.031056,-0.009332,0.028359,-28.15,0,150.0,10.0,1.00,0.500,0.300,3.00
18.1131,0.030909,-0.009398,0.028302,-28.15,0,150.0,10.0,1.00,0.500,0.300,3.00
18.1181,0.030758,-0.009463,0.028253,-28.15,0,150.0,10.0,1.00,0.500,0.300,3.00
18.1234,0.030604,-0.009514,0.028196,-28.15,0,150.0,10.0,1.00,0.500,0.300,3.00
18.1284,0.030452,-0.009579,0.028131,-28.15,0,150.0,10.0,1.00,0.500,0.300,3.00
18.1334,0.030296,-0.009643,0.028059,-28.15,0,150.0,10.0,1.00,0.500,0.300,3.00
18.1386,0.030121,-0.009714,0.027982,-28.14,0,150.0,10.0,1.00,0.500,0.300,3.00
18.1436,0.029954,-0.009771,0.027920,-28.14,0,150.0,10.0,1.00,0.500,0.300,3.00
18.1486,0.029785,-0.009812,0.027820,-28.14,0,150.0,10.0,1.00,0.500,0.300,3.00
18.1539,0.029601,-0.009867,0.027713,-28.14,0,150.0,10.0,1.00,0.500,0.300,3.00
18.1588,0.029416,-0.009936,0.027619,-28.14,0,150.0,10.0,1.00,0.500,0.300,3.00
18.1641,0.029210,-0.010011,0.027506,-28.15,0,150.0,10.0,1.00,0.500,0.300,3.00
18.1691,0.029015,-0.010094,0.027427,-28.15,0,150.0,10.0,1.00,0.500,0.300,3.00
18.1741,0.028816,-0.010162,0.027339,-28.16,0,150.0,10.0,1.00,0.500,0.300,3.00
18.1791,0.028615,-0.010258,0.027238,-28.16,0,150.0,10.0,1.00,0.500,0.300,3.00
18.1844,0.028391,-0.010353,0.027127,-28.17,0,150.0,10.0,1.00,0.500,0.300,3.00
18.1893,0.028158,-0.010440,0.027025,-28.18,0,150.0,10.0,1.00,0.500,0.300,3.00
18.1944,0.027936,-0.010527,0.026918,-28.19,0,150.0,10.0,1.00,0.500,0.300,3.00
18.1997,0.027696,-0.010647,0.026783,-28.20,0,150.0,10.0,1.00,0.500,0.300,3.00
18.2046,0.027452,-0.010788,0.026660,-28.21,0,150.0,10.0,1.00,0.500,0.300,3.00
18.2099,0.027177,-0.010942,0.026541,-28.21,0,150.0,10.0,1.00,0.500,0.300,3.00
18.2148,0.026908,-0.011110,0.026423,-28.21,0,150.0,10.0,1.00,0.500,0.300,3.00
18.2199,0.026614,-0.011281,0.026278,-28.22,0,150.0,10.0,1.00,0.500,0.300,3.00
18.2252,0.026285,-0.011494,0.026151,-28.22,0,150.0,10.0,1.00,0.500,0.300,3.00
18.2301,0.025971,-0.011698,0.026008,-28.22,0,150.0,10.0,1.00,0.500,0.300,3.00
18.2351,0.025651,-0.011936,0.025846,-28.22,0,150.0,10.0,1.00,0.500,0.300,3.00
18.2401,0.025337,-0.012166,0.025711,-28.22,0,150.0,10.0,1.00,0.500,0.300,3.00
18.2454,0.025003,-0.012444,0.025579,-28.22,0,150.0,10.0,1.00,0.500,0.300,3.00
18.2503,0.024688,-0.012720,0.025412,-28.22,0,150.0,10.0,1.00,0.500,0.300,3.00
18.2554,0.024383,-0.012983,0.025276,-28.22,0,150.0,10.0,1.00,0.500,0.300,3.00
18.2607,0.024056,-0.013270,0.025109,-28.22,0,150.0,10.0,1.00,0.500,0.300,3.00
18.2656,0.023764,-0.013543,0.024917,-28.22,0,150.0,10.0,1.00,0.500,0.300,3.00
18.2706,0.023481,-0.013803,0.024755,-28.22,0,150.0,10.0,1.00,0.500,0.300,3.00
18.2759,0.023176,-0.014087,0.024562,-28.22,0,150.0,10.0,1.00,0.500,0.300,3.00
18.2809,0.022887,-0.014366,0.024411,-28.22,0,150.0,10.0,1.00,0.500,0.300,3.00
18.2859,0.022599,-0.014670,0.024254,-28.22,0,150.0,10.0,1.00,0.500,0.300,3.00
18.2911,0.022308,-0.014987,0.024097,-28.22,0,150.0,10.0,1.00,0.500,0.300,3.00
18.2961,0.022029,-0.015278,0.023984,-28.22,0,150.0,10.0,1.00,0.500,0.300,3.00
18.3011,0.021753,-0.015589,0.023869,-28.22,0,150.0,10.0,1.00,0.500,0.300,3.00
18.3061,0.021500,-0.015887,0.023763,-28.22,0,150.0,10.0,1.00,0.500,0.300,3.00
18.3114,0.021232,-0.016223,0.023658,-28.23,0,150.0,10.0,1.00,0.500,0.300,3.00
18.3164,0.020986,-0.016561,0.023562,-28.23,0,150.0,10.0,1.00,0.500,0.300,3.00
18.3214,0.020746,-0.016866,0.023498,-28.24,0,150.0,10.0,1.00,0.500,0.300,3.00
18.3266,0.020512,-0.017204,0.023425,-28.24,0,150.0,10.0,1.00,0.500,0.300,3.00
18.3316,0.020295,-0.017522,0.023350,-28.24,0,150.0,10.0,1.00,0.500,0.300,3.00
18.3368,0.020085,-0.017853,0.023277,-28.24,0,150.0,10.0,1.00,0.500,0.300,3.00
18.3418,0.019889,-0.018151,0.023208,-28.24,0,150.0,10.0,1.00,0.500,0.300,3.00
18.3469,0.019701,-0.018449,0.023140,-28.23,0,150.0,10.0,1.00,0.500,0.300,3.00
18.3521,0.019510,-0.018759,0.023058,-28.23,0,150.0,10.0,1.00,0.500,0.300,3.00
18.3571,0.019339,-0.019043,0.022964,-28.23,0,150.0,10.0,1.00,0.500,0.300,3.00
18.3621,0.019171,-0.019319,0.022873,-28.23,0,150.0,10.0,1.00,0.500,0.300,3.00
18.3671,0.019015,-0.019596,0.022777,-28.22,0,150.0,10.0,1.00,0.500,0.300,3.00
18.3723,0.018867,-0.019853,0.022677,-28.22,0,150.0,10.0,1.00,0.500,0.300,3.00
18.3774,0.018737,-0.020084,0.022586,-28.22,0,150.0,10.0,1.00,0.500,0.300,3.00
18.3824,0.018606,-0.020315,0.022495,-28.22,0,150.0,10.0,1.00,0.500,0.300,3.00
18.3876,0.018467,-0.020551,0.022392,-28.23,0,150.0,10.0,1.00,0.500,0.300,3.00
18.3926,0.018331,-0.020780,0.022294,-28.23,0,150.0,10.0,1.00,0.500,0.300,3.00
18.3979,0.018206,-0.021003,0.022200,-28.23,0,150.0,10.0,1.00,0.500,0.300,3.00
18.4029,0.018095,-0.021208,0.022110,-28.23,0,150.0,10.0,1.00,0.500,0.300,3.00
18.4079,0.017990,-0.021419,0.022018,-28.24,0,150.0,10.0,1.00,0.500,0.300,3.00
18.4131,0.017880,-0.021637,0.021923,-28.24,0,150.0,10.0,1.00,0.500,0.300,3.00
18.4181,0.017789,-0.021835,0.021825,-28.24,0,150.0,10.0,1.00,0.500,0.300,3.00
18.4231,0.017701,-0.022027,0.021731,-28.24,0,150.0,10.0,1.00,0.500,0.300,3.00
18.4284,0.017620,-0.022213,0.021634,-28.24,0,150.0,10.0,1.00,0.500,0.300,3.00
18.4334,0.017548,-0.022380,0.021533,-28.24,0,150.0,10.0,1.00,0.500,0.300,3.00
18.4384,0.017484,-0.022540,0.021430,-28.24,0,150.0,10.0,1.00,0.500,0.300,3.00
18.4437,0.017434,-0.022688,0.021320,-28.24,0,150.0,10.0,1.00,0.500,0.300,3.00
18.4486,0.017399,-0.022818,0.021215,-28.24,0,150.0,10.0,1.00,0.500,0.300,3.00
18.4536,0.017367,-0.022942,0.021113,-28.24,0,150.0,10.0,1.00,0.500,0.300,3.00
18.4588,0.017354,-0.023053,0.020999,-28.24,0,150.0,10.0,1.00,0.500,0.300,3.00
18.4639,0.017342,-0.023166,0.020898,-28.24,0,150.0,10.0,1.00,0.500,0.300,3.00
18.4688,0.017341,-0.023273,0.020788,-28.24,0,150.0,10.0,1.00,0.500,0.300,3.00
18.4741,0.017344,-0.023373,0.020682,-28.24,0,150.0,10.0,1.00,0.500,0.300,3.00
18.4791,0.017348,-0.023481,0.020580,-28.24,0,150.0,10.0,1.00,0.500,0.300,3.00
18.4842,0.017342,-0.023581,0.020487,-28.24,0,150.0,10.0,1.00,0.500,0.300,3.00
18.4894,0.017348,-0.023676,0.020398,-28.24,0,150.0,10.0,1.00,0.500,0.300,3.00
18.4944,0.017352,-0.023779,0.020320,-28.24,0,150.0,10.0,1.00,0.500,0.300,3.00
18.4994,0.017367,-0.023869,0.020242,-28.24,0,150.0,10.0,1.00,0.500,0.300,3.00
18.5046,0.017384,-0.023946,0.020164,-28.24,0,150.0,10.0,1.00,0.500,0.300,3.00
18.5096,0.017408,-0.024017,0.020083,-28.25,0,150.0,10.0,1.00,0.500,0.300,3.00
18.5146,0.017428,-0.024083,0.020018,-28.25,0,150.0,10.0,1.00,0.500,0.300,3.00
18.5198,0.017451,-0.024141,0.019943,-28.25,0,150.0,10.0,1.00,0.500,0.300,3.00
18.5249,0.017465,-0.024199,0.019881,-28.26,0,150.0,10.0,1.00,0.500,0.300,3.00
18.5299,0.017482,-0.024249,0.019808,-28.26,0,150.0,10.0,1.00,0.500,0.300,3.00
18.5351,0.017495,-0.024300,0.019742,-28.26,0,150.0,10.0,1.00,0.500,0.300,3.00
18.5401,0.017500,-0.024350,0.019675,-28.26,0,150.0,10.0,1.00,0.500,0.300,3.00
18.5451,0.017499,-0.024398,0.019600,-28.26,0,150.0,10.0,1.00,0.500,0.300,3.00
18.5501,0.017494,-0.024453,0.019522,-28.26,0,150.0,10.0,1.00,0.500,0.300,3.00
18.5554,0.017488,-0.024500,0.019440,-28.26,0,150.0,10.0,1.00,0.500,0.300,3.00
18.5604,0.017479,-0.024553,0.019354,-28.26,0,150.0,10.0,1.00,0.500,0.300,3.00
18.5654,0.017468,-0.024593,0.019275,-28.26,0,150.0,10.0,1.00,0.500,0.300,3.00
18.5707,0.017461,-0.024639,0.019178,-28.27,0,150.0,10.0,1.00,0.500,0.300,3.00
18.5756,0.017453,-0.024679,0.019092,-28.27,0,150.0,10.0,1.00,0.500,0.300,3.00
18.5806,0.017441,-0.024718,0.018998,-28.27,0,150.0,10.0,1.00,0.500,0.300,3.00
18.5859,0.017430,-0.024764,0.018908,-28.28,0,150.0,10.0,1.00,0.500,0.300,3.00
18.5909,0.017427,-0.024805,0.018829,-28.29,0,150.0,10.0,1.00,0.500,0.300,3.00
18.5959,0.017421,-0.024852,0.018747,-28.30,0,150.0,10.0,1.00,0.500,0.300,3.00
18.6008,0.017405,-0.024924,0.018658,-28.30,0,150.0,10.0,1.00,0.500,0.300,3.00
18.6062,0.017386,-0.025003,0.018580,-28.31,0,150.0,10.0,1.00,0.500,0.300,3.00
18.6111,0.017353,-0.025101,0.018513,-28.31,0,150.0,10.0,1.00,0.500,0.300,3.00
18.6161,0.017309,-0.025204,0.018455,-28.31,0,150.0,10.0,1.00,0.500,0.300,3.00
18.6214,0.017263,-0.025328,0.018402,-28.31,0,150.0,10.0,1.00,0.500,0.300,3.00
18.6264,0.017221,-0.025433,0.018373,-28.31,0,150.0,10.0,1.00,0.500,0.300,3.00
18.6314,0.017173,-0.025565,0.018345,-28.31,0,150.0,10.0,1.00,0.500,0.300,3.00
18.6367,0.017135,-0.025698,0.018332,-28.31,0,150.0,10.0,1.00,0.500,0.300,3.00
18.6416,0.017099,-0.025839,0.018324,-28.31,0,150.0,10.0,1.00,0.500,0.300,3.00
18.6467,0.017074,-0.025975,0.018319,-28.31,0,150.0,10.0,1.00,0.500,0.300,3.00
18.6519,0.017053,-0.026132,0.018313,-28.31,0,150.0,10.0,1.00,0.500,0.300,3.00
18.6569,0.017038,-0.026276,0.018314,-28.31,0,150.0,10.0,1.00,0.500,0.300,3.00
18.6619,0.017039,-0.026409,0.018308,-28.31,0,150.0,10.0,1.00,0.500,0.300,3.00
18.6669,0.017047,-0.026557,0.018319,-28.31,0,150.0,10.0,1.00,0.500,0.300,3.00
18.6722,0.017058,-0.026699,0.018318,-28.31,0,150.0,10.0,1.00,0.500,0.300,3.00
18.6772,0.017066,-0.026847,0.018328,-28.31,0,150.0,10.0,1.00,0.500,0.300,3.00
18.6821,0.017075,-0.027003,0.018357,-28.31,0,150.0,10.0,1.00,0.500,0.300,3.00
18.6874,0.017090,-0.027195,0.018392,-28.31,0,150.0,10.0,1.00,0.500,0.300,3.00
18.6923,0.017105,-0.027360,0.018432,-28.31,0,150.0,10.0,1.00,0.500,0.300,3.00
18.6974,0.017128,-0.027546,0.018478,-28.31,0,150.0,10.0,1.00,0.500,0.300,3.00
18.7026,0.017165,-0.027743,0.018537,-28.31,0,150.0,10.0,1.00,0.500,0.300,3.00
18.7076,0.017209,-0.027934,0.018593,-28.31,0,150.0,10.0,1.00,0.500,0.300,3.00
18.7129,0.017263,-0.028099,0.018640,-28.31,0,150.0,10.0,1.00,0.500,0.300,3.00
18.7179,0.017323,-0.028279,0.018704,-28.31,0,150.0,10.0,1.00,0.500,0.300,3.00
18.7229,0.017391,-0.028454,0.018764,-28.31,0,150.0,10.0,1.00,0.500,0.300,3.00
18.7279,0.017455,-0.028635,0.018821,-28.31,0,150.0,10.0,1.00,0.500,0.300,3.00
18.7331,0.017537,-0.028827,0.018884,-28.31,0,150.0,10.0,1.00,0.500,0.300,3.00
18.7382,0.017613,-0.029016,0.018940,-28.31,0,150.0,10.0,1.00,0.500,0.300,3.00
18.7431,0.017698,-0.029173,0.018983,-28.31,0,150.0,10.0,1.00,0.500,0.300,3.00
18.7481,0.017783,-0.029330,0.019026,-28.31,0,150.0,10.0,1.00,0.500,0.300,3.00
18.7534,0.017879,-0.029477,0.019084,-28.31,0,150.0,10.0,1.00,0.500,0.300,3.00
18.7584,0.017986,-0.029605,0.019138,-28.31,0,150.0,10.0,1.00,0.500,0.300,3.00
18.7636,0.018100,-0.029720,0.019185,-28.31,0,150.0,10.0,1.00,0.500,0.300,3.00
18.7686,0.018216,-0.029822,0.019231,-28.30,0,150.0,10.0,1.00,0.500,0.300,3.00
18.7736,0.018333,-0.029890,0.019278,-28.30,0,150.0,10.0,1.00,0.500,0.300,3.00
18.7789,0.018451,-0.029937,0.019306,-28.29,0,150.0,10.0,1.00,0.500,0.300,3.00
18.7838,0.018566,-0.029956,0.019332,-28.28,0,150.0,10.0,1.00,0.500,0.300,3.00
18.7889,0.018679,-0.029968,0.019354,-28.27,0,150.0,10.0,1.00,0.500,0.300,3.00
18.7943,0.018791,-0.029960,0.019377,-28.26,0,150.0,10.0,1.00,0.500,0.300,3.00
18.7991,0.018903,-0.029930,0.019382,-28.25,0,150.0,10.0,1.00,0.500,0.300,3.00
18.8042,0.019009,-0.029872,0.019390,-28.25,0,150.0,10.0,1.00,0.500,0.300,3.00
18.8091,0.019121,-0.029800,0.019392,-28.25,0,150.0,10.0,1.00,0.500,0.300,3.00
18.8144,0.019222,-0.029707,0.019394,-28.25,0,150.0,10.0,1.00,0.500,0.300,3.00
18.8194,0.019310,-0.029605,0.019398,-28.25,0,150.0,10.0,1.00,0.500,0.300,3.00
18.8244,0.019384,-0.029501,0.019394,-28.26,0,150.0,10.0,1.00,0.500,0.300,3.00
18.8296,0.019443,-0.029380,0.019387,-28.26,0,150.0,10.0,1.00,0.500,0.300,3.00
18.8346,0.019495,-0.029266,0.019383,-28.27,0,150.0,10.0,1.00,0.500,0.300,3.00
18.8399,0.019540,-0.029142,0.019368,-28.27,0,150.0,10.0,1.00,0.500,0.300,3.00
18.8449,0.019574,-0.029025,0.019363,-28.28,0,150.0,10.0,1.00,0.500,0.300,3.00
18.8499,0.019608,-0.028913,0.019347,-28.29,0,150.0,10.0,1.00,0.500,0.300,3.00
18.8551,0.019647,-0.028776,0.019331,-28.29,0,150.0,10.0,1.00,0.500,0.300,3.00
18.8602,0.019679,-0.028657,0.019311,-28.29,0,150.0,10.0,1.00,0.500,0.300,3.00
18.8651,0.019720,-0.028532,0.019288,-28.30,0,150.0,10.0,1.00,0.500,0.300,3.00
18.8701,0.019754,-0.028399,0.019254,-28.30,0,150.0,10.0,1.00,0.500,0.300,3.00
18.8751,0.019784,-0.028272,0.019216,-28.30,0,150.0,10.0,1.00,0.500,0.300,3.00
18.8804,0.019821,-0.028137,0.019160,-28.31,0,150.0,10.0,1.00,0.500,0.300,3.00
18.8854,0.019851,-0.028009,0.019108,-28.32,0,150.0,10.0,1.00,0.500,0.300,3.00
18.8904,0.019888,-0.027882,0.019056,-28.31,0,150.0,10.0,1.00,0.500,0.300,3.00
18.8956,0.019927,-0.027762,0.019009,-28.31,0,150.0,10.0,1.00,0.500,0.300,3.00
18.9006,0.019961,-0.027635,0.018964,-28.31,0,150.0,10.0,1.00,0.500,0.300,3.00
18.9058,0.019997,-0.027522,0.018928,-28.31,0,150.0,10.0,1.00,0.500,0.300,3.00
18.9109,0.020035,-0.027396,0.018891,-28.31,0,150.0,10.0,1.00,0.500,0.300,3.00
18.9159,0.020078,-0.027271,0.018861,-28.31,0,150.0,10.0,1.00,0.500,0.300,3.00
18.9211,0.020133,-0.027147,0.018826,-28.31,0,150.0,10.0,1.00,0.500,0.300,3.00
18.9261,0.020191,-0.027032,0.018809,-28.31,0,150.0,10.0,1.00,0.500,0.300,3.00
18.9311,0.020251,-0.026909,0.018782,-28.31,0,150.0,10.0,1.00,0.500,0.300,3.00
18.9361,0.020316,-0.026788,0.018762,-28.31,0,150.0,10.0,1.00,0.500,0.300,3.00
18.9414,0.020388,-0.026654,0.018749,-28.31,0,150.0,10.0,1.00,0.500,0.300,3.00
18.9464,0.020459,-0.026535,0.018751,-28.31,0,150.0,10.0,1.00,0.500,0.300,3.00
18.9516,0.020536,-0.026403,0.018760,-28.31,0,150.0,10.0,1.00,0.500,0.300,3.00
18.9566,0.020616,-0.026286,0.018777,-28.31,0,150.0,10.0,1.00,0.500,0.300,3.00
18.9616,0.020699,-0.026156,0.018808,-28.31,0,150.0,10.0,1.00,0.500,0.300,3.00
18.9666,0.020784,-0.026034,0.018844,-28.31,0,150.0,10.0,1.00,0.500,0.300,3.00
18.9718,0.020871,-0.025899,0.018893,-28.31,0,150.0,10.0,1.00,0.500,0.300,3.00
18.9769,0.020959,-0.025771,0.018946,-28.31,0,150.0,10.0,1.00,0.500,0.300,3.00
18.9818,0.021044,-0.025643,0.019007,-28.31,0,150.0,10.0,1.00,0.500,0.300,3.00
18.9871,0.021139,-0.025503,0.019067,-28.31,0,150.0,10.0,1.00,0.500,0.300,3.00
18.9921,0.021236,-0.025364,0.019142,-28.31,0,150.0,10.0,1.00,0.500,0.300,3.00
18.9971,0.021330,-0.025217,0.019214,-28.31,0,150.0,10.0,1.00,0.500,0.300,3.00
19.0024,0.021432,-0.025057,0.019292,-28.31,0,150.0,10.0,1.00,0.500,0.300,3.00
19.0074,0.021522,-0.024910,0.019370,-28.31,0,150.0,10.0,1.00,0.500,0.300,3.00
19.0124,0.021613,-0.024762,0.019448,-28.31,0,150.0,10.0,1.00,0.500,0.300,3.00
19.0174,0.021699,-0.024615,0.019533,-28.31,0,150.0,10.0,1.00,0.500,0.300,3.00
19.0227,0.021791,-0.024453,0.019611,-28.31,0,150.0,10.0,1.00,0.500,0.300,3.00
19.0276,0.021880,-0.024299,0.019699,-28.31,0,150.0,10.0,1.00,0.500,0.300,3.00
19.0326,0.021979,-0.024126,0.019799,-28.31,0,150.0,10.0,1.00,0.500,0.300,3.00
19.0378,0.022079,-0.023952,0.019898,-28.31,0,150.0,10.0,1.00,0.500,0.300,3.00
19.0429,0.022171,-0.023791,0.019991,-28.31,0,150.0,10.0,1.00,0.500,0.300,3.00
19.0482,0.022262,-0.023623,0.020094,-28.31,0,150.0,10.0,1.00,0.500,0.300,3.00
19.0531,0.022342,-0.023474,0.020186,-28.31,0,150.0,10.0,1.00,0.500,0.300,3.00
19.0581,0.022433,-0.023305,0.020289,-28.31,0,150.0,10.0,1.00,0.500,0.300,3.00
19.0631,0.022528,-0.023138,0.020400,-28.31,0,150.0,10.0,1.00,0.500,0.300,3.00
19.0684,0.022631,-0.022965,0.020522,-28.31,0,150.0,10.0,1.00,0.500,0.300,3.00
19.0734,0.022726,-0.022797,0.020648,-28.31,0,150.0,10.0,1.00,0.500,0.300,3.00
19.0784,0.022821,-0.022636,0.020763,-28.31,0,150.0,10.0,1.00,0.500,0.300,3.00
19.0834,0.022919,-0.022462,0.020892,-28.31,0,150.0,10.0,1.00,0.500,0.300,3.00
19.0886,0.023030,-0.022283,0.021041,-28.31,0,150.0,10.0,1.00,0.500,0.300,3.00
19.0936,0.023146,-0.022118,0.021176,-28.31,0,150.0,10.0,1.00,0.500,0.300,3.00
19.0989,0.023280,-0.021934,0.021323,-28.31,0,150.0,10.0,1.00,0.500,0.300,3.00
19.1039,0.023409,-0.021769,0.021467,-28.31,0,150.0,10.0,1.00,0.500,0.300,3.00
19.1091,0.023543,-0.021585,0.021628,-28.31,0,150.0,10.0,1.00,0.500,0.300,3.00
19.1141,0.023679,-0.021415,0.021798,-28.31,0,150.0,10.0,1.00,0.500,0.300,3.00
19.1192,0.023820,-0.021246,0.021976,-28.31,0,150.0,10.0,1.00,0.500,0.300,3.00
19.1241,0.023955,-0.021096,0.022165,-28.31,0,150.0,10.0,1.00,0.500,0.300,3.00
19.1295,0.024099,-0.020949,0.022370,-28.31,0,150.0,10.0,1.00,0.500,0.300,3.00
19.1344,0.024247,-0.020801,0.022583,-28.31,0,150.0,10.0,1.00,0.500,0.300,3.00
19.1394,0.024400,-0.020661,0.022807,-28.31,0,150.0,10.0,1.00,0.500,0.300,3.00
19.1446,0.024559,-0.020529,0.023043,-28.31,0,150.0,10.0,1.00,0.500,0.300,3.00
19.1496,0.024707,-0.020416,0.023269,-28.31,0,150.0,10.0,1.00,0.500,0.300,3.00
19.1549,0.024871,-0.020298,0.023521,-28.31,0,150.0,10.0,1.00,0.500,0.300,3.00
19.1599,0.025029,-0.020199,0.023756,-28.31,0,150.0,10.0,1.00,0.500,0.300,3.00
19.1652,0.025196,-0.020109,0.024010,-28.31,0,150.0,10.0,1.00,0.500,0.300,3.00
19.1702,0.025352,-0.020030,0.024249,-28.31,0,150.0,10.0,1.00,0.500,0.300,3.00
19.1751,0.025517,-0.019953,0.024504,-28.31,0,150.0,10.0,1.00,0.500,0.300,3.00
19.1801,0.025678,-0.019889,0.024759,-28.31,0,150.0,10.0,1.00,0.500,0.300,3.00
19.1851,0.025834,-0.019824,0.024992,-28.31,0,150.0,10.0,1.00,0.500,0.300,3.00
19.1904,0.025998,-0.019780,0.025245,-28.31,0,150.0,10.0,1.00,0.500,0.300,3.00
