run_uuid,subject_id,session_id,object_id,trial_id,trial_order,repetition,condition,adaptive_haptics,adaptive_gripper,success,completion_time_s,penalized_time_s,approach_time_s,grasp_time_s,transport_time_s,release_time_s,force_peak_N,force_mean_N,deadline_miss_count,haptic_saturation_count,vision_queue_age_ms,vision_detection_count,vision_false_trigger_count,vision_false_trigger_rate,vision_no_lock,detection_to_contact_s,parameter_start_to_contact_s,source_summary,approach_force_peak_N,approach_force_rms_N,grasp_force_peak_N,grasp_force_rms_N,transport_force_peak_N,transport_force_rms_N,release_force_peak_N,release_force_rms_N,control_dt_median_ms,control_dt_p95_ms,control_dt_p99_ms,control_dt_max_ms,vision_queue_age_median_ms,vision_queue_age_p95_ms,deadline_miss_rate,haptic_saturation_rate
0bd5b17c-cdc8-45de-9f8b-11b206682cae,P01,P01_S1,apple,P01_T01,1,1,I,0,0,1,15.830563207000068,15.830563207000068,7.315494725999997,0.9632689120001032,6.153837801999998,1.3979617669999698,7.833,2.981,155,0,78.53854,226,90,0.39823008849557523,0,2.0182332760000463,1.880198683999879,F:\sun\sunhan\消融实验数据\P01\P01_S1\G01_apple\R1\I_0bd5b17c-cdc8-45de-9f8b-11b206682cae_summary.json,3.36348394366,2.069504878578663,2.9327540562352654,2.6728064915388003,7.833373902258823,5.19946623493661,3.748778512345788,3.3031204839363775,5.071642499956397,22.26369235008861,78.03295915008455,182.82666599998265,133.660324,170.030473,0.06357670221493027,0.0
aefd74ae-5aa5-44a1-ae1e-33aa29a76ca6,P01,P01_S1,apple,P01_T04,4,1,I_G,0,1,1,14.232458927999915,14.232458927999915,5.138476040000114,0.9000032109997846,6.978933323000092,1.2150463539999237,8.039,3.558,144,0,67.41629,211,90,0.4265402843601896,0,1.072500638999827,0.9940654339998218,F:\sun\sunhan\消融实验数据\P01\P01_S1\G01_apple\R1\I_G_aefd74ae-5aa5-44a1-ae1e-33aa29a76ca6_summary.json,4.502345405109118,2.8904022855761506,3.4877954736194208,3.396661871682683,8.038614881357507,5.491541791753016,4.212783407091615,3.7335939252306605,5.072745500001474,19.126441300011265,78.61444575006779,105.55363399998896,133.752602,173.59294475,0.06611570247933884,0.0
8817f819-2a5f-4b2a-b869-92496e026c4f,P01,P01_S1,apple,P01_T02,2,1,I_H,1,0,1,16.724963075000005,16.724963075000005,8.182300252999994,0.9409638509998786,6.384607232999997,1.2170917380001356,7.736,3.056,172,0,85.815438,248,153,0.6169354838709677,0,2.645379020999826,2.5269900900000266,F:\sun\sunhan\消融实验数据\P01\P01_S1\G01_apple\R1\I_H_8817f819-2a5f-4b2a-b869-92496e026c4f_summary.json,7.589377555075678,2.5678363808458706,5.55221338112344,4.425460840960925,7.736224568433445,5.006857561636959,4.003418341506722,3.6167969138196874,5.071989000043686,19.653738999977577,71.1429808000499,105.23959600004673,133.640639,174.450939,0.06664083688492832,0.0
804e59dc-471f-4066-aacb-ff1302c176e0,P01,P01_S1,apple,P01_T03,3,1,I_H_G,1,1,1,13.59634606099985,13.59634606099985,6.507257942000024,1.0033978639999077,4.854676069999869,1.231014185000049,7.913,2.957,140,0,139.55145,211,102,0.4834123222748815,0,1.559390398000005,1.4919129679999514,F:\sun\sunhan\消融实验数据\P01\P01_S1\G01_apple\R1\I_H_G_804e59dc-471f-4066-aacb-ff1302c176e0_summary.json,5.0319146762150115,2.307400597186103,4.169099529669185,3.0317655889640247,7.913203615988447,5.259757842289535,4.259161429405612,3.6668770303943363,5.071951999980229,16.303660399989734,73.18860364005539,103.63003499992374,133.693513,167.491808,0.062360801781737196,0.0
150b88ab-00a6-457a-9439-9f5c5a681843,P01,P01_S1,apple,P01_T08,8,2,I,0,0,1,16.808889591000025,16.808889591000025,8.236706122999976,0.9485829160000776,6.368363205999913,1.255237346000058,7.516,2.671,164,0,199.363145,238,71,0.29831932773109243,0,2.142278273999864,2.073334059999979,F:\sun\sunhan\消融实验数据\P01\P01_S1\G01_apple\R2\I_150b88ab-00a6-457a-9439-9f5c5a681843_summary.json,2.5387860498795476,1.8542834324261288,2.4685283603699397,2.2190127566998252,7.515537575110411,4.975452875101662,3.3968625367834697,2.821213687524326,5.071130000033008,18.814764799935794,78.38247883993974,104.9512549998326,133.723701,176.738387,0.06383806928766057,0.0
ba12d161-2f6b-484d-8ecd-3bac81ece8b2,P01,P01_S1,apple,P01_T05,5,2,I_G,0,1,1,14.737188809999907,14.737188809999907,6.95325428000001,1.1448667950000981,5.4178956419998485,1.22117209299995,8.195,3.145,147,0,194.984699,222,94,0.42342342342342343,0,1.6261581530000058,1.5561602400000538,F:\sun\sunhan\消融实验数据\P01\P01_S1\G01_apple\R2\I_G_ba12d161-2f6b-484d-8ecd-3bac81ece8b2_summary.json,4.395155169491305,2.626593849808541,4.279084751010785,3.745883254182932,8.195066667465744,5.4086103883386,3.8474776859058215,3.4020725690456963,5.071370999985447,17.450032100009576,76.64278073993945,102.99502599991683,133.737399,172.8430115,0.06284737067122702,0.0
7c7aad88-2544-456e-8c30-57c55d080994,P01,P01_S1,apple,P01_T07,7,2,I_H,1,0,1,14.540689737999855,14.540689737999855,7.668360554999936,0.9837052459999995,4.684468987999935,1.2041549489999852,7.74,2.819,149,0,134.041559,221,88,0.39819004524886875,0,2.3469564900001387,2.278441939000004,F:\sun\sunhan\消融实验数据\P01\P01_S1\G01_apple\R2\I_H_7c7aad88-2544-456e-8c30-57c55d080994_summary.json,4.073021789252525,2.498984306472804,3.866763522329157,3.2119843837239244,7.740192309975624,5.114510492226176,3.667162386014805,2.9333354487921177,5.070878499964238,17.805246999898827,73.49350514998608,114.07476499994118,133.727107,184.96091,0.06378424657534247,0.0
0b64d358-4d2b-4351-b973-3df849fdbedb,P01,P01_S1,apple,P01_T06,6,2,I_H_G,1,1,1,14.143126119000044,14.143126119000044,6.232757572000082,0.928069252999876,5.704075218000071,1.278224076000015,8.076,3.131,147,0,133.629048,208,44,0.21153846153846154,0,1.026013077000016,0.9707935000001271,F:\sun\sunhan\消融实验数据\P01\P01_S1\G01_apple\R2\I_H_G_0b64d358-4d2b-4351-b973-3df849fdbedb_summary.json,3.3754270029928537,2.4518552388747894,3.6466145473366627,3.2984631555230646,8.076391096942835,5.0844136237474755,3.32687866197126,3.043993884171534,5.071868999948492,18.319471249981234,77.52372689989234,126.10110900004656,133.687226,176.6682984499997,0.06544968833481746,0.0
50be8393-1af1-4a2b-970b-7d719e89fb21,P01,P01_S1,cup,P01_T11,11,1,I,0,0,1,17.88034250199962,17.88034250199962,6.304309091999585,1.476941449000151,8.279210076000254,1.8198818849996314,6.606,3.061,169,0,121.966872,82,13,0.15853658536585366,0,0.7879656049999539,0.7867717680001078,F:\sun\sunhan\消融实验数据\P01\P01_S1\G02_cup\R1\I_50be8393-1af1-4a2b-970b-7d719e89fb21_summary.json,4.878765371807803,2.539062024438431,3.727763978026692,2.4796973788538383,6.606019711352492,4.250984254373798,5.185803734524973,3.56265494837998,5.070104499964145,13.34072735019157,68.1098467998254,101.97756300021865,534.54027,534.54027,0.058639833448993754,0.0
d3c5235b-cafd-4727-97ba-b8e44d0d5e7d,P01,P01_S1,cup,P01_T10,10,1,I_G,0,1,1,16.3136362500004,16.3136362500004,7.327647191000324,1.528259179000088,5.5510734649997175,1.9066564150002705,6.66,3.042,148,0,66.793855,103,54,0.5242718446601942,0,0.6505451509997329,0.6480299770000784,F:\sun\sunhan\消融实验数据\P01\P01_S1\G02_cup\R1\I_G_d3c5235b-cafd-4727-97ba-b8e44d0d5e7d_summary.json,4.841207949648971,3.016732188738421,6.586941824282183,3.3054754261906227,6.660379584106033,4.216382016799817,5.190079253166913,3.3607138185718317,5.071487999884994,14.052292399810497,71.5994870800932,131.0717169999407,84.622603,167.64632,0.05716492854383932,0.0
a090b042-6240-40fc-b603-fc16b44a91a7,P01,P01_S1,cup,P01_T09,9,1,I_H,1,0,1,16.47376105300009,16.47376105300009,5.703677884000172,1.5074798779996854,7.573833646000367,1.6887696449998657,7.138,3.311,153,0,135.40745,94,24,0.2553191489361702,0,1.8334803230000034,1.830258990999937,F:\sun\sunhan\消融实验数据\P01\P01_S1\G02_cup\R1\I_H_a090b042-6240-40fc-b603-fc16b44a91a7_summary.json,4.900860674923554,2.5006351759327745,5.502161181764649,4.621152034076659,7.1376704113018725,4.675507448394314,3.828084827857545,3.4584226746618874,5.071068000233936,18.882700000176555,80.73907450011575,114.71481899980063,133.681886,152.416996,0.05997647981183849,0.0
8177fdb7-4407-4389-b115-b8589eb5742e,P01,P01_S1,cup,P01_T12,12,1,I_H_G,1,1,1,15.749941229000342,15.749941229000342,5.570416844000192,1.400501691000045,6.960835218999819,1.8181874750002862,6.718,3.087,151,0,66.830427,90,26,0.28888888888888886,0,0.9273133649999181,0.9130819319998409,F:\sun\sunhan\消融实验数据\P01\P01_S1\G02_cup\R1\I_H_G_8177fdb7-4407-4389-b115-b8589eb5742e_summary.json,4.449400093847745,2.5345603607444254,4.422106525222164,3.7723191283807105,6.718277887161966,4.397030989633123,4.0153364413617805,3.1141347305561715,5.071548999694642,16.93755020010025,78.79269766003722,121.31773300006898,96.491924,155.989894,0.059472233162662466,0.0
a8684f54-bb69-4d2b-9836-e24a725855de,P01,P01_S1,cup,P01_T14,14,2,I,0,0,1,16.34670425100012,16.34670425100012,6.774519227999917,1.3421381210000618,6.4379888200001005,1.7920580820000396,6.594,3.086,154,0,66.995372,82,21,0.25609756097560976,0,0.7582338610000079,0.7558234530001755,F:\sun\sunhan\消融实验数据\P01\P01_S1\G02_cup\R2\I_a8684f54-bb69-4d2b-9836-e24a725855de_summary.json,5.078009003512451,2.6196790065149327,3.467511332110182,2.769672135823001,6.593688206698131,4.433043581661771,5.677194788549378,3.939074743132194,5.071811999641795,13.51558499982275,72.69804860006853,105.82408899972506,112.771221,143.364405,0.05875619992369325,0.0
737783c3-1c91-4c0e-8dac-c5af6080228f,P01,P01_S1,cup,P01_T15,15,2,I_G,0,1,1,16.422475300000315,16.422475300000315,6.644285580000087,1.5394445689998975,6.397009663000063,1.8417354880002677,6.947,2.897,149,0,66.824409,86,17,0.19767441860465115,0,1.111207488999753,1.11000568999998,F:\sun\sunhan\消融实验数据\P01\P01_S1\G02_cup\R2\I_G_737783c3-1c91-4c0e-8dac-c5af6080228f_summary.json,3.9325716707843346,2.4109761415348463,4.134185675971403,3.162631021810198,6.946642650202498,4.242797347684599,3.7078374083639054,3.4489598422705425,5.071492500064778,19.339678150140493,76.59623721991017,244.8690969999916,67.062807,165.196274,0.059791332263242375,0.0
7b47fafd-56ed-43ab-a4e3-0a5a704d2db2,P01,P01_S1,cup,P01_T16,16,2,I_H,1,0,1,16.48479489800002,16.48479489800002,6.056804985999861,1.2197258650003278,7.596865566999895,1.6113984799999344,6.686,2.96,159,0,72.728972,79,15,0.189873417721519,0,1.2994554009997046,1.299140657999942,F:\sun\sunhan\消融实验数据\P01\P01_S1\G02_cup\R2\I_H_7b47fafd-56ed-43ab-a4e3-0a5a704d2db2_summary.json,4.59998099652791,2.4452813612139557,4.1089311238212085,2.6115567074306183,6.686177409862154,4.2563086577021885,5.729624639043429,3.8460917497817064,5.071436000207541,21.246919350255606,76.63475997999741,114.95668899988232,72.728972,162.259301,0.06380417335473515,0.0
e884c310-e4d0-4d0b-944a-118f685b8a01,P01,P01_S1,cup,P01_T13,13,2,I_H_G,1,1,1,16.057042292000006,16.057042292000006,5.377907559999585,1.2751445590001822,7.74463172500009,1.6593584480001482,7.061,3.236,148,0,66.914062,76,13,0.17105263157894737,0,0.7418101799999022,0.7381416419998459,F:\sun\sunhan\消融实验数据\P01\P01_S1\G02_cup\R2\I_H_G_e884c310-e4d0-4d0b-944a-118f685b8a01_summary.json,6.9890502959081955,2.6566782136928757,5.301690368425231,4.46366352855826,7.060858645390972,4.439753301002926,3.9336746153268707,3.335940089269908,5.070502999842574,11.788251000098171,73.28036639996732,121.52344500009349,67.15196,146.066086,0.057120802778849865,0.0
24382b7d-fc9b-458f-8e28-adb2515bafca,P01,P01_S1,bottle,P01_T20,20,1,I,0,0,1,16.692955527999857,16.692955527999857,5.587658294999983,1.584979220999685,7.520423177000339,1.99989483499985,7.458,3.091,150,0,67.82107,124,59,0.47580645161290325,0,1.3679539269996894,1.36430246000009,F:\sun\sunhan\消融实验数据\P01\P01_S1\G03_bottle\R1\I_24382b7d-fc9b-458f-8e28-adb2515bafca_summary.json,3.7272957393636768,2.35156761519054,4.798645241633175,3.5343557374768255,7.4582474191006245,4.505852159791109,5.060028210758149,3.259657508714905,5.07092099996953,9.137540499978059,74.48241760007485,103.04482899982759,90.129456,177.229867,0.05615874204417821,0.0
f01484c8-b63b-4e78-9861-2272ebc29b36,P01,P01_S1,bottle,P01_T17,17,1,I_G,0,1,1,13.334082323000075,13.334082323000075,5.254440225000053,1.493484064000313,4.690321477999987,1.895836555999722,7.542,3.111,125,0,66.938489,107,44,0.411214953271028,0,0.9723194840003089,0.971727796000323,F:\sun\sunhan\消融实验数据\P01\P01_S1\G03_bottle\R1\I_G_f01484c8-b63b-4e78-9861-2272ebc29b36_summary.json,3.287609903919641,2.15265918371462,3.3285415932674765,1.967697583268515,7.541675765449264,4.989838454268294,6.188518023093772,5.62726813349341,5.071254000085901,12.4215025000467,78.28967780028493,125.24047999977483,90.974117,204.639397,0.057051574623459604,0.0
28146e9d-25a7-4f00-b5f0-5a157d774668,P01,P01_S1,bottle,P01_T19,19,1,I_H,1,0,1,13.80735469199999,13.80735469199999,4.378206497000065,1.5269129809998958,5.967491927000083,1.9347432869999466,7.124,3.013,125,2,134.913988,126,64,0.5079365079365079,0,0.9370286140001554,0.9366160370000216,F:\sun\sunhan\消融实验数据\P01\P01_S1\G03_bottle\R1\I_H_28146e9d-25a7-4f00-b5f0-5a157d774668_summary.json,2.6550818236719382,1.9683964920551587,4.31041050010815,2.5637490933221883,7.124270199006816,4.6181174572559724,5.481010565080984,3.6425174941289318,5.071726499863871,9.442034700055062,65.91993739972622,114.9252449999949,89.298482,190.857196,0.05369415807560137,0.000859106529209622
ab249da5-b796-4021-8e39-7f4e22c98236,P01,P01_S1,bottle,P01_T18,18,1,I_H_G,1,1,1,13.492317318000005,13.492317318000005,5.3936161110000285,1.648738283000057,4.495958527999846,1.954004396000073,6.982,2.701,125,0,109.961385,128,65,0.5078125,0,1.392193141000007,1.3892486280001322,F:\sun\sunhan\消融实验数据\P01\P01_S1\G03_bottle\R1\I_H_G_ab249da5-b796-4021-8e39-7f4e22c98236_summary.json,2.854939555997059,1.8442154329962819,6.094075286675032,2.598933884998698,6.981617070370598,4.662463402675086,5.376177679778374,3.572750210757304,5.070789999990666,9.573275000093417,70.0547632000051,102.88976299989372,125.619704,180.839698,0.05480052608505041,0.0
65ff5b70-3095-4d9a-b8cd-7f0cf52cdd30,P01,P01_S1,bottle,P01_T21,21,2,I,0,0,1,14.358737362999818,14.358737362999818,5.606161675999829,1.664757018000273,5.192826716999662,1.8949919520000549,7.424,3.076,136,0,100.329345,111,53,0.4774774774774775,0,1.5021512570001505,1.4998606819999623,F:\sun\sunhan\消融实验数据\P01\P01_S1\G03_bottle\R2\I_65ff5b70-3095-4d9a-b8cd-7f0cf52cdd30_summary.json,4.963835273243141,2.670740419961824,6.804679882071201,3.35954281344323,7.423704469510006,4.906647335194365,4.025823738676884,3.5248647396726174,5.071910999959073,21.37160155002673,86.5303871004835,114.08406800001103,89.21312,157.93507,0.062385321100917435,0.0
fbc3f0c4-ff37-4457-935e-ab05776abf07,P01,P01_S1,bottle,P01_T24,24,2,I_G,0,1,1,16.16232741299973,16.16232741299973,5.536754533000021,1.6427441059995544,7.001530826000817,1.9812979479993373,7.405,3.118,154,0,67.326534,115,48,0.41739130434782606,0,0.9095276979996925,0.9069476060003581,F:\sun\sunhan\消融实验数据\P01\P01_S1\G03_bottle\R2\I_G_fbc3f0c4-ff37-4457-935e-ab05776abf07_summary.json,3.46915756464079,2.3693412195197086,6.521809925431114,3.0590666373167577,7.404869531944962,4.664244483461827,5.057695301007557,3.4497775121923056,5.071405999842682,14.204014000279154,76.3406984000176,185.6897960005881,95.5742,166.7818,0.05985231247570929,0.0
87c14ba8-271a-4512-a0fe-885b770a1c82,P01,P01_S1,bottle,P01_T22,22,2,I_H,1,0,1,14.265704850000475,14.265704850000475,4.940460966000501,1.7275587710000764,5.709855381000125,1.8878297319997728,7.549,3.087,135,8,171.145671,89,34,0.38202247191011235,0,2.8377959730005387,2.8343824100002166,F:\sun\sunhan\消融实验数据\P01\P01_S1\G03_bottle\R2\I_H_87c14ba8-271a-4512-a0fe-885b770a1c82_summary.json,3.4672772187805685,2.146722780983364,4.503713474637252,3.354859394713345,7.549319829267279,4.638443916556687,3.430625561280755,3.0630291458250047,5.072011000265775,11.495686500438751,84.8241305000555,103.23438799969153,130.124783,169.6287723999999,0.05892623308598865,0.003491924923614142
8e8c8908-1d81-49f3-aaf1-52365cca073b,P01,P01_S1,bottle,P01_T23,23,2,I_H_G,1,1,1,14.09367539699997,14.09367539699997,5.071144020000247,1.646153237999897,5.525023576999956,1.8513545619998695,6.996,2.766,133,0,199.008331,101,34,0.33663366336633666,0,1.0004146829996898,0.997439138000118,F:\sun\sunhan\消融实验数据\P01\P01_S1\G03_bottle\R2\I_H_G_8e8c8908-1d81-49f3-aaf1-52365cca073b_summary.json,3.115125305652721,2.029683041108499,6.463841019019314,2.8881771220765984,6.99593042320537,4.703891871416898,5.086139472553853,3.278996364073848,5.0724129996524425,14.589447500020505,66.35908510046649,117.8561050001008,130.636664,169.370171,0.057750759878419454,0.0
dfe53742-ba51-49f1-adf2-a0bdc0d7331f,P01,P01_S2,mouse,P01_T26,26,1,I,0,0,1,15.442661389000023,15.442661389000023,5.561376596000628,1.4568286369994894,6.714568998000686,1.7098871579992192,6.7,2.89,148,0,67.226793,126,26,0.20634920634920634,0,0.8544722950000505,0.8516723000002457,F:\sun\sunhan\消融实验数据\P01\P01_S2\G04_mouse\R1\I_dfe53742-ba51-49f1-adf2-a0bdc0d7331f_summary.json,3.371747332219537,2.3399570862755805,3.6986177128469184,1.9338356911227164,6.6998080698960045,4.452001378903731,3.5358715349280043,3.242073308249707,5.071552000117663,11.614260900114452,75.4373482198571,119.42695899961109,66.997725,163.911437,0.05792563600782779,0.0
7a997687-afb3-44d0-ad11-38cf1e68751e,P01,P01_S2,mouse,P01_T27,27,1,I_G,0,1,1,14.266290507000122,14.266290507000122,5.279752460000054,1.1522584290005398,6.184972269999889,1.6493073479996383,6.406,2.929,139,0,100.536743,114,23,0.20175438596491227,0,1.0106377279998924,1.0063361790007548,F:\sun\sunhan\消融实验数据\P01\P01_S2\G04_mouse\R1\I_G_7a997687-afb3-44d0-ad11-38cf1e68751e_summary.json,3.7212931640228466,2.405051715695791,5.10739603869995,3.3969105488517637,6.406107943579226,4.107139092224477,3.377575823810294,3.014323366938431,5.070998500286805,12.288238250221184,75.44598055005713,140.02414700007648,80.293307,152.680443,0.05899830220713073,0.0
9e808cc8-078a-49d5-a558-0a3421348cf9,P01,P01_S2,mouse,P01_T28,28,1,I_H,1,0,1,15.4293130140004,15.4293130140004,5.880254153999886,1.3284255050002685,6.519414542999584,1.7012188120006613,6.99,3.204,151,306,147.525698,121,27,0.2231404958677686,0,0.8039959100005944,0.8019861829998263,F:\sun\sunhan\消融实验数据\P01\P01_S2\G04_mouse\R1\I_H_9e808cc8-078a-49d5-a558-0a3421348cf9_summary.json,4.303544850399515,2.6967192291036532,6.76388465107963,4.258023028651936,6.989886428904538,4.501017362635958,6.1605085640055375,3.6580649947294472,5.071007999504218,13.187251799899922,77.17668555997076,124.74788500003342,87.80966,156.273322,0.06047256708049659,0.12254705646776132
b8708ed6-85e1-4d13-a3e6-dbbad63bf495,P01,P01_S2,mouse,P01_T25,25,1,I_H_G,1,1,1,14.92966039500061,14.92966039500061,5.778668629000094,1.3255413820006652,6.28414784799952,1.5413025360003303,6.801,3.344,140,310,133.666855,125,25,0.2,0,0.8076570910006922,0.803989943000488,F:\sun\sunhan\消融实验数据\P01\P01_S2\G04_mouse\R1\I_H_G_b8708ed6-85e1-4d13-a3e6-dbbad63bf495_summary.json,6.801342322134934,2.9686229799174653,5.443311048759864,4.384638884129561,6.547012260199275,4.667057481360465,3.944876459725474,3.0871310405393135,5.0716509995254455,9.077046800120952,74.04033424023505,113.180607000686,101.99767,161.573626,0.05725971370143149,0.12678936605316973
b0767254-65de-418e-8108-dc2ff2eb6ae9,P01,P01_S2,mouse,P01_T31,31,2,I,0,0,1,16.329628406000666,16.329628406000666,6.176419205999991,1.3892309650000243,6.994246303000182,1.769731932000468,7.618,3.087,146,0,87.587765,156,54,0.34615384615384615,0,0.691145752999546,0.6866209049994723,F:\sun\sunhan\消融实验数据\P01\P01_S2\G04_mouse\R2\I_b0767254-65de-418e-8108-dc2ff2eb6ae9_summary.json,4.705194155919093,2.9740381431820557,3.6739410056804167,2.8797023587778328,7.61776829897202,4.120246780274523,5.335655998891182,3.4292054554082645,5.07203600000139,10.103081050055989,74.65587208011159,107.94482699930086,133.846664,157.589677,0.05521936459909228,0.0
5b79b3f4-4bea-40df-a2ac-d25ad5569678,P01,P01_S2,mouse,P01_T30,30,2,I_G,0,1,1,15.972726154999691,15.972726154999691,5.282738518999395,1.2056874940008129,7.803603155999554,1.68069698599993,6.385,3.216,150,0,133.880989,160,51,0.31875,0,0.8611996079998789,0.8582522979995701,F:\sun\sunhan\消融实验数据\P01\P01_S2\G04_mouse\R2\I_G_5b79b3f4-4bea-40df-a2ac-d25ad5569678_summary.json,3.9081222943049188,2.739312646988792,6.168526298471366,5.067907431883206,6.385464472759147,4.0424812787390465,3.432393901116066,3.254831331320348,5.071300999588857,14.062531499803299,80.83119950060787,109.42378700019617,133.536128,184.818769,0.057892705519104595,0.0
3271c7c0-b2d1-42ce-9691-e57aa4c64463,P01,P01_S2,mouse,P01_T29,29,2,I_H,1,0,1,14.435019485000339,14.435019485000339,5.113640307999958,1.5237717930003782,6.036202457999934,1.7614049260000684,6.551,3.289,136,221,133.881793,128,39,0.3046875,0,0.5441432739999073,0.5413150889999088,F:\sun\sunhan\消融实验数据\P01\P01_S2\G04_mouse\R2\I_H_3271c7c0-b2d1-42ce-9691-e57aa4c64463_summary.json,4.281310911250718,3.0323904713108347,4.576966289202408,3.167522515452101,6.550889525559923,4.492555256129228,5.896073937783965,3.564602219064082,5.0707799996416725,10.174924199600305,74.73325723020939,103.06703900005232,133.644524,160.9705,0.05592105263157895,0.09087171052631579
f31c42f6-6ad3-495b-b793-16ccd1a2cf50,P01,P01_S2,mouse,P01_T32,32,2,I_H_G,1,1,1,15.252881303999857,15.252881303999857,5.333736094000415,1.2575718409998444,6.97530236700004,1.6862710019995575,6.343,2.902,147,183,83.297676,160,66,0.4125,0,1.3012064499998814,1.3002440609998303,F:\sun\sunhan\消融实验数据\P01\P01_S2\G04_mouse\R2\I_H_G_f31c42f6-6ad3-495b-b793-16ccd1a2cf50_summary.json,3.420655020609414,2.0941507133637884,3.7084187499010177,2.1310865097312366,6.342625940355942,4.305536168889346,3.9393558421655723,3.705106955766431,5.071450500054198,12.537789850057376,72.96063677971688,105.30397100046684,117.0772015,186.995771,0.058333333333333334,0.07261904761904762
b4b65e50-e04e-4c15-b77d-8a2c6163d45a,P01,P01_S2,scissors,P01_T33,33,1,I,0,0,1,14.156606056999408,14.156606056999408,4.941407575000085,2.1149028969994106,4.300351615999716,2.7999439690001964,6.511,2.866,122,0,177.019464,86,24,0.27906976744186046,0,0.8342281409995849,0.8337290420004138,F:\sun\sunhan\消融实验数据\P01\P01_S2\G05_scissors\R1\I_b4b65e50-e04e-4c15-b77d-8a2c6163d45a_summary.json,3.0274681967782686,2.289590593838558,2.8405497326292197,2.3146597882788393,6.510655928239165,4.465934268124133,5.884656033550053,3.8345975237236507,5.0717714998427255,11.245507200373513,74.03134616012721,105.70408100011264,90.004589,177.019464,0.05254091300602928,0.0
ba4a2264-54ad-45e1-8a84-462b290446cc,P01,P01_S2,scissors,P01_T36,36,1,I_G,0,1,1,16.985667862999435,16.985667862999435,6.354656716000136,1.799408699000196,6.803892879999694,2.027709567999409,6.426,3.31,157,0,134.73033,160,14,0.0875,0,1.2411916339997333,1.2393794760000674,F:\sun\sunhan\消融实验数据\P01\P01_S2\G05_scissors\R1\I_G_ba4a2264-54ad-45e1-8a84-462b290446cc_summary.json,3.7092563132448473,2.630014345374567,4.319931588152957,3.1711061542981067,6.426207703283032,4.7219889664987935,4.599616076991362,3.805524152580281,5.071506000149384,17.951860250605023,74.31677834997573,123.79030699958093,133.571739,157.113062,0.05955993930197269,0.0
cecf392f-f4ad-405b-af71-4f155eec195f,P01,P01_S2,scissors,P01_T34,34,1,I_H,1,0,1,14.99998048100042,14.99998048100042,4.699511789000098,2.5183881729999484,4.971527579999929,2.810552939000445,6.57,3.275,120,187,67.298614,100,37,0.37,0,0.6956966670004476,0.6945609330005027,F:\sun\sunhan\消融实验数据\P01\P01_S2\G05_scissors\R1\I_H_cecf392f-f4ad-405b-af71-4f155eec195f_summary.json,3.820589964751949,2.8324008810305643,6.55353679389206,4.039110502985513,6.569510732724001,4.453364564524438,5.416361056850952,3.3923643237345797,5.071130000033008,6.543352999869951,80.99861128008355,126.0490069998923,127.088311,210.332393,0.04884004884004884,0.07610907610907611
babfb7ed-15f6-4382-be67-4f1b84ed2940,P01,P01_S2,scissors,P01_T35,35,1,I_H_G,1,1,1,17.215023900999768,17.215023900999768,8.88850665100017,1.5901638459999958,4.647374069999387,2.0889793340002143,6.661,3.076,151,158,67.157772,105,14,0.13333333333333333,0,1.5970975840000392,1.5936895959994217,F:\sun\sunhan\消融实验数据\P01\P01_S2\G05_scissors\R1\I_H_G_babfb7ed-15f6-4382-be67-4f1b84ed2940_summary.json,3.9655966421997135,2.922646927011161,4.254775342323314,2.971810262481075,6.660622841193998,4.52816855838698,5.337354781197727,3.562869029503594,5.07123799980036,16.02362359981269,72.5629595595274,105.12972099968465,68.236167,164.88599905000038,0.05561694290976059,0.058195211786372006
c27ddf20-0bae-4a1e-b8f9-7b9493e56109,P01,P01_S2,scissors,P01_T40,40,2,I,0,0,1,17.363014894000116,17.363014894000116,5.338199888000418,2.4862582519999705,6.758338395999999,2.780218357999729,6.875,3.262,142,0,66.911197,81,22,0.2716049382716049,0,0.9465626640003393,0.9430232679997061,F:\sun\sunhan\消融实验数据\P01\P01_S2\G05_scissors\R2\I_c27ddf20-0bae-4a1e-b8f9-7b9493e56109_summary.json,3.0090137839009596,1.993640109809579,5.028902798664322,3.08137968202439,6.874964885936715,4.755009065224732,4.92192284708038,4.3038594333984355,5.071699999916746,6.741825799781504,67.61197561016178,113.33816500064131,128.120945,148.008309,0.04823369565217391,0.0
e3cc1bb2-f7fa-46f3-8d45-47994e1bf708,P01,P01_S2,scissors,P01_T37,37,2,I_G,0,1,1,16.483964949000438,16.483964949000438,5.175879066000562,1.7388707399995837,7.450023058000625,2.1191920849996677,6.565,3.307,148,0,75.225121,96,17,0.17708333333333334,0,0.9441164370000479,0.9406731380004203,F:\sun\sunhan\消融实验数据\P01\P01_S2\G05_scissors\R2\I_G_e3cc1bb2-f7fa-46f3-8d45-47994e1bf708_summary.json,3.7301333810252166,2.6140859563800674,3.9959064298734117,3.4772611083728164,6.564924703259272,4.5187977337196905,3.9398514472357804,3.666785344029544,5.071228999895538,12.045597349606616,71.62829841004171,130.40857400028472,99.811909,170.258255,0.056103108415466264,0.0
31dcd714-04e4-4985-a6c2-20107be2cd3d,P01,P01_S2,scissors,P01_T39,39,2,I_H,1,0,1,15.250757464000344,15.250757464000344,4.137728382000205,2.4770169029998215,5.8577534480000395,2.778258731000278,6.605,3.497,120,530,133.546014,96,4,0.041666666666666664,0,0.6524249439999039,0.6489830549999169,F:\sun\sunhan\消融实验数据\P01\P01_S2\G05_scissors\R2\I_H_31dcd714-04e4-4985-a6c2-20107be2cd3d_summary.json,3.103198261500508,1.8187573412139266,6.146615919491704,4.046099453681514,6.604731780198402,4.552634426141061,6.270249565250648,5.108916133901679,5.071619000318606,6.326683799306904,68.43042992009079,130.6982819996847,75.185707,171.346619,0.045420136260408785,0.20060560181680545
2df71271-0f90-4bcd-a99a-3cba73145837,P01,P01_S2,scissors,P01_T38,38,2,I_H_G,1,1,1,13.509763314000338,13.509763314000338,3.9352824130000954,1.7018395060003968,5.756105826999374,2.1165355680004723,6.769,2.996,124,318,133.689536,83,16,0.1927710843373494,0,0.9086962740002491,0.9072511770000347,F:\sun\sunhan\消融实验数据\P01\P01_S2\G05_scissors\R2\I_H_G_2df71271-0f90-4bcd-a99a-3cba73145837_summary.json,3.2216905865253023,1.922138335328592,5.70455443204322,2.7787943425707713,6.7687131297501955,4.889832906828556,5.09473758635811,3.5533660525256408,5.0715175002551405,11.092537749482105,65.53989821971307,105.20141599954513,113.300078,197.546749,0.054385964912280704,0.1394736842105263
c9d99d27-33bb-4414-9ce5-74cd7756a6d6,P01,P01_S2,banana,P01_T43,43,1,I,0,0,1,18.125727627999368,18.125727627999368,5.733161903999644,1.9352002300001914,8.315189957000257,2.142175536999275,6.393,2.528,162,0,134.173403,174,61,0.3505747126436782,0,0.6327257760003704,0.6292372080006317,F:\sun\sunhan\消融实验数据\P01\P01_S2\G06_banana\R1\I_c9d99d27-33bb-4414-9ce5-74cd7756a6d6_summary.json,2.6616420377735186,1.651421605548778,2.69831079371386,2.3066772598275915,6.393098619413163,3.7397985393802453,3.3115840529189593,3.0978365520768834,5.0719394998850476,8.9097087999107,66.62240387961882,115.00003899982403,67.108248,166.936451,0.053820598006644516,0.0
12fa208f-73b9-49ab-8839-ccf3783acbfa,P01,P01_S2,banana,P01_T42,42,1,I_G,0,1,1,17.48597782900015,17.48597782900015,6.405652935000035,3.206665355000041,4.540494166999451,3.3331653720006216,6.117,2.289,135,0,134.07434,140,10,0.07142857142857142,0,1.4894828790002066,1.485402201999932,F:\sun\sunhan\消融实验数据\P01\P01_S2\G06_banana\R1\I_G_12fa208f-73b9-49ab-8839-ccf3783acbfa_summary.json,2.122848234384001,1.3707283175919387,2.049481871212631,1.4168760641685245,6.1168719502392115,4.296792273224866,5.47153137887334,3.7279551565831515,5.07150300018111,7.233017600174192,66.47331598031089,102.25981700023112,67.066016,150.584966,0.046248715313463515,0.0
b45fb549-b18c-47b0-a09a-66ec8ff6112c,P01,P01_S2,banana,P01_T41,41,1,I_H,1,0,1,17.71981738700015,17.71981738700015,7.1550373999998556,1.9559590460003164,6.418476695000209,2.1903442459997677,6.14,2.102,153,0,134.807207,140,9,0.06428571428571428,0,2.1556921060000604,2.155339214000378,F:\sun\sunhan\消融实验数据\P01\P01_S2\G06_banana\R1\I_H_b45fb549-b18c-47b0-a09a-66ec8ff6112c_summary.json,2.4139479109380444,1.4283170816435777,1.627903719593044,1.2348924973979172,6.1396318331555015,3.9276702824895073,3.0985072862490095,2.781186884633022,5.071026999758033,9.041924950042821,69.63727028062749,134.80132200038497,128.119425,159.952225,0.05316191799861015,0.0
0f39c507-713e-4e5e-856c-a32c1cdd6a48,P01,P01_S2,banana,P01_T44,44,1,I_H_G,1,1,1,17.19657196299977,17.19657196299977,6.297307283000009,3.10313927199968,4.497478934000355,3.2986464739997245,7.027,2.338,126,0,133.822641,109,4,0.03669724770642202,0,2.2003509129999657,2.198855094999999,F:\sun\sunhan\消融实验数据\P01\P01_S2\G06_banana\R1\I_H_G_0f39c507-713e-4e5e-856c-a32c1cdd6a48_summary.json,3.158460392489097,1.6232502859306415,3.2308115420538894,1.8068930484373336,7.026520101881147,4.470910958594667,5.157250969565584,3.2717914584195507,5.07022900001175,6.43827299982149,59.72262916009646,104.18776999995316,67.018011,148.030116,0.04258195336262251,0.0
d7ebc5f0-6d87-4579-bb3c-91005cff6065,P01,P01_S2,banana,P01_T46,46,2,I,0,0,1,16.053200203000415,16.053200203000415,6.131504373000098,1.7921850640004777,5.965160959000059,2.1643498069997804,6.558,2.138,137,0,144.188224,124,9,0.07258064516129033,0,1.6635889389999647,1.6595233620000727,F:\sun\sunhan\消融实验数据\P01\P01_S2\G06_banana\R2\I_d7ebc5f0-6d87-4579-bb3c-91005cff6065_summary.json,2.1063391785049532,1.387440519074316,1.1713551911852043,1.0622565625315992,6.557599856496001,4.279535748435227,3.0859592340262494,2.765020593062348,5.071210000096471,8.411123100358855,73.9293454398291,103.93904400007159,133.708773,199.05664,0.052390057361376675,0.0
6fa337ab-de35-4200-bdc7-33304e8b4f19,P01,P01_S2,banana,P01_T47,47,2,I_G,0,1,1,21.45681121999951,21.45681121999951,6.469956381999509,3.149053181000454,8.398406252000314,3.4393954049992317,6.541,2.572,162,0,145.691396,143,12,0.08391608391608392,0,1.466826148999644,1.4614754049998737,F:\sun\sunhan\消融实验数据\P01\P01_S2\G06_banana\R2\I_G_6fa337ab-de35-4200-bdc7-33304e8b4f19_summary.json,2.5603001801755827,1.642633923084186,2.1854303643672415,1.1764687881854003,6.541167223520765,4.07992873799569,5.802080434730397,3.989780956660351,5.0715669995042845,6.590363600480486,65.0490687200363,113.58208099954936,66.919815,180.086638,0.04564666103127642,0.0
42760905-a464-44cd-b230-8100ced5f2ac,P01,P01_S2,banana,P01_T48,48,2,I_H,1,0,1,20.15377959200032,20.15377959200032,6.859737413999937,1.8631821920007496,9.212163944999702,2.21869604099993,6.476,2.323,183,0,133.856844,129,5,0.03875968992248062,0,0.9034726129993942,0.9018740889996479,F:\sun\sunhan\消融实验数据\P01\P01_S2\G06_banana\R2\I_H_42760905-a464-44cd-b230-8100ced5f2ac_summary.json,2.2366380246112327,1.4374222223070612,1.7848869341925482,0.906503075876114,6.475576775997393,3.929608919345274,3.4355901394952566,3.0487753165533884,5.070995000096445,14.79692344964853,79.01807219031079,113.78952100039896,67.057361,147.392668,0.05937702790395847,0.0
eba7979f-a85d-428c-9a7d-423ca71d060b,P01,P01_S2,banana,P01_T45,45,2,I_H_G,1,1,1,15.909866737999437,15.909866737999437,4.648545267999907,3.1313510990003124,4.7238414949997605,3.406128875999457,6.315,2.396,125,0,134.11477,92,8,0.08695652173913043,0,1.0404763950000415,1.034308061000047,F:\sun\sunhan\消融实验数据\P01\P01_S2\G06_banana\R2\I_H_G_eba7979f-a85d-428c-9a7d-423ca71d060b_summary.json,2.630811064276735,1.5999907325190554,3.1654081067865296,0.9932173727067319,6.31539620664741,4.360652548110444,6.195065145262605,3.8770230271674184,5.071457999747508,6.646368499514205,73.61120325988841,113.49495700051193,66.935161,191.355596,0.04538852578068264,0.0
19de1233-7cb0-455d-b7ad-b36f5bb8e748,P02,P02_S1,bottle,P02_T03,3,1,I,0,0,1,15.074343503999899,15.074343503999899,4.495945213999903,1.6965932460000204,7.040201689000014,1.841603354999961,6.879,3.023,135,0,66.956773,86,41,0.47674418604651164,0,1.2432735350000712,1.240282924999974,F:\sun\sunhan\消融实验数据\P02\P02_S1\G01_bottle\R1\I_19de1233-7cb0-455d-b7ad-b36f5bb8e748_summary.json,3.2083447571305173,2.0363478510544155,4.988417134101494,2.1578423203859334,6.878778026801535,4.551922171478947,5.985841850902329,4.526549304587311,5.0717889999987165,8.632074899992398,70.34214660003023,116.8272900000602,85.479743,146.909505,0.05445744251714401,0.0
1518289c-706e-430e-828a-db4d92c08c56,P02,P02_S1,bottle,P02_T02,2,1,I_G,0,1,1,14.55971603599994,14.55971603599994,4.428230667999969,1.5961193109999385,6.641436615000089,1.8939294419999442,7.173,3.16,133,0,67.540395,126,73,0.5793650793650794,0,1.7736052870000094,1.7729431189999332,F:\sun\sunhan\消融实验数据\P02\P02_S1\G01_bottle\R1\I_G_1518289c-706e-430e-828a-db4d92c08c56_summary.json,2.8003485894450204,1.8881486033043746,6.08060144371715,3.13126819669783,7.172559161439881,4.828994659991957,5.528528930882964,3.911504608351196,5.070827999929861,10.553423000009968,72.20631155998035,108.4731839999904,67.057476,169.66759,0.055301455301455305,0.0
29cab694-7adf-4951-9ff3-218f1484b9c3,P02,P02_S1,bottle,P02_T01,1,1,I_H,1,0,1,12.038970565,12.038970565,3.5301558959999966,1.4742014749999726,5.075728238000011,1.9588849560000199,7.251,3.087,126,3,67.144226,60,27,0.45,0,1.1111122649999743,1.1086973999999827,F:\sun\sunhan\消融实验数据\P02\P02_S1\G01_bottle\R1\I_H_29cab694-7adf-4951-9ff3-218f1484b9c3_summary.json,3.385853207498459,2.2209548817545937,5.220700010754729,3.507599838564488,7.251005295570131,5.247288677239508,5.932449098653185,4.182917517177054,5.071590499937884,9.387340749935847,77.37922512004401,134.05599600002915,133.579713,193.815038,0.05521472392638037,0.0013146362839614374
a41f68e7-9375-454e-aaa5-84b8ec7a5271,P02,P02_S1,bottle,P02_T04,4,1,I_H_G,1,1,1,14.317671810999968,14.317671810999968,4.392562319000035,1.5923917699999492,6.496624614999973,1.8360931070000106,7.262,2.906,130,18,168.562824,102,51,0.5,0,1.4292507670000987,1.4254220870000154,F:\sun\sunhan\消融实验数据\P02\P02_S1\G01_bottle\R1\I_H_G_a41f68e7-9375-454e-aaa5-84b8ec7a5271_summary.json,2.5864779822395296,1.6109498606769865,4.797702225662378,2.151056762809286,7.261749663997755,4.801505359544453,4.6109374220373445,3.5998954457559655,5.070436000039535,9.508884049984097,69.811193829978,105.27187200000299,133.751203,174.062133,0.0551314673452078,0.007633587786259542
120672a9-5d57-4d47-8d25-b7ac482da516,P02,P02_S1,bottle,P02_T06,6,2,I,0,0,1,15.373962861999871,15.373962861999871,6.6798262289999,1.57175306299996,5.263927075000083,1.8584564949999276,6.827,3.036,142,0,67.01811,134,65,0.48507462686567165,0,1.2432478819998778,1.2391466629999286,F:\sun\sunhan\消融实验数据\P02\P02_S1\G01_bottle\R2\I_120672a9-5d57-4d47-8d25-b7ac482da516_summary.json,3.415013902682051,2.1207204477046204,4.5047624966779205,2.7771079673760517,6.82652873401195,4.984969877058229,5.871432742194004,4.042310957341427,5.070742000043538,14.111025000147492,76.90692819996913,137.44118500017066,71.581405,184.53276,0.05770012190166599,0.0
e8ad15bf-03ed-4fc2-9a25-0edef02ef36d,P02,P02_S1,bottle,P02_T07,7,2,I_G,0,1,1,13.086429804999852,13.086429804999852,4.137144960999876,1.6029376760000105,5.420143498000016,1.9262036699999499,7.132,2.928,119,0,46.160368,84,46,0.5476190476190477,0,0.8768668539998998,0.8747993599999973,F:\sun\sunhan\消融实验数据\P02\P02_S1\G01_bottle\R2\I_G_e8ad15bf-03ed-4fc2-9a25-0edef02ef36d_summary.json,3.0026240545617013,1.9722916595641877,4.765790736345649,2.2947346240454425,7.131856011250329,4.845521844755857,3.6452406465486455,3.346698502841302,5.070795499932501,7.810099899984367,71.27120390986828,114.30143000006865,66.890041,147.942014,0.051515151515151514,0.0
fa89a14b-552c-4601-b022-445e1080ac1f,P02,P02_S1,bottle,P02_T08,8,2,I_H,1,0,1,14.734200374000011,14.734200374000011,5.336081867999837,1.6397738499999832,5.775091147000012,1.9832535090001784,7.321,2.809,133,5,77.811339,127,71,0.5590551181102362,0,1.4934989759999553,1.4926353599998947,F:\sun\sunhan\消融实验数据\P02\P02_S1\G01_bottle\R2\I_H_fa89a14b-552c-4601-b022-445e1080ac1f_summary.json,3.035078093669498,1.8983045148081596,4.270051552260562,1.9962892269332355,7.320884797205285,4.796743838484179,3.8269621136799707,3.491826520861844,5.070654000064678,14.349126099955331,72.9399260999253,105.76210500016714,90.016804,200.37155,0.05507246376811594,0.002070393374741201
f94d68d8-1725-4a1f-87a9-e7085db68738,P02,P02_S1,bottle,P02_T05,5,2,I_H_G,1,1,1,12.351151755000046,12.351151755000046,3.9791973710000548,1.5337193339998976,4.8910583809999935,1.9471766690001004,6.97,2.974,113,0,66.932258,80,40,0.5,0,0.9046113169999899,0.9042074970000158,F:\sun\sunhan\消融实验数据\P02\P02_S1\G01_bottle\R2\I_H_G_f94d68d8-1725-4a1f-87a9-e7085db68738_summary.json,2.82472873611639,2.0030773863882225,4.7789147993946255,2.3762663249596825,6.970390859908032,4.954985903408458,4.34458554812745,3.4911406461522208,5.071264999969571,8.200311400014469,64.15488424001555,131.25850500000524,86.319006,150.093788,0.052097740894421395,0.0
1cc9011b-3358-4296-83dc-de0acef58cb0,P02,P02_S1,cup,P02_T12,12,1,I,0,0,1,17.49576020099994,17.49576020099994,6.931302322999954,1.4744865519999166,7.131754620000038,1.9582167060000302,7.241,3.155,163,0,98.418678,111,60,0.5405405405405406,0,1.7148438469998837,1.7106147699998928,F:\sun\sunhan\消融实验数据\P02\P02_S1\G02_cup\R1\I_1cc9011b-3358-4296-83dc-de0acef58cb0_summary.json,4.453153281901155,2.113548871871386,5.450803063320723,2.729332498226889,7.241089497183176,5.08044033122992,4.304651234775072,4.027329702316651,5.071208000003935,16.04149554992758,73.32089203003746,116.3960970000062,98.418678,157.101927,0.059272727272727276,0.0
4774d54b-bb15-4ed3-bf42-6566cab4a778,P02,P02_S1,cup,P02_T09,9,1,I_G,0,1,1,14.893748844999891,14.893748844999891,5.11522653399993,1.6696439490001467,6.228773641999851,1.880104719999963,6.99,3.531,135,0,56.466629,80,47,0.5875,0,1.223193922000064,1.215244316000053,F:\sun\sunhan\消融实验数据\P02\P02_S1\G02_cup\R1\I_G_4774d54b-bb15-4ed3-bf42-6566cab4a778_summary.json,4.773212775531421,2.5224849291235274,6.034507959871328,4.683798501250901,6.989781571635001,4.7391751477075275,5.937821804362455,4.145480031493421,5.070970999895508,9.183788199925413,72.46267187999388,138.51343400006044,66.938814,152.766045,0.05372065260644648,0.0
85f92e10-9af4-4a53-b50d-acc46f1ef173,P02,P02_S1,cup,P02_T11,11,1,I_H,1,0,1,13.451671797000017,13.451671797000017,4.5194756559999405,1.5469471110000086,5.554970742000023,1.830278288000045,7.09,3.305,124,0,66.974503,58,23,0.39655172413793105,0,0.72661167199999,0.7233115850001468,F:\sun\sunhan\消融实验数据\P02\P02_S1\G02_cup\R1\I_H_85f92e10-9af4-4a53-b50d-acc46f1ef173_summary.json,4.464678744936189,2.6496042736953895,4.689519075246211,2.614164460880472,7.089789789156434,5.077537189972087,4.2590070095095065,3.924162324719563,5.0720940000701376,12.378906999856554,71.40106920000997,143.5654209999484,66.974503,180.518557,0.05533244087460955,0.0
f0ebf522-773b-4dc7-a1bf-c63990fe7f05,P02,P02_S1,cup,P02_T10,10,1,I_H_G,1,1,1,13.891479727999922,13.891479727999922,4.915716239999938,1.5936821949999285,5.449584395000102,1.932496897999954,6.9,3.546,123,0,61.02083,73,32,0.4383561643835616,0,1.1378772999999,1.1357768209998085,F:\sun\sunhan\消融实验数据\P02\P02_S1\G02_cup\R1\I_H_G_f0ebf522-773b-4dc7-a1bf-c63990fe7f05_summary.json,5.401296381614136,2.947833926828762,6.448265567023245,4.486703688039146,6.900200981567611,5.010176104790959,5.788067052861686,3.982527938807847,5.070359999990615,13.447310649962672,65.51438141988686,115.2491430000282,79.037034,158.563051,0.05269922879177378,0.0
a982c37c-4c0a-49d0-a1bc-3f4a6720f369,P02,P02_S1,cup,P02_T13,13,2,I,0,0,1,15.02124014900005,15.02124014900005,7.1798848949999865,1.7687333680000847,4.09134683100001,1.9812750549999691,7.097,3.193,134,0,134.71284,111,64,0.5765765765765766,0,0.7836365589998877,0.7785490589999426,F:\sun\sunhan\消融实验数据\P02\P02_S1\G02_cup\R2\I_a982c37c-4c0a-49d0-a1bc-3f4a6720f369_summary.json,4.765770905829457,2.7674016769396483,7.096565596623582,3.97760219469522,6.842674502578357,4.88952871124554,6.069059120147813,4.10246788494004,5.070782000075269,8.84565249998559,70.99406930001332,114.8788059999788,134.71284,162.274314,0.05379365716579687,0.0
1f13040e-614b-4a90-836b-2b263059810f,P02,P02_S1,cup,P02_T16,16,2,I_G,0,1,1,15.772765512000205,15.772765512000205,4.924560341000415,1.7885612849995596,7.052003495000008,2.0076403910002227,6.513,3.144,138,0,143.871411,93,56,0.6021505376344086,0,1.772529530999691,1.769083455999862,F:\sun\sunhan\消融实验数据\P02\P02_S1\G02_cup\R2\I_G_1f13040e-614b-4a90-836b-2b263059810f_summary.json,3.8380181215223432,2.3599664590796827,6.09816570663689,3.1030466821528377,6.513155353229748,4.459140100439464,6.10492681304513,3.809056273485482,5.071087000033003,8.96375719994452,65.70026819972561,115.47068900017621,133.552008,187.153108,0.05293440736478711,0.0
fa6c5623-a8bf-4860-bba4-9f13bc2625b6,P02,P02_S1,cup,P02_T14,14,2,I_H,1,0,1,14.375739427000099,14.375739427000099,5.26244551700006,1.5765814819999378,5.677121161000059,1.8595912670000416,6.753,3.45,127,0,188.978811,82,34,0.4146341463414634,0,1.177125518999901,1.1725691239998923,F:\sun\sunhan\消融实验数据\P02\P02_S1\G02_cup\R2\I_H_fa6c5623-a8bf-4860-bba4-9f13bc2625b6_summary.json,6.202610915554114,2.9176295311519382,6.07708903033167,3.807123840372664,6.752835441020272,4.864220196331667,6.225639796392984,4.036871090572461,5.071506999911435,8.958377999988443,75.2957559998776,125.88754299986249,133.479243,188.978811,0.05425032037590773,0.0
23b402e2-d524-483d-b216-049874e45520,P02,P02_S1,cup,P02_T15,15,2,I_H_G,1,1,1,12.678769447999912,12.678769447999912,4.529618430000028,1.722637652000003,4.411862774000156,2.0146505919997253,6.885,3.302,111,0,133.951367,77,35,0.45454545454545453,0,0.7497076610000022,0.7485132210001666,F:\sun\sunhan\消融实验数据\P02\P02_S1\G02_cup\R2\I_H_G_23b402e2-d524-483d-b216-049874e45520_summary.json,5.425881833017189,2.654751005716343,5.891191607718038,3.5939096530426986,6.885277519364963,4.935605064409188,5.18776874588631,4.3287289186253055,5.071302999908767,7.433249799839797,67.76751316013346,144.30483900014224,104.259685,153.071177,0.05018083182640145,0.0
513d5953-3ba4-4180-ae60-f1c30a92f251,P02,P02_S1,mouse,P02_T18,18,1,I,0,0,1,18.723660739000024,18.723660739000024,7.5624452540000675,1.3759976279998227,8.111750495000251,1.673467361999883,7.925,3.542,175,0,67.135104,97,25,0.25773195876288657,0,0.7393433639999785,0.7390332770000896,F:\sun\sunhan\消融实验数据\P02\P02_S1\G03_mouse\R1\I_513d5953-3ba4-4180-ae60-f1c30a92f251_summary.json,4.0316310567663525,2.5079829313837783,2.2747673558339714,1.969800747449944,7.92495396719235,5.885522867823021,4.51228513082084,3.8294043672000555,5.071241999985432,14.625728999703824,72.87497185022859,117.6324680000107,67.135104,152.685208,0.060637560637560636,0.0
c2e9dc1d-7b4a-4149-9321-3604149a2f21,P02,P02_S1,mouse,P02_T19,19,1,I_G,0,1,1,15.576345873000264,15.576345873000264,8.743503169000178,1.196402286999728,4.03125006800019,1.6051903490001678,7.023,2.774,141,0,66.879973,133,13,0.09774436090225563,0,1.269823302000077,1.2664685849999842,F:\sun\sunhan\消融实验数据\P02\P02_S1\G03_mouse\R1\I_G_c2e9dc1d-7b4a-4149-9321-3604149a2f21_summary.json,3.7495750809569155,2.61652167795466,4.368615423882735,3.7540095593415153,7.023100382099525,4.511877760343331,3.686484581862571,2.7874123192244378,5.071305999990727,11.817466999673343,70.86116819991743,106.11250700003438,132.852078,219.241133,0.05593018643395478,0.0
a815b135-06b1-4544-bcfc-82d8b6786a18,P02,P02_S1,mouse,P02_T20,20,1,I_H,1,0,1,16.523068772999977,16.523068772999977,5.3770093549997,1.2493980630001715,8.21209606399998,1.6845652910001263,7.447,3.407,157,332,131.487031,98,43,0.4387755102040816,0,1.0243259439998837,1.0224947229999088,F:\sun\sunhan\消融实验数据\P02\P02_S1\G03_mouse\R1\I_H_a815b135-06b1-4544-bcfc-82d8b6786a18_summary.json,4.710502444145426,2.9625371650018026,3.286100451955074,2.5844601791767694,7.446636187157472,4.724188714376023,5.0704189684459475,3.944569513915303,5.070967999927234,19.45463359979831,76.51415120028086,155.27330800023265,127.28347,157.560769,0.06064117419853225,0.12823483970645036
d842a84f-a05a-4bca-9aed-41d0fe97cfbc,P02,P02_S1,mouse,P02_T17,17,1,I_H_G,1,1,1,13.971875268000076,13.971875268000076,6.129492863999985,1.184097995999764,4.982827340000313,1.6754570680000143,6.859,3.243,137,437,133.592449,122,64,0.5245901639344263,0,1.2124678589998439,1.2110960109998814,F:\sun\sunhan\消融实验数据\P02\P02_S1\G03_mouse\R1\I_H_G_d842a84f-a05a-4bca-9aed-41d0fe97cfbc_summary.json,3.9112643774259355,2.5018925082360446,6.811305261732631,3.522682916173559,6.858503674859782,5.170400313942725,6.088986988424299,4.665699941569504,5.071580999810976,21.23310359995676,86.10841085009729,106.31829400017523,133.592449,173.463232,0.06284403669724771,0.20045871559633027
b1a88b3f-6a02-4834-9287-5c5bb94fc90c,P02,P02_S1,mouse,P02_T23,23,2,I,0,0,1,18.725623710000036,18.725623710000036,7.571089133999976,1.3172179600001073,7.502798199999688,2.3345184160002646,7.313,3.619,167,0,70.469147,136,48,0.35294117647058826,0,1.2516719929999454,1.2480213409999124,F:\sun\sunhan\消融实验数据\P02\P02_S1\G03_mouse\R2\I_b1a88b3f-6a02-4834-9287-5c5bb94fc90c_summary.json,4.408468578743596,2.938521650157059,4.0722354032835675,3.1309245536335553,7.312599110558686,5.413554625996433,4.619217242695528,4.285985275147562,5.070578999948339,16.23278500001108,73.55229792015963,106.54282099994816,91.886589,166.554334,0.057329213868863714,0.0
22597f60-99e6-4d27-9b00-133fbb71e9e2,P02,P02_S1,mouse,P02_T22,22,2,I_G,0,1,1,14.221552001999953,14.221552001999953,5.991871933999846,1.1864422759999798,5.5181483470000785,1.5250894450000487,7.653,3.198,129,0,67.135137,90,27,0.3,0,1.3375204349999876,1.3344829010002286,F:\sun\sunhan\消融实验数据\P02\P02_S1\G03_mouse\R2\I_G_22597f60-99e6-4d27-9b00-133fbb71e9e2_summary.json,3.8139668893727516,2.517792649564358,7.348977499309696,4.529141959809063,7.653240585304398,4.916113061216809,3.814024854876921,3.503740164409043,5.070451999927172,13.291478000155621,79.41563779986596,119.68388500008587,100.728844,150.935103,0.05756358768406961,0.0
020a462d-42bc-4be5-945a-a702a1597cf2,P02,P02_S1,mouse,P02_T21,21,2,I_H,1,0,1,15.606484830000227,15.606484830000227,6.7308929190003255,1.5176182699997298,5.659309140000005,1.6986645010001666,7.731,3.46,151,423,66.820779,112,40,0.35714285714285715,0,0.7038948740000706,0.7006268039999668,F:\sun\sunhan\消融实验数据\P02\P02_S1\G03_mouse\R2\I_H_020a462d-42bc-4be5-945a-a702a1597cf2_summary.json,5.006203289880691,3.057027561874526,7.730571126046768,4.511630553926145,7.716054061407502,5.100613843043936,5.850498176380819,3.958093313272719,5.071649999990768,16.91042900017692,77.98003840011921,125.73656899985508,117.506564,169.607079,0.06049679487179487,0.16947115384615385
2744faad-05bd-4c37-9cec-9df924d57ee0,P02,P02_S1,mouse,P02_T24,24,2,I_H_G,1,1,1,14.94900610500008,14.94900610500008,5.777085708000413,1.2771159199996873,6.229319438999937,1.6654850380000426,7.262,3.365,142,339,66.750164,89,27,0.30337078651685395,0,1.1369412969997938,1.1321920519999367,F:\sun\sunhan\消融实验数据\P02\P02_S1\G03_mouse\R2\I_H_G_2744faad-05bd-4c37-9cec-9df924d57ee0_summary.json,3.936955813379188,2.5770107606599217,4.776045617250202,3.523362562246482,7.261904969322138,5.249870296540501,4.9119226560976,3.5926248534558463,5.071100999884948,19.572484299987984,78.53552302022719,104.64894799997637,123.902383,141.390004,0.059789473684210524,0.14273684210526316
95bc5c81-9980-4e1d-bcc9-36115211ffd6,P02,P02_S2,banana,P02_T25,25,1,I,0,0,1,18.294647889000316,18.294647889000316,5.504748951000238,1.8253034849999494,8.7878619170001,2.176733536000029,7.054,2.723,162,0,150.635694,134,16,0.11940298507462686,0,1.7606319349997648,1.7574967169998672,F:\sun\sunhan\消融实验数据\P02\P02_S2\G04_banana\R1\I_95bc5c81-9980-4e1d-bcc9-36115211ffd6_summary.json,2.3065236968120413,1.4646073946664626,2.012459740055844,1.7502870010083915,7.054151034628502,4.614362670125105,4.1236577636122815,3.531411817026397,5.071075000159908,9.627154499867174,68.51277820005639,150.4782070001056,67.239808,152.058938,0.05565097904500172,0.0
70261e67-d229-4359-baaf-49abe342f845,P02,P02_S2,banana,P02_T28,28,1,I_G,0,1,1,18.55167971500032,18.55167971500032,5.897288473000117,3.275741251999989,6.021792660999836,3.356857329000377,7.603,2.562,143,0,138.046829,141,21,0.14893617021276595,0,2.2083821649998754,2.204405252000015,F:\sun\sunhan\消融实验数据\P02\P02_S2\G04_banana\R1\I_G_70261e67-d229-4359-baaf-49abe342f845_summary.json,2.804279888591586,1.7110640190466557,2.4458141860659324,1.8172878919609408,7.603033201632159,4.802731081807673,5.06790404154972,3.1091952129347775,5.070193000165091,6.342091149849676,67.48415544005634,108.69522699977097,113.101743,144.343179,0.04580397181294042,0.0
79a7c986-a38b-451c-9a1a-105ba2a33377,P02,P02_S2,banana,P02_T26,26,1,I_H,1,0,1,14.5779552959998,14.5779552959998,4.1552344669999,1.8794979819999753,6.332198273999893,2.2110245730000315,7.028,2.465,129,0,99.922934,183,71,0.3879781420765027,0,1.4382115230000636,1.437462276000133,F:\sun\sunhan\消融实验数据\P02\P02_S2\G04_banana\R1\I_H_79a7c986-a38b-451c-9a1a-105ba2a33377_summary.json,2.498782422512528,1.5561638422612167,2.5032071302499905,2.1832175963375278,7.028341818072028,4.321805667351919,4.270035175506732,2.982348431689207,5.071165000117617,8.704653999757284,66.9145786000628,103.79507100014962,133.704585,169.827209,0.052417716375457134,0.0
0313e71c-ac9b-43b2-bd65-17c57b3d1db3,P02,P02_S2,banana,P02_T27,27,1,I_H_G,1,1,1,16.878452504999586,16.878452504999586,4.810829201999695,3.146630922999975,5.537358069999755,3.3836343100001613,7.259,2.678,130,0,67.458519,101,2,0.019801980198019802,0,1.8773026239996398,1.8736079359996438,F:\sun\sunhan\消融实验数据\P02\P02_S2\G04_banana\R1\I_H_G_0313e71c-ac9b-43b2-bd65-17c57b3d1db3_summary.json,2.771677358605673,1.6273885197612847,3.457032959230486,2.36024800645367,7.259200833636879,4.569514509610811,5.657159470529852,3.4100892224343755,5.07091949975802,6.439755500423416,72.47980219981395,133.41631200000847,66.932677,141.471553,0.045359385903698535,0.0
32df5592-a316-4886-9ab8-5f7dd5a9a6bd,P02,P02_S2,banana,P02_T32,32,2,I,0,0,1,18.982180378000066,18.982180378000066,7.069928275000166,1.8250863950001985,7.925132337999912,2.16203336999979,7.527,2.484,165,0,133.771263,109,23,0.21100917431192662,0,1.7313981030001742,1.728283232999729,F:\sun\sunhan\消融实验数据\P02\P02_S2\G04_banana\R2\I_32df5592-a316-4886-9ab8-5f7dd5a9a6bd_summary.json,3.2677703622723473,1.7705983203687863,1.9222400121744558,0.6363638049613458,7.526785201062996,4.388855608899096,3.6991511568518214,3.43839534014418,5.0704059999588935,16.175120799903194,80.39693013003671,104.60835699996096,115.122367,144.62672,0.05631399317406143,0.0
cacfdc46-b95d-441d-9cd4-4e381867bead,P02,P02_S2,banana,P02_T29,29,2,I_G,0,1,1,18.158162945000186,18.158162945000186,5.789677449999999,3.180837729000359,5.7735207900000205,3.4141269759998067,7.126,2.871,138,0,72.685793,176,61,0.3465909090909091,0,1.1350510480001503,1.1310427019998315,F:\sun\sunhan\消融实验数据\P02\P02_S2\G04_banana\R2\I_G_cacfdc46-b95d-441d-9cd4-4e381867bead_summary.json,3.128376791341998,1.9269404610618088,3.5523949385675886,2.7041182075132166,7.125905854968587,4.729952106156255,6.204173497978897,4.034736992164394,5.070418999821413,6.404502999976082,56.41161683999594,114.31384599973171,133.501436,162.410897,0.04404723906798596,0.0
90a1de04-948e-45f1-a4a7-dfaa26e7993e,P02,P02_S2,banana,P02_T31,31,2,I_H,1,0,1,15.429923234000398,15.429923234000398,5.82224829200004,1.7994867780003005,5.616934132999631,2.191254031000426,7.121,2.489,131,0,133.935868,134,37,0.27611940298507465,0,1.7782052709999334,1.775704979999773,F:\sun\sunhan\消融实验数据\P02\P02_S2\G04_banana\R2\I_H_90a1de04-948e-45f1-a4a7-dfaa26e7993e_summary.json,2.9199038316099974,1.698792071598472,2.5314685522882963,1.868005722023298,7.121101464166015,4.594022276123268,3.200894674269366,2.9583101139742025,5.0703614999747515,7.1997156000179485,77.76563273976964,122.5463559999298,133.73251199999999,168.45367,0.05214968152866242,0.0
529719cc-6d2c-4ca5-828a-d82b32d6dfe8,P02,P02_S2,banana,P02_T30,30,2,I_H_G,1,1,1,18.464461130000018,18.464461130000018,5.533666107000045,3.1158076090000577,6.464986857999975,3.350000555999941,7.554,2.845,138,0,134.102715,228,121,0.5307017543859649,0,1.2939220349999232,1.2927086439999584,F:\sun\sunhan\消融实验数据\P02\P02_S2\G04_banana\R2\I_H_G_529719cc-6d2c-4ca5-828a-d82b32d6dfe8_summary.json,2.8568577875282655,1.7410113654498276,3.178551135132692,2.7173259280948048,7.553518439323423,4.77080201931662,5.6620417106546945,3.388566128960323,5.0713079999695765,6.659838000041416,67.48012572011235,104.05245600031776,105.325925,176.696991,0.04481974667099708,0.0
730a7003-1736-434d-ae8c-2ce47123e254,P02,P02_S2,apple,P02_T35,35,1,I,0,0,1,16.464149097999325,16.464149097999325,7.104302257999734,1.0145807769995372,7.247995983000692,1.0972700799993618,8.711,3.348,166,0,121.343949,239,53,0.2217573221757322,0,0.8175923219996548,0.8095155889996022,F:\sun\sunhan\消融实验数据\P02\P02_S2\G05_apple\R1\I_730a7003-1736-434d-ae8c-2ce47123e254_summary.json,6.140648914491927,2.780148702800205,2.0625000444239237,1.3938161960129034,8.710612336993849,5.868533062078422,4.282562931666177,3.894037112469696,5.071903499811015,16.50415949993659,80.79539448015568,199.004122999213,133.666882,182.812191,0.06566455696202532,0.0
687bc5ad-64cb-47bd-b815-576ec8c52e86,P02,P02_S2,apple,P02_T34,34,1,I_G,0,1,1,15.829955273999985,15.829955273999985,6.73587036400022,1.205591607000315,6.601427918999434,1.287065384000016,8.557,3.048,155,0,173.314701,240,20,0.08333333333333333,0,2.1344434720003846,2.1311777099999745,F:\sun\sunhan\消融实验数据\P02\P02_S2\G05_apple\R1\I_G_687bc5ad-64cb-47bd-b815-576ec8c52e86_summary.json,3.5923494189466885,2.165624344062528,3.1210650922713845,2.493563929302093,8.556900276713908,5.3851296809959015,5.034977965327326,4.113205793630298,5.07185849983216,20.954700700258396,74.20831908990252,105.85843699936959,133.676356,175.859531,0.06431535269709543,0.0
6dbe5bb4-9a7b-48fd-a9d0-aef7c324f6ef,P02,P02_S2,apple,P02_T33,33,1,I_H,1,0,1,13.64536451999993,13.64536451999993,6.142476679000538,0.9401969419996021,5.439957071000208,1.122733827999582,8.39,3.002,144,0,133.877528,198,69,0.3484848484848485,0,1.85707905199979,1.7465856249991702,F:\sun\sunhan\消融实验数据\P02\P02_S2\G05_apple\R1\I_H_6dbe5bb4-9a7b-48fd-a9d0-aef7c324f6ef_summary.json,4.21844943921269,2.2767941117910784,3.9817279524004574,3.243299012536414,8.390043521432165,5.285788726674083,4.320968123042702,3.6920813249769253,5.072236000160046,21.314778600390035,80.26515098032141,106.49869999997463,133.788806,201.5186,0.06770098730606489,0.0
177f1730-ffb2-404a-9263-156cd76332bb,P02,P02_S2,apple,P02_T36,36,1,I_H_G,1,1,1,14.578646431999914,14.578646431999914,7.006544208999912,0.952978364000046,5.380965628000013,1.238158230999943,8.729,3.425,148,0,134.057522,223,37,0.16591928251121077,0,1.4411497209994195,1.4392599269995117,F:\sun\sunhan\消融实验数据\P02\P02_S2\G05_apple\R1\I_H_G_177f1730-ffb2-404a-9263-156cd76332bb_summary.json,5.508372862511554,2.790757462236989,5.496392559239553,4.768637336749653,8.728883138352693,6.057022679573584,4.0585697571218455,3.6356141826596198,5.071161999694596,23.901350199776036,86.30370431994382,106.73092799970618,133.662858,174.896884,0.06874129122155133,0.0
e95123a8-9815-4224-a021-04337af8900a,P02,P02_S2,apple,P02_T38,38,2,I,0,0,1,17.205080126999746,17.205080126999746,8.211899484999776,0.9647133899998153,6.800249504000021,1.2282177480001337,8.645,3.363,172,0,133.739027,260,144,0.5538461538461539,0,1.3689920570004688,1.3669833840003776,F:\sun\sunhan\消融实验数据\P02\P02_S2\G05_apple\R2\I_e95123a8-9815-4224-a021-04337af8900a_summary.json,4.714370417843169,2.678099994414825,6.308469247286613,5.343007687563233,8.644559545896792,5.250775624580913,3.929775212835213,3.4844040132478713,5.0723829999697045,18.990779299610956,77.07394220954488,111.65291599991178,133.704247,177.396337,0.0654490106544901,0.0
a61d9efe-07d6-4d4f-97a1-dac78498571c,P02,P02_S2,apple,P02_T39,39,2,I_G,0,1,1,16.684225186999356,16.684225186999356,6.6638169739999285,1.0057196699999622,7.801286488999722,1.2134020539997437,8.843,3.217,170,0,105.724496,246,15,0.06097560975609756,0,1.9615145509997092,1.9590687159998197,F:\sun\sunhan\消融实验数据\P02\P02_S2\G05_apple\R2\I_G_a61d9efe-07d6-4d4f-97a1-dac78498571c_summary.json,3.855282156685196,2.470554475788388,3.61186717689023,3.1345444878985322,8.843373697220638,5.1077412626109675,3.588531087196116,3.1573116968441894,5.071739999948477,19.098316200143,80.0663271202211,119.98366100033309,133.714316,196.42614909999986,0.0666928207140055,0.0
c4ec759f-1555-4d6f-aa74-16586f560b72,P02,P02_S2,apple,P02_T40,40,2,I_H,1,0,1,15.588034028000038,15.588034028000038,5.76923069500026,1.102789278000273,7.592194137999286,1.123819917000219,8.556,3.216,153,0,182.095331,230,17,0.07391304347826087,0,1.4693981959999292,1.4662368259996583,F:\sun\sunhan\消融实验数据\P02\P02_S2\G05_apple\R2\I_H_c4ec759f-1555-4d6f-aa74-16586f560b72_summary.json,3.532929713115432,1.906532951527984,3.746016087547776,3.016519906223674,8.556121831855744,5.405527789133634,3.7082647804591886,3.3181906574458835,5.0715369998215465,18.415282200476184,77.71144935999467,130.36449600076594,133.663427,179.299839,0.062782109150595,0.0
ec1d4971-cef8-44f7-b149-c8778f87af6b,P02,P02_S2,apple,P02_T37,37,2,I_H_G,1,1,1,13.830461432000448,13.830461432000448,6.196641600000476,1.096204815999954,5.407073767999464,1.1305412480005543,9.125,3.463,138,0,66.946691,110,50,0.45454545454545453,0,1.3245975220006585,1.3214718770004765,F:\sun\sunhan\消融实验数据\P02\P02_S2\G05_apple\R2\I_H_G_ec1d4971-cef8-44f7-b149-c8778f87af6b_summary.json,5.8480323029619985,2.825781507728168,6.0543705281122016,3.9190507029330033,9.124530240754156,6.120222193965433,4.021395972266363,3.439034953697883,5.0722290006888215,18.405996099272652,82.67898844974323,103.50205299982917,120.145569,171.627518,0.06155218554861731,0.0
ad04b8d4-e5d4-462d-a9e3-b855a17d997c,P02,P02_S2,scissors,P02_T44,44,1,I,0,0,1,17.01851203500064,17.01851203500064,3.921975594000287,2.6669167430000016,7.726142395000352,2.7034773029999997,6.594,3.597,139,0,75.602662,76,16,0.21052631578947367,0,0.5598063220004406,0.558521885999653,F:\sun\sunhan\消融实验数据\P02\P02_S2\G06_scissors\R1\I_ad04b8d4-e5d4-462d-a9e3-b855a17d997c_summary.json,3.6319166932989337,2.5341332243435994,6.594446565645379,3.438882592991777,6.5282755784606055,5.06640233845595,5.589715422354372,4.233593174961554,5.0700880001386395,6.4307384996027395,63.23414060034325,106.30805799974041,98.404071,134.367537,0.048080249048772054,0.0
104ab4eb-505b-42ca-9f91-b7914ea1d429,P02,P02_S2,scissors,P02_T41,41,1,I_G,0,1,1,14.313438944999689,14.313438944999689,5.140468904000045,1.7655507449999277,5.287501947999772,2.1199173479999445,7.907,3.422,130,0,134.369364,152,59,0.3881578947368421,0,1.1890261340004145,1.1868708600004538,F:\sun\sunhan\消融实验数据\P02\P02_S2\G06_scissors\R1\I_G_104ab4eb-505b-42ca-9f91-b7914ea1d429_summary.json,3.143359997802332,2.1681562366205007,6.2176314435983615,3.5127413862156702,7.06394648035446,5.381628218769895,7.90703374972257,5.306755697558508,5.071740000403224,8.748983800023789,77.60987857927836,109.04002900042542,133.533803,171.953255,0.05443886097152429,0.0
b51d3463-b19b-40c3-93c6-2dda0d068850,P02,P02_S2,scissors,P02_T43,43,1,I_H,1,0,1,16.513403722000476,16.513403722000476,3.852069546999701,2.416725650000444,7.392720580000059,2.8518879450002714,9.524,4.418,137,1148,133.799842,146,14,0.0958904109589041,0,0.7436616750001122,0.7415706669999054,F:\sun\sunhan\消融实验数据\P02\P02_S2\G06_scissors\R1\I_H_b51d3463-b19b-40c3-93c6-2dda0d068850_summary.json,6.100541221515599,2.905733152565987,7.570058601265521,5.955069253647033,9.524106504965111,5.381355592101068,6.909588845100176,5.500018907073955,5.070919999980106,7.317370800046788,72.9432107401863,140.65191699955903,133.675956,178.122993,0.050219941348973604,0.4208211143695015
bce6f9ab-2b6a-404b-9643-b99ca6a19d8f,P02,P02_S2,scissors,P02_T42,42,1,I_H_G,1,1,1,13.880080511000415,13.880080511000415,4.623982330999752,1.404748849000498,5.662662564000129,2.1886867670000356,7.503,3.512,129,421,100.746803,84,16,0.19047619047619047,0,1.0033331220001855,0.9941531049998957,F:\sun\sunhan\消融实验数据\P02\P02_S2\G06_scissors\R1\I_H_G_bce6f9ab-2b6a-404b-9643-b99ca6a19d8f_summary.json,3.691316509716386,2.3272906955911785,7.179888236348239,5.087536004991189,7.502739183586822,5.274161452723136,4.27222378779842,3.8950719052872573,5.071774000498408,18.21136410021605,76.1005275097341,106.4184099996055,111.607885,155.094765,0.05885036496350365,0.19206204379562045
df4d3f76-d4c5-41c1-ba6e-c17627d9b41a,P02,P02_S2,scissors,P02_T45,45,2,I,0,0,1,19.1745850289999,19.1745850289999,5.772445611999501,2.0512445109998225,8.453366308000113,2.897528598000463,8.085,3.738,167,0,187.961665,89,11,0.12359550561797752,0,1.5659562600003483,1.5622958989997642,F:\sun\sunhan\消融实验数据\P02\P02_S2\G06_scissors\R2\I_df4d3f76-d4c5-41c1-ba6e-c17627d9b41a_summary.json,3.7627812164490457,2.6026953843145963,3.1034502076768877,2.584475176455268,8.08531787107454,5.519385581602747,6.6892583283379805,4.9297769850034445,5.071116000181064,8.766449750100946,67.88930655041423,143.03172699965216,115.271483,142.665715,0.05366323907455013,0.0
9c9ccbf5-6504-4ea3-bad2-0405c4f03d55,P02,P02_S2,scissors,P02_T48,48,2,I_G,0,1,1,17.41657794099956,17.41657794099956,5.107626168999559,1.9897090490003393,8.119479936999596,2.199762786000065,6.701,3.445,160,0,66.765524,104,47,0.4519230769230769,0,1.389993265999692,1.3889783459999308,F:\sun\sunhan\消融实验数据\P02\P02_S2\G06_scissors\R2\I_G_9c9ccbf5-6504-4ea3-bad2-0405c4f03d55_summary.json,3.0562750499062292,2.238127140598943,4.544842045104712,2.95054651662955,6.701241903371325,5.069991841315244,4.905488895416902,4.173263444821447,5.071024000244506,17.301780800153008,75.15847095932273,105.90336500081321,82.854932,170.645553,0.05888847994111152,0.0
c0c843e8-4774-41ef-8572-0416ba5700e2,P02,P02_S2,scissors,P02_T46,46,2,I_H,1,0,1,17.181971285000145,17.181971285000145,4.699988215999838,2.508632056999886,7.193632626000181,2.7797183860002406,9.193,3.84,146,800,133.72612,129,73,0.5658914728682171,0,1.0033011890000125,1.0013272389996928,F:\sun\sunhan\消融实验数据\P02\P02_S2\G06_scissors\R2\I_H_c0c843e8-4774-41ef-8572-0416ba5700e2_summary.json,3.5522905094297053,2.522278514802001,5.542640527833011,2.658039604417093,7.108069235769998,5.3466818157938505,9.192546266484936,6.396050896359174,5.071020000286808,9.089886749961806,75.58674485048834,116.76494599942089,105.786498,158.736536,0.05203136136849608,0.2851033499643621
673adb70-8b2d-4efe-a330-8d7c59d6720d,P02,P02_S2,scissors,P02_T47,47,2,I_H_G,1,1,1,15.530383463999897,15.530383463999897,5.3715690999997605,1.4114928259996304,6.565248919000624,2.1820726189998823,7.044,3.278,146,403,133.662104,85,11,0.12941176470588237,0,1.2917578829992635,1.289300765999542,F:\sun\sunhan\消融实验数据\P02\P02_S2\G06_scissors\R2\I_H_G_673adb70-8b2d-4efe-a330-8d7c59d6720d_summary.json,2.7282542534447187,1.7890318352599508,6.089200120982977,3.132740704069983,7.043747301827496,5.291170371885597,4.950403123957289,4.608341586518345,5.07086600009643,13.364752000416047,77.68386675988928,108.61518499950762,82.056553,147.976695,0.05777601899485556,0.1594776414721013
f2eb00e4-fbf1-4c78-9ac9-b2f092f56a27,P03,P03_S1,scissors,P03_T04,4,1,I,0,0,1,22.155327342999954,22.155327342999954,6.041790212000706,2.1180388089996995,0.6368785080003363,13.358619813999212,7.007,3.36,148,0,67.035648,120,65,0.5416666666666666,0,0.5107876429992757,0.5069433329999811,F:\sun\sunhan\消融实验数据\P03\P03_S1\G01_scissors\R1\I_f2eb00e4-fbf1-4c78-9ac9-b2f092f56a27_summary.json,3.970045692710226,2.6430322103472754,4.028292684067044,2.805375337709941,7.00656746434769,5.133346707309405,5.216668149843441,3.9263786070902795,5.070573999546468,5.758903399510017,54.29555211980189,105.69287899943447,67.024904,133.895814,0.03786134561268867,0.0
4e544702-9e88-4aba-9abd-024bd90bd808,P03,P03_S1,scissors,P03_T01,1,1,I_G,0,1,1,14.269076409000263,14.269076409000263,4.904469652999978,1.7735047149999446,5.406894984000246,2.184207057000094,7.773,3.253,124,0,66.968841,82,33,0.4024390243902439,0,1.2374310330005756,1.233695644999898,F:\sun\sunhan\消融实验数据\P03\P03_S1\G01_scissors\R1\I_G_4e544702-9e88-4aba-9abd-024bd90bd808_summary.json,3.7089562098986377,2.308626514775875,5.6140109790947745,2.94922883721878,7.7730727956509975,5.083480536010788,7.0693447627247785,4.733134280918787,5.0711530002445215,9.005617400180105,76.37400308016359,107.38951400071528,67.114341,149.3545,0.05287846481876333,0.0
e7eff69c-25be-48c3-8057-c03849c8721f,P03,P03_S1,scissors,P03_T03,3,1,I_H,1,0,1,17.82960018599988,17.82960018599988,5.56009557499965,2.50365205900016,6.9171121099998345,2.848740442000235,7.05,3.343,140,337,136.551382,97,51,0.5257731958762887,0,1.230944154000099,1.229759897000804,F:\sun\sunhan\消融实验数据\P03\P03_S1\G01_scissors\R1\I_H_e7eff69c-25be-48c3-8057-c03849c8721f_summary.json,3.8028464117805028,2.6602815371826756,6.927638015441248,3.5704162740763983,7.049715587089801,4.850377955244749,5.3387783618316185,4.0559372406566645,5.0702209991868585,6.69149099940114,68.57108219974184,134.25596199977008,100.57525,139.31378,0.04728132387706856,0.1138129010469436
4dc58789-da6a-4ca8-8125-a4e96fb37e14,P03,P03_S1,scissors,P03_T02,2,1,I_H_G,1,1,1,14.5695496620001,14.5695496620001,5.068848464999974,1.3853116049995151,5.899608357000034,2.215781235000577,7.916,3.107,137,306,134.024365,104,37,0.3557692307692308,0,1.1036439330000576,1.1003135190003377,F:\sun\sunhan\消融实验数据\P03\P03_S1\G01_scissors\R1\I_H_G_4dc58789-da6a-4ca8-8125-a4e96fb37e14_summary.json,2.8689341767102428,1.9462160352057658,3.0144066419041673,1.9882897189480662,7.9157352591042764,5.385999122130623,4.4052096188655785,4.038419281810027,5.071152500022436,13.320058599765439,78.92180348994766,104.11483100051555,67.131822,145.285181,0.05805084745762712,0.12966101694915255
d37d3329-1ff6-4d04-afe4-073611567777,P03,P03_S1,scissors,P03_T05,5,2,I,0,0,1,17.081546094999794,17.081546094999794,5.029134201000488,2.4017824619995736,6.858977654000228,2.7916517779995047,6.354,3.204,141,0,66.9292,82,32,0.3902439024390244,0,0.8960079529997529,0.8933938030004356,F:\sun\sunhan\消融实验数据\P03\P03_S1\G01_scissors\R2\I_d37d3329-1ff6-4d04-afe4-073611567777_summary.json,3.7980755928595418,2.6527314063445915,2.166568827134272,1.8260197979959543,6.353732216106562,4.7619471152652935,5.615751058706695,4.348881587534993,5.070436999631056,7.355561400072477,69.49903928012647,105.18826599945896,67.050859,145.658785,0.04942166140904311,0.0
202d77b1-22f1-4455-8fd2-4136ad0cea55,P03,P03_S1,scissors,P03_T08,8,2,I_G,0,1,1,16.20761614999992,16.20761614999992,5.465325289000248,1.885513649999666,6.709228939000241,2.147548271999767,6.233,3.025,141,0,66.864018,116,56,0.4827586206896552,0,0.9690846220000822,0.9676884760001485,F:\sun\sunhan\消融实验数据\P03\P03_S1\G01_scissors\R2\I_G_202d77b1-22f1-4455-8fd2-4136ad0cea55_summary.json,3.6387353423013713,2.5868590502210305,4.290151840513782,1.7754459604319681,6.233174731310569,4.709983833934615,4.6107763063198615,3.977493690634257,5.071637000582996,8.34414670052866,68.7790650996612,136.44591999945987,77.604711,147.975564,0.053348467650397274,0.0
aed472a7-b848-491e-bc60-a6f2690a8249,P03,P03_S1,scissors,P03_T06,6,2,I_H,1,0,1,15.936204192000332,15.936204192000332,4.666046366000046,2.580883389000519,5.739711985999747,2.94956245100002,7.006,3.064,127,290,48.095532,40,3,0.075,0,0.7629475309995541,0.7611804099997244,F:\sun\sunhan\消融实验数据\P03\P03_S1\G01_scissors\R2\I_H_aed472a7-b848-491e-bc60-a6f2690a8249_summary.json,3.3483205269783007,2.3006284047810497,4.804305236662859,2.2643994705411337,7.00555390058731,4.85203107810292,5.4663598938678595,3.9543734224914013,5.0707360005617375,6.668654800159868,74.0329029197892,104.09603100015374,100.752559,174.644806,0.04787033546928006,0.10931021485111195
365dc04c-dae2-48a7-b92a-36e33547e9f7,P03,P03_S1,scissors,P03_T07,7,2,I_H_G,1,1,1,14.660110095999698,14.660110095999698,6.16190546299913,1.814258665000125,4.560068614000556,2.1238773539998874,7.692,3.345,135,351,159.138769,77,27,0.35064935064935066,0,0.9251542560004964,0.9221753159999935,F:\sun\sunhan\消融实验数据\P03\P03_S1\G01_scissors\R2\I_H_G_365dc04c-dae2-48a7-b92a-36e33547e9f7_summary.json,4.591124219945804,2.924474736743751,6.511617088753813,2.8672554400175834,7.692171487397355,5.523579457060976,3.9195949884920545,3.7085636972204785,5.071141999906104,19.158693000099404,75.37405148043067,126.71029800003453,77.864877,151.652603,0.05826499784203712,0.1514889943892965
8566d871-bd1c-4174-9e55-0961c89da0c1,P03,P03_S1,bottle,P03_T10,10,1,I,0,0,1,16.631135307000477,16.631135307000477,5.044653775999905,1.5712624530005996,8.057833676999508,1.9573854010004652,7.38,3.218,153,0,66.91609,104,59,0.5673076923076923,0,1.0931573170000775,1.0892311010002231,F:\sun\sunhan\消融实验数据\P03\P03_S1\G02_bottle\R1\I_8566d871-bd1c-4174-9e55-0961c89da0c1_summary.json,3.076885089194046,2.416273664100245,4.028437038144028,2.6193290296884815,7.379853570711186,4.81556029617059,6.074695753722041,3.516259612923868,5.072166500212916,11.822342500090588,78.18600750998485,105.28315499959717,104.448372,167.12708,0.05700447093889717,0.0
1cdeb735-e97e-4868-85bb-b224c5071079,P03,P03_S1,bottle,P03_T11,11,1,I_G,0,1,1,17.841150524000113,17.841150524000113,6.595001391000551,1.5739919499992538,7.650908887000696,2.0212482959996123,7.632,3.472,157,0,120.125958,126,53,0.42063492063492064,0,1.0249644369996531,1.0212601319999521,F:\sun\sunhan\消融实验数据\P03\P03_S1\G02_bottle\R1\I_G_1cdeb735-e97e-4868-85bb-b224c5071079_summary.json,3.5927522412861848,2.208437602101764,5.844683957269026,2.9784874617365085,7.631515532991769,5.381327721382367,6.084746838948593,4.416171262275877,5.071227500138775,12.948724800025659,77.8795019398422,122.37691600057587,67.059674,165.808646,0.056434219985621856,0.0
d946ffa9-9ed7-41bf-8434-bc993a1b2f9f,P03,P03_S1,bottle,P03_T12,12,1,I_H,1,0,1,15.222634828999617,15.222634828999617,5.221547353999995,1.5345621939995908,6.586243212000227,1.8802820689998043,7.822,3.189,134,56,57.496272,97,42,0.4329896907216495,0,1.3471114009998928,1.3447520979998444,F:\sun\sunhan\消融实验数据\P03\P03_S1\G02_bottle\R1\I_H_d946ffa9-9ed7-41bf-8434-bc993a1b2f9f_summary.json,3.147434722772022,2.0777793984573587,3.070832812231498,2.4521930206157467,7.821752549650749,5.416420460080189,5.732934633742899,3.9966875918379774,5.070628999419569,7.50049410007703,67.86025614028433,145.54845499969815,66.969634,146.372153,0.05124282982791587,0.02141491395793499
ce7ded7e-08b4-42b9-a09b-c8515c9ce802,P03,P03_S1,bottle,P03_T09,9,1,I_H_G,1,1,1,15.39948390400059,15.39948390400059,6.019429011000284,1.5783358540002155,5.939268578999872,1.8624504600002183,7.679,3.317,138,57,66.790965,91,36,0.3956043956043956,0,1.564793961999385,1.5642789079993236,F:\sun\sunhan\消融实验数据\P03\P03_S1\G02_bottle\R1\I_H_G_ce7ded7e-08b4-42b9-a09b-c8515c9ce802_summary.json,3.6517038954419307,2.4986619414060294,6.779007903995835,2.9929112573332497,7.679071723910098,5.344745281745244,5.201434367198766,3.843314432463725,5.071038000096451,8.752150999498554,72.70548280012005,105.44136699991213,77.51623,154.569923,0.05430932703659976,0.02243211334120425
d6c967c9-338f-4b6d-a16f-e93cb0d8b710,P03,P03_S1,bottle,P03_T15,15,2,I,0,0,1,16.234688006000397,16.234688006000397,6.6538745309999285,1.6962139639999805,6.0091346039998825,1.8754649070006053,7.308,2.966,147,0,66.939755,93,29,0.3118279569892473,0,1.254477759999645,1.250634920000266,F:\sun\sunhan\消融实验数据\P03\P03_S1\G02_bottle\R2\I_d6c967c9-338f-4b6d-a16f-e93cb0d8b710_summary.json,4.057034464510895,2.5390446982868036,6.964986729416827,2.605730724928251,7.307857673667376,4.940165203939804,4.69378653480577,3.830295105341016,5.070792499736854,13.944160250275672,75.05959850004729,106.66091699931712,79.038635,149.74248,0.05597867479055598,0.0
ec595e27-db35-480c-82fd-cd9b6fcc5832,P03,P03_S1,bottle,P03_T14,14,2,I_G,0,1,1,15.061372550999295,15.061372550999295,5.548087718999341,1.6160578200006057,5.981228858999202,1.915998153000146,7.693,2.773,141,0,68.714348,95,49,0.5157894736842106,0,1.7176519410004403,1.7137446540000383,F:\sun\sunhan\消融实验数据\P03\P03_S1\G02_bottle\R2\I_G_ec595e27-db35-480c-82fd-cd9b6fcc5832_summary.json,3.5994849347754543,2.039951963498333,2.8066561744197926,1.0980495226626668,7.692641385667562,5.011946052286483,4.758907707253706,3.711430116647765,5.071398999461962,13.363151400153544,69.63825655973774,105.95736100003705,72.635927,143.725312,0.057574520212331566,0.0
063371df-da59-4464-a530-5815a98c36d8,P03,P03_S1,bottle,P03_T13,13,2,I_H,1,0,1,14.713718738000352,14.713718738000352,4.999813956000253,1.632753662000141,6.105507092000153,1.975644027999806,7.493,3.203,132,18,139.541046,68,18,0.2647058823529412,0,1.0440214860000196,1.0429677530000845,F:\sun\sunhan\消融实验数据\P03\P03_S1\G02_bottle\R2\I_H_063371df-da59-4464-a530-5815a98c36d8_summary.json,3.2265169751347345,2.2550967335561705,5.940547505560739,2.6536603353277624,7.493372928922861,5.225829177886462,6.144243534233985,4.2680168872546504,5.071907999990799,9.531373650133855,70.30851360047564,129.6719949996259,76.804404,146.698671,0.054455445544554455,0.007425742574257425
83035859-b3ae-4743-8592-086c311c53cd,P03,P03_S1,bottle,P03_T16,16,2,I_H_G,1,1,1,15.145765613000549,15.145765613000549,4.697947698000462,1.7052711079995788,6.739405106000049,2.003141701000459,7.247,3.025,139,5,67.411765,104,50,0.4807692307692308,0,0.9362782769994737,0.9350228260000222,F:\sun\sunhan\消融实验数据\P03\P03_S1\G02_bottle\R2\I_H_G_83035859-b3ae-4743-8592-086c311c53cd_summary.json,2.6772573451408097,1.8407978056996104,3.8704070627707376,2.1892708946885304,7.247349646035733,4.998128130962677,3.9246349593666663,3.5807523137686674,5.0706410002021585,10.72885164967374,77.02205014001274,106.24594399996568,67.033459,170.479868,0.05573376102646351,0.002004811547714515
dea38009-f36d-4c7b-8c55-fe4284a56bb0,P03,P03_S1,mouse,P03_T17,17,1,I,0,0,1,16.35996199300007,16.35996199300007,6.067487661999621,1.242760740000449,7.379937871000038,1.6697757199999614,7.554,3.235,160,0,165.124744,119,49,0.4117647058823529,0,0.923746984999525,0.9226119459999609,F:\sun\sunhan\消融实验数据\P03\P03_S1\G03_mouse\R1\I_dea38009-f36d-4c7b-8c55-fe4284a56bb0_summary.json,4.682632893742188,2.821864983845948,2.9958041651714704,2.0469312570381213,7.554333234680792,5.129957365511041,4.917567470663281,3.995189067085648,5.070961999990686,20.161303649592707,81.22066302016725,106.7265559995576,100.486385,195.614189,0.06451612903225806,0.0
57288515-e5fb-4c6c-bf39-862817f12091,P03,P03_S1,mouse,P03_T20,20,1,I_G,0,1,1,13.967639780000354,13.967639780000354,6.074545778999891,1.1765368560008937,5.176399057999333,1.5401580870002363,7.56,3.106,130,0,89.521075,112,51,0.45535714285714285,0,1.027566303999265,1.0266006459996788,F:\sun\sunhan\消融实验数据\P03\P03_S1\G03_mouse\R1\I_G_57288515-e5fb-4c6c-bf39-862817f12091_summary.json,3.7961810650501437,2.5791256998412253,4.312762033665822,1.9601520224274491,7.560226209130327,4.970948396063833,6.450894840036521,4.7411396286376775,5.071116999715741,11.00418870028075,75.23836508014897,125.24917999962781,103.274224,159.26683,0.055674518201284794,0.0
d7ea65e2-83f7-49f1-af79-c0624744ba7a,P03,P03_S1,mouse,P03_T18,18,1,I_H,1,0,1,14.530369379000149,14.530369379000149,5.6360769200000504,1.387105251000321,5.876242647000254,1.6309445609995237,8.454,3.852,143,501,135.55939,93,23,0.24731182795698925,0,0.6736302680001245,0.6705152360000284,F:\sun\sunhan\消融实验数据\P03\P03_S1\G03_mouse\R1\I_H_d7ea65e2-83f7-49f1-af79-c0624744ba7a_summary.json,8.454132029736696,3.8645574780826335,7.36099445765999,3.384525295079421,7.882477252941011,5.825141987478607,4.145348994533846,3.675784864864776,5.07137300019167,18.398148399683244,84.01550493008467,104.43345499970746,133.630698,153.224594,0.06305114638447971,0.2208994708994709
8b60b793-c6b3-4f71-b5c6-1b282bcb0637,P03,P03_S1,mouse,P03_T19,19,1,I_H_G,1,1,1,15.536775053999918,15.536775053999918,6.529501299999538,1.1878545950003172,6.163309556999593,1.6561096020004697,7.447,3.454,147,505,133.682527,97,39,0.4020618556701031,0,1.2084490130000631,1.2081710370002838,F:\sun\sunhan\消融实验数据\P03\P03_S1\G03_mouse\R1\I_H_G_8b60b793-c6b3-4f71-b5c6-1b282bcb0637_summary.json,4.900977408720043,2.466631839751168,6.386724578463069,3.1948386797024004,7.446884694506905,5.521158319098566,4.321625560136089,4.083807965298735,5.0709650004137075,13.126871400163516,76.58041204011138,105.38338200058206,113.107521,150.380006,0.05920257752718486,0.20338300443012486
74114752-938f-4cba-83ac-8a50cffc1c62,P03,P03_S1,mouse,P03_T24,24,2,I,0,0,1,18.349546071000077,18.349546071000077,5.402782597000623,1.396053863999441,9.8309465250004,1.719763084999613,7.345,3.28,167,0,67.040176,97,41,0.422680412371134,0,0.8223738779997802,0.8216234699993947,F:\sun\sunhan\消融实验数据\P03\P03_S1\G03_mouse\R2\I_74114752-938f-4cba-83ac-8a50cffc1c62_summary.json,3.1709934595699423,2.413079153544414,2.1641579729375278,1.6750275522891793,7.3445555191803775,4.765792464659543,5.378942910510456,3.8365205511907656,5.071347000011883,9.579425000083575,69.78168479981832,104.43110300002445,67.009372,142.5575352,0.05639986491050321,0.0
519771b4-8e75-4fef-997e-21f536636208,P03,P03_S1,mouse,P03_T21,21,2,I_G,0,1,1,17.100358788999984,17.100358788999984,7.628192244999809,1.1794556750000993,6.704356709000422,1.5883541599996533,7.584,3.546,167,0,66.811931,138,80,0.5797101449275363,0,0.81441710999934,0.811607570999513,F:\sun\sunhan\消融实验数据\P03\P03_S1\G03_mouse\R2\I_G_519771b4-8e75-4fef-997e-21f536636208_summary.json,4.905847353069854,3.6285468145524287,3.5697855547895907,2.1294594249286276,7.58433387515054,5.2287623478865735,5.964507929792824,3.900989929825103,5.071358999884978,17.74138540040438,78.25279068019833,129.4955650000702,95.354166,145.721697,0.062197392923649904,0.0
7f3b84af-8e6e-40d5-a629-0a9da106590b,P03,P03_S1,mouse,P03_T23,23,2,I_H,1,0,1,16.886326307000672,16.886326307000672,7.1351008190003995,1.4132443400003467,6.207636197999818,2.130344950000108,7.613,3.27,148,414,133.777776,132,42,0.3181818181818182,0,1.1130266019999908,1.1111450739999782,F:\sun\sunhan\消融实验数据\P03\P03_S1\G03_mouse\R2\I_H_7f3b84af-8e6e-40d5-a629-0a9da106590b_summary.json,4.254307059063758,2.714770776396959,6.469138084439077,2.9276448793723353,7.613337691089202,5.161459837296025,5.504201806662731,4.178891877928118,5.071415999736928,9.584344549693922,75.40276130014718,106.97323400017922,133.777776,151.52995700000008,0.05339105339105339,0.14935064935064934
91a90958-e0a1-425d-be51-0d7a91f26347,P03,P03_S1,mouse,P03_T22,22,2,I_H_G,1,1,1,15.358496066999578,15.358496066999578,6.90580504799982,1.193590218999816,5.5918528199999855,1.6672479799999564,6.755,3.016,145,274,66.825339,131,64,0.48854961832061067,0,1.180544030999954,1.1770117010000831,F:\sun\sunhan\消融实验数据\P03\P03_S1\G03_mouse\R2\I_H_G_91a90958-e0a1-425d-be51-0d7a91f26347_summary.json,3.2079801186780115,2.2285849248667855,5.969595999567251,3.4918260202273115,6.75496136075732,4.747717855568907,6.114815923912552,4.193561564478838,5.070209499990597,13.413027050683006,69.00166743969721,105.42814900054509,122.359361,162.175883,0.058,0.1096
619a8a18-cc5a-42e1-b647-93c48c0efcfc,P03,P03_S2,cup,P03_T27,27,1,I,0,0,1,17.625377431000743,17.625377431000743,4.378055495000808,1.7388964039982966,9.214565236001363,2.2938602960002754,7.411,3.613,158,0,111.573753,59,36,0.6101694915254238,0,1.208385191999696,1.2054907819983782,F:\sun\sunhan\消融实验数据\P03\P03_S2\G04_cup\R1\I_619a8a18-cc5a-42e1-b647-93c48c0efcfc_summary.json,4.023505622036592,2.745351743768035,3.439301898127746,2.667111672808763,7.411030874189015,4.938246317865014,6.2512717101642385,4.521966465544879,5.071016000329109,14.427959400108897,75.84937071926103,105.54084900104499,111.573753,140.93964,0.056998556998557,0.0
901b28fe-be9d-46fd-9807-076e43012d70,P03,P03_S2,cup,P03_T26,26,1,I_G,0,1,1,14.387526398999398,14.387526398999398,4.698543679999602,1.612198754000019,6.177038462999917,1.8997455019998597,7.028,3.05,135,0,67.084161,90,47,0.5222222222222223,0,0.7428401799998028,0.7404762609994577,F:\sun\sunhan\消融实验数据\P03\P03_S2\G04_cup\R1\I_G_901b28fe-be9d-46fd-9807-076e43012d70_summary.json,3.7098955354975187,2.4141701930966653,3.482214451285291,2.560607851999634,7.0283674193774965,4.643646955077878,5.447815446777527,3.830000766818365,5.071075000159908,11.007249999920532,66.96288329981155,126.63124399932713,133.509432,147.927246,0.05541871921182266,0.0
3ddf42e2-40fd-478b-b8cf-1475e9e87b4e,P03,P03_S2,cup,P03_T25,25,1,I_H,1,0,1,14.490267897999729,14.490267897999729,5.104251216998819,1.7019113040005323,5.5697148729996115,2.1143905040007667,7.095,3.184,133,0,77.209228,59,15,0.2542372881355932,0,0.9520531520010991,0.949964536999687,F:\sun\sunhan\消融实验数据\P03\P03_S2\G04_cup\R1\I_H_3ddf42e2-40fd-478b-b8cf-1475e9e87b4e_summary.json,4.460099480040188,2.7777616893119705,2.4378008417776442,2.1916057178835384,7.095318242280269,5.120881514591101,4.549730814946496,4.011735404513833,5.071409500487789,12.286503049926957,77.44533052902645,144.02317999883962,77.209228,180.746584,0.05797733217088056,0.0
655c30ee-f20b-487d-9cfb-b60267b17ed9,P03,P03_S2,cup,P03_T28,28,1,I_H_G,1,1,1,17.213855739999417,17.213855739999417,6.678361337999377,1.8875767909994465,6.441700278999633,2.2062173320009606,7.681,3.384,159,27,66.83957,85,35,0.4117647058823529,0,1.2935528729994985,1.2901721729995188,F:\sun\sunhan\消融实验数据\P03\P03_S2\G04_cup\R1\I_H_G_655c30ee-f20b-487d-9cfb-b60267b17ed9_summary.json,3.9919508646129467,2.625949613205002,4.27670047803607,2.8499357704386945,7.681047860213691,5.212197364340271,6.210403525523875,4.429297517722674,5.070920000434853,18.388772000253017,62.01334076060434,104.69659100090212,49.945553,164.463496,0.056846621380050054,0.009653199856989631
2c3f75bb-f3f9-4d38-9850-ee48f03507cf,P03,P03_S2,cup,P03_T30,30,2,I,0,0,1,16.990227509999386,16.990227509999386,5.250245784000072,1.8529186770001616,7.782385312999395,2.1046777359997577,6.642,3.738,154,0,66.89597,62,18,0.2903225806451613,0,0.7696184179994816,0.7670630479997271,F:\sun\sunhan\消融实验数据\P03\P03_S2\G04_cup\R2\I_2c3f75bb-f3f9-4d38-9850-ee48f03507cf_summary.json,4.030463138710391,3.1322595618337763,4.406451088316389,3.485028253217009,6.638100992871036,4.626834591483795,6.642468740881753,5.569976705655996,5.07097799982148,8.876022700496824,71.23622935971044,122.3820479999631,194.722872,194.722872,0.055256548259777535,0.0
a749d540-5bdf-4383-9beb-24fb48d21f89,P03,P03_S2,cup,P03_T31,31,2,I_G,0,1,1,17.3469240480008,17.3469240480008,6.38864789299987,1.6257889510015957,7.363226062998365,1.9692611410009704,7.004,3.481,162,0,130.5096,119,53,0.44537815126050423,0,1.0427613020001445,1.0388939699987532,F:\sun\sunhan\消融实验数据\P03\P03_S2\G04_cup\R2\I_G_a749d540-5bdf-4383-9beb-24fb48d21f89_summary.json,4.65466449291643,2.94593989756373,4.904000019478135,4.224876649819152,7.003532474160751,4.745534492798836,5.671946259532234,3.695456445737841,5.070997000075295,15.807586899063548,69.87132633941647,104.77259899926139,109.942712,153.344366,0.057960644007155636,0.0
c8737d84-c8ed-4176-ac9e-d145751528f2,P03,P03_S2,cup,P03_T32,32,2,I_H,1,0,1,16.167198451999866,16.167198451999866,4.929834107999341,1.5900765180003873,7.685930841999834,1.9613569840003038,7.568,3.466,149,14,66.944293,76,37,0.4868421052631579,0,1.3005388290002884,1.2984262750005655,F:\sun\sunhan\消融实验数据\P03\P03_S2\G04_cup\R2\I_H_c8737d84-c8ed-4176-ac9e-d145751528f2_summary.json,4.114029385578042,2.8736201392670084,4.1795445789083265,2.786157957626774,7.567991877350685,4.859481711449875,5.545576455999108,4.390467766486454,5.070630999398418,12.189926000246487,76.87228099985077,116.90458500015666,85.4472,141.360808,0.05728565936178393,0.005382545174932718
1ff2f531-3384-4533-9cec-f0653037df31,P03,P03_S2,cup,P03_T29,29,2,I_H_G,1,1,1,13.193849635999868,13.193849635999868,4.374183564000305,1.6949818419998337,4.925309995999669,2.199374234000061,6.86,3.174,118,0,144.088346,64,28,0.4375,0,1.600214226999924,1.5964302130005308,F:\sun\sunhan\消融实验数据\P03\P03_S2\G04_cup\R2\I_H_G_1ff2f531-3384-4533-9cec-f0653037df31_summary.json,3.8034715961183085,2.3598358601444094,3.6979597637676433,2.7958644896737885,6.860492942161406,4.9892839962106565,6.132746433305624,4.3362919110470095,5.071192500508914,7.3656540502724965,66.05108556939722,104.13916200013773,144.088346,144.088346,0.05099394987035436,0.0
299e60cd-7cfb-441d-9b83-6786128ffff5,P03,P03_S2,banana,P03_T36,36,1,I,0,0,1,19.628757324000617,19.628757324000617,6.544038055000783,1.8014419079991058,9.057082917001026,2.2261944439997023,6.422,2.49,171,0,191.225068,125,8,0.064,0,2.162595235999106,2.160887277999791,F:\sun\sunhan\消融实验数据\P03\P03_S2\G05_banana\R1\I_299e60cd-7cfb-441d-9b83-6786128ffff5_summary.json,1.9861969879772365,1.2937573490508425,2.3040753333572193,1.890321650878679,6.421842994949956,4.280215744938741,4.422718165618409,3.1697485933193,5.0712969996311585,13.916289649387151,80.38402194957594,127.87069099977089,133.514716,150.292137,0.05588235294117647,0.0
b367e9ee-54a7-45c9-b2ab-6744d7f2448a,P03,P03_S2,banana,P03_T33,33,1,I_G,0,1,1,17.446343597999658,17.446343597999658,6.222997326000041,3.1383988989982754,4.781971758000509,3.3029756150008325,6.315,2.372,136,0,198.800137,181,15,0.08287292817679558,0,2.719020578000709,2.717762275999121,F:\sun\sunhan\消融实验数据\P03\P03_S2\G05_banana\R1\I_G_b367e9ee-54a7-45c9-b2ab-6744d7f2448a_summary.json,2.261261745681971,1.4064717358402223,2.5698883269710673,1.936702121518004,6.315329421222174,4.151309555686817,5.316918230068049,3.721337352597145,5.071166999186971,6.183855100516661,61.37043962880837,125.09663899982115,133.5293375,160.436584,0.045182724252491695,0.0
f23a5f42-0ef9-4417-8634-b2cba6918687,P03,P03_S2,banana,P03_T35,35,1,I_H,1,0,1,17.137042665999616,17.137042665999616,5.667815628999961,1.8726910999994288,7.427866885000185,2.168669052000041,6.367,2.545,148,0,92.630518,141,70,0.49645390070921985,0,0.8402329460004694,0.838486439000917,F:\sun\sunhan\消融实验数据\P03\P03_S2\G05_banana\R1\I_H_f23a5f42-0ef9-4417-8634-b2cba6918687_summary.json,2.8151369142198717,1.5821855730860945,1.7732700868808982,1.4592110683969666,6.366730218504908,4.1235878535176775,5.487349519812648,3.538331228319653,5.07188949995907,8.840689250519063,75.20169929985053,127.91920099880372,107.475704,166.008862,0.05350686912509038,0.0
1ef1eace-b13c-418b-af4a-74bf5fe8f1ca,P03,P03_S2,banana,P03_T34,34,1,I_H_G,1,1,1,16.2618596730008,16.2618596730008,4.292161220999333,3.2735629310009244,5.213822805000746,3.4823127159997966,6.505,2.553,119,0,133.767093,136,44,0.3235294117647059,0,1.4602553629993054,1.4598648249993857,F:\sun\sunhan\消融实验数据\P03\P03_S2\G05_banana\R1\I_H_G_1ef1eace-b13c-418b-af4a-74bf5fe8f1ca_summary.json,2.7226451164010737,1.712788109603835,2.369847527872431,1.277587232196684,6.504941851943611,4.501295621490749,5.401294221065975,3.5682405251491622,5.070602999694529,6.02460620102647,69.63227171952957,125.96426100026292,92.636057,147.976542,0.04153577661431065,0.0
fbc31484-f5a4-4145-9580-5b884dabbf9f,P03,P03_S2,banana,P03_T37,37,2,I,0,0,1,20.26940474100047,20.26940474100047,6.795622587000253,1.762072334999175,9.364792764001322,2.3469170549997216,5.965,2.631,177,0,216.547341,151,20,0.13245033112582782,0,1.8994959459996608,1.8962731510000594,F:\sun\sunhan\消融实验数据\P03\P03_S2\G05_banana\R2\I_fbc31484-f5a4-4145-9580-5b884dabbf9f_summary.json,1.9436966666886968,1.2906518329181305,2.2497635583404008,1.8012329688976363,5.964676696473116,4.233445124117189,3.819222049835704,3.4768028356888814,5.0706215006357525,8.941613248680369,67.98911569931101,107.1959130003961,136.547735,150.763192,0.05370145631067961,0.0
76a79977-f83f-4ef6-a532-896a021e15c9,P03,P03_S2,banana,P03_T40,40,2,I_G,0,1,1,18.409187159000794,18.409187159000794,5.571149593000882,3.2272609989995544,6.274297990999912,3.336478576000445,6.515,2.453,145,0,133.865011,153,8,0.05228758169934641,0,1.5683532260009088,1.5651124460000574,F:\sun\sunhan\消融实验数据\P03\P03_S2\G05_banana\R2\I_G_76a79977-f83f-4ef6-a532-896a021e15c9_summary.json,2.2741148314277604,1.3747918609459169,3.056853062758542,1.5281304714637385,6.515206320201593,4.032655788333211,5.6902202521414775,3.9326688687770632,5.070922499726294,6.783204700514032,67.21924768013164,143.56393500020204,133.663731,164.033677,0.04656390494540784,0.0
1bf9bb72-4cc6-454f-94b9-bf48a60d0d76,P03,P03_S2,banana,P03_T38,38,2,I_H,1,0,1,16.59497456200006,16.59497456200006,5.034447853999154,1.8157904600011534,7.581020360999901,2.163715886999853,6.21,2.561,150,0,134.619927,139,33,0.23741007194244604,0,1.1767615040007513,1.1755389110003307,F:\sun\sunhan\消融实验数据\P03\P03_S2\G05_banana\R2\I_H_1bf9bb72-4cc6-454f-94b9-bf48a60d0d76_summary.json,2.1787554254207153,1.5550805426955852,2.138809282890273,1.6287710253887604,6.2097649169198395,4.170089755503653,3.4412415027611973,3.145155805524919,5.070936000265647,10.519830999692122,62.14815771949307,141.3953240007686,109.728814,149.507853,0.05401512423478574,0.0
605e6015-e6d5-4871-8c9a-684aaa728293,P03,P03_S2,banana,P03_T39,39,2,I_H_G,1,1,1,17.985703833001025,17.985703833001025,5.648452282001017,3.1662844080001378,5.850786647999485,3.320180495000386,6.884,2.349,138,0,115.675488,126,3,0.023809523809523808,0,1.9461313049996534,1.9449261839999963,F:\sun\sunhan\消融实验数据\P03\P03_S2\G05_banana\R2\I_H_G_605e6015-e6d5-4871-8c9a-684aaa728293_summary.json,2.3215539441268946,1.4688976489733987,1.5715210777366562,1.1400154791704573,6.883638571088725,4.209355532043518,5.648603687389163,3.5971133044472823,5.070693499874324,6.380776950300057,63.461608739089584,119.95516299975861,66.984263,147.483969,0.04460245636716225,0.0
7f6fe6ed-b73e-4ab1-9ec3-1bb03d6e4b6d,P03,P03_S2,apple,P03_T42,42,1,I,0,0,1,17.480764492000162,17.480764492000162,6.7214856350001355,0.9625077519995102,8.700653931000488,1.0961171740000282,7.571,3.128,174,0,66.904596,250,86,0.344,0,1.843796660999942,1.840355422000357,F:\sun\sunhan\消融实验数据\P03\P03_S2\G06_apple\R1\I_7f6fe6ed-b73e-4ab1-9ec3-1bb03d6e4b6d_summary.json,3.8118928452279306,1.921621811204477,3.1870468687754463,2.9765812759616987,7.570535456522815,4.9728040224017365,4.120138084755283,3.6483883956759358,5.072604500128364,18.602220850152644,70.97912275132319,105.21095999865793,133.664471,180.6313576,0.06415929203539823,0.0
6250fce4-b35b-4a45-b51c-c73b5f9cd957,P03,P03_S2,apple,P03_T43,43,1,I_G,0,1,1,16.486401373000263,16.486401373000263,8.219550313000582,1.0858660089998011,5.99870285399993,1.1822821969999495,8.059,3.218,167,0,134.011695,252,101,0.4007936507936508,0,1.6989605179987848,1.697228148999784,F:\sun\sunhan\消融实验数据\P03\P03_S2\G06_apple\R1\I_G_6250fce4-b35b-4a45-b51c-c73b5f9cd957_summary.json,5.6510539496316,2.722387786057379,5.603878714048708,4.217842193604221,8.059220320588325,5.466262781602984,3.899915085754198,3.3705277679987455,5.0709650004137075,16.27887819995523,74.70149960056008,205.78472899978806,133.691773,161.670577,0.0654132393262828,0.0
f2f52dd1-28ea-483b-8d55-4883c0918074,P03,P03_S2,apple,P03_T44,44,1,I_H,1,0,1,17.30160259799959,17.30160259799959,7.264673244000733,1.0093509559992526,7.720973299999969,1.3066050979996362,7.67,3.287,168,0,134.307682,257,40,0.1556420233463035,0,0.7205723930001113,0.7164666850003414,F:\sun\sunhan\消融实验数据\P03\P03_S2\G06_apple\R1\I_H_f2f52dd1-28ea-483b-8d55-4883c0918074_summary.json,3.9088484711542244,2.1683388241506805,3.8711196692944663,2.987035458941109,7.669562936131063,5.267316571435491,4.293453874210388,3.8966333574887604,5.071436001344409,17.157853450135057,69.5597297206041,119.61109100047906,133.695714,173.169575,0.06158357771260997,0.0
f9a66b22-d303-4592-86b5-4eefd64398a7,P03,P03_S2,apple,P03_T41,41,1,I_H_G,1,1,1,12.706137978000697,12.706137978000697,5.7213991840017115,1.0162967479991494,4.896638479000103,1.0718035669997334,7.669,2.78,130,0,67.309164,159,56,0.3522012578616352,0,1.4947408320003888,1.4925063909995515,F:\sun\sunhan\消融实验数据\P03\P03_S2\G06_apple\R1\I_H_G_f9a66b22-d303-4592-86b5-4eefd64398a7_summary.json,2.703180741187182,1.633380649439104,3.0945149511820613,2.3006576298636077,7.66869462745386,5.5508999387604,3.342788503670672,3.1587473605846266,5.071526000392623,14.663621599902363,73.33460359965099,105.01684199880401,133.38972,187.122087,0.06235011990407674,0.0
683b7698-a320-4c0f-ada0-80791e6c9260,P03,P03_S2,apple,P03_T47,47,2,I,0,0,1,18.86943325899847,18.86943325899847,9.186997178998354,0.9620164010011649,7.445201843000177,1.2752178359987738,7.905,3.384,192,0,67.038428,282,112,0.3971631205673759,0,1.7682360250000784,1.7631010879995301,F:\sun\sunhan\消融实验数据\P03\P03_S2\G06_apple\R2\I_683b7698-a320-4c0f-ada0-80791e6c9260_summary.json,4.470310847188489,2.4325306585356907,4.266713555981862,3.627409304472196,7.905393908356242,5.81197925738818,4.303149872899734,3.606255238189158,5.071294999652309,24.440697999488975,81.9553609097056,105.26123699855816,133.666165,168.51406960000003,0.07053637031594416,0.0
916636c7-4991-4925-821c-b1dcca6beb9c,P03,P03_S2,apple,P03_T46,46,2,I_G,0,1,1,16.510575708000033,16.510575708000033,8.018873312999858,1.1597608030006086,5.97957272199892,1.352368870000646,7.841,2.733,165,0,67.002226,244,100,0.4098360655737705,0,1.385504107000088,1.3800748590001604,F:\sun\sunhan\消融实验数据\P03\P03_S2\G06_apple\R2\I_G_916636c7-4991-4925-821c-b1dcca6beb9c_summary.json,3.3469885963614616,2.1393691320818182,3.006792209302525,2.5041071427527677,7.8407018689693535,4.906225557428603,3.0910985175138004,2.716704759824605,5.071444998975494,12.629363998803429,68.37144819028242,112.31226199925004,133.688996,183.400459,0.061065877128053295,0.0
90b50af9-fa49-40ad-af8c-68b537d41fc5,P03,P03_S2,apple,P03_T45,45,2,I_H,1,0,1,15.243912329999148,15.243912329999148,6.90802807900036,1.0601443399991695,6.061913096000353,1.2138268149992655,7.823,2.583,155,0,67.130633,225,23,0.10222222222222223,0,1.3328380350012594,1.2598330400014675,F:\sun\sunhan\消融实验数据\P03\P03_S2\G06_apple\R2\I_H_90b50af9-fa49-40ad-af8c-68b537d41fc5_summary.json,2.6821747569042245,1.6933889295858933,3.012383256390262,1.6093688432168718,7.822963519646191,4.654632176519891,3.8136209206860747,3.2878600086706338,5.071375999250449,16.684572100712046,82.21788341972575,118.92433899993193,133.651804,168.277332,0.06581740976645435,0.0
0300a3c6-9d46-451e-b894-462f002f0689,P03,P03_S2,apple,P03_T48,48,2,I_H_G,1,1,1,13.44930024399946,13.44930024399946,5.9734758179984055,1.0444090040000447,5.355213223001556,1.0762021989994537,8.249,3.048,139,0,133.781648,202,15,0.07425742574257425,0,1.1921535190012946,1.1809790510014864,F:\sun\sunhan\消融实验数据\P03\P03_S2\G06_apple\R2\I_H_G_0300a3c6-9d46-451e-b894-462f002f0689_summary.json,3.1395183636265798,2.0325689662662936,4.59269436564622,2.6973381930381417,8.249401758220102,5.675398653599881,4.036980162802441,3.5401140354059546,5.071474000942544,15.80185359889566,59.76104395980654,105.38282999914372,133.623617,172.983873,0.060831509846827135,0.0
98133bc8-6194-473c-af3f-8615fba045ab,P04,P04_S1,banana,P04_T02,2,1,I,0,0,1,17.51030172799983,17.51030172799983,4.655827942000542,1.7411585469999409,8.865539683998577,2.2477755550007714,6.58,2.701,154,0,67.687655,72,12,0.16666666666666666,0,1.259381552999912,1.254932159999953,F:\sun\sunhan\消融实验数据\P04\P04_S1\G01_banana\R1\I_98133bc8-6194-473c-af3f-8615fba045ab_summary.json,2.2253057092406507,1.5349599555540128,1.83195213424951,1.285374824987557,6.580046229514623,4.264266170561315,4.737637593866992,3.201720361614307,5.070434999652207,8.266559199546426,72.39848411940321,106.5277599991532,146.890257,148.8523695,0.0535279805352798,0.0
088e2e41-7576-47d1-94f1-f48481b9c7b7,P04,P04_S1,banana,P04_T03,3,1,I_G,0,1,1,19.968735321999702,19.968735321999702,5.670733281000139,3.129355196999313,7.855642500000613,3.313004343999637,6.586,2.52,160,0,177.030468,165,56,0.3393939393939394,0,1.3177077269992878,1.3050606609995157,F:\sun\sunhan\消融实验数据\P04\P04_S1\G01_banana\R1\I_G_088e2e41-7576-47d1-94f1-f48481b9c7b7_summary.json,2.295286411655894,1.5297439089675477,2.1272839150932894,1.6215885140677455,6.586080880844531,3.8089052714559415,5.783346284482302,3.96142169013601,5.071005000900186,7.396801900722375,73.18256639981011,141.80975100134674,104.282042,176.634669,0.049352251696483655,0.0
5651d7c1-533f-4520-a165-81f4303c2d09,P04,P04_S1,banana,P04_T04,4,1,I_H,1,0,1,14.938748323000254,14.938748323000254,4.214963980999528,1.8428104970007553,6.686473493000449,2.1945003519995225,6.005,2.445,134,0,100.71693,143,64,0.44755244755244755,0,1.3427353610004502,1.3404251329993713,F:\sun\sunhan\消融实验数据\P04\P04_S1\G01_banana\R1\I_H_5651d7c1-533f-4520-a165-81f4303c2d09_summary.json,2.47153975739962,1.622091793996452,2.0409361676506927,1.6571688445976012,6.004963063274509,4.056390828236665,3.062353300275418,2.709674564807454,5.071874998975545,9.414343100433996,69.75876377906384,105.87472900078865,122.643714,150.65059059999965,0.053621448579431776,0.0
6d5dae6f-c919-41d0-9e87-5a373ab33d06,P04,P04_S1,banana,P04_T01,1,1,I_H_G,1,1,1,17.89012668900068,17.89012668900068,5.577136333000453,3.0969024379992334,5.855299983000805,3.3607879350001895,7.098,2.512,138,0,133.910272,157,44,0.2802547770700637,0,1.7262381529999402,1.7223671560004732,F:\sun\sunhan\消融实验数据\P04\P04_S1\G01_banana\R1\I_H_G_6d5dae6f-c919-41d0-9e87-5a373ab33d06_summary.json,2.379466322464855,1.524871252518987,2.470709798950835,1.4269745885195688,7.0978162991969045,4.543327732313206,5.7053250157348,4.033934730222801,5.070688999694539,6.147753700133764,59.966883979213954,113.60486100056733,100.642532,148.176889,0.04505386875612145,0.0
693864cd-74ac-4edd-8ea0-637a9f895d76,P04,P04_S1,banana,P04_T07,7,2,I,0,0,1,21.223351956999977,21.223351956999977,6.903786606999347,1.8059055510020698,10.396152053999685,2.117507744998875,6.643,2.464,194,0,66.901348,142,61,0.4295774647887324,0,1.6931921799987322,1.6914128870012064,F:\sun\sunhan\消融实验数据\P04\P04_S1\G01_banana\R2\I_693864cd-74ac-4edd-8ea0-637a9f895d76_summary.json,2.3243417054864617,1.4659420507085055,2.622997005425254,2.0390683122400053,6.642654063689959,3.815399305595279,5.175687146827512,3.3491054089155234,5.071606499768677,13.146243300070624,78.53429006121587,106.38362299869186,115.381515,164.016618,0.059290953545232276,0.0
51ab03cc-0f9c-423b-8e80-5d25c4c74873,P04,P04_S1,banana,P04_T06,6,2,I_G,0,1,1,18.813345274000312,18.813345274000312,6.784466701999918,3.1690411269992182,5.439527980001003,3.420309465000173,6.209,2.352,144,0,135.061648,118,0,0.0,0,1.7046979939987068,1.7034360229990853,F:\sun\sunhan\消融实验数据\P04\P04_S1\G01_banana\R2\I_G_51ab03cc-0f9c-423b-8e80-5d25c4c74873_summary.json,1.9324107110424298,1.3018782691824675,4.765529199249366,1.7073916636226758,6.208737363195762,4.3467086173458105,5.89582058160893,3.770966457752115,5.070825000075274,6.624273999477724,64.78983734043128,104.37950999948953,134.184617,147.204692,0.04524033930254477,0.0
17958b9b-d234-4679-9be3-09f39ff292b7,P04,P04_S1,banana,P04_T05,5,2,I_H,1,0,1,15.842570631999479,15.842570631999479,5.518828792000932,1.8295158759992773,6.3762335760002316,2.1179923879990383,6.398,2.376,141,0,139.233706,114,11,0.09649122807017543,0,1.5352667499992094,1.5318798159987637,F:\sun\sunhan\消融实验数据\P04\P04_S1\G01_banana\R2\I_H_17958b9b-d234-4679-9be3-09f39ff292b7_summary.json,1.9421746255955463,1.3917412615709928,1.810205665034735,1.1624777289837387,6.398251224034968,4.155846135226647,3.9099175406884124,3.2538074739874294,5.070258000159811,12.603117400703894,73.11005914023552,105.51764000047115,67.15806,170.707781,0.05586370839936609,0.0
b5a47ee8-8e27-4fe0-bf93-e764b48345bd,P04,P04_S1,banana,P04_T08,8,2,I_H_G,1,1,1,19.464739806997386,19.464739806997386,6.0163834919985675,3.3033244229991396,6.742378991999431,3.4026529000002483,6.229,2.306,144,0,67.670303,132,23,0.17424242424242425,0,1.5516738199985411,1.5478175059979549,F:\sun\sunhan\消融实验数据\P04\P04_S1\G01_banana\R2\I_H_G_b5a47ee8-8e27-4fe0-bf93-e764b48345bd_summary.json,2.3483439839177427,1.4075021985056697,4.577934307928289,1.588832605305405,6.229260876459377,4.153085147433745,3.5302201948899063,3.0778786561386013,5.070622501079924,6.362143500155071,69.58057750034641,105.19081399979768,126.755839,142.909882,0.044637321760694355,0.0
c166df10-2f38-4d70-826f-80b4e3f2a1f3,P04,P04_S1,bottle,P04_T09,9,1,I,0,0,1,16.897615275000135,16.897615275000135,7.430878936997033,1.6704476270024315,5.8608240989997284,1.935464612000942,6.926,3.095,154,0,51.050315,173,97,0.5606936416184971,0,1.628002629000548,1.6241454999981215,F:\sun\sunhan\消融实验数据\P04\P04_S1\G02_bottle\R1\I_c166df10-2f38-4d70-826f-80b4e3f2a1f3_summary.json,3.1433767989846024,2.036559152864427,6.761071326483047,3.4018421877961234,6.926409688330926,5.075979287318897,5.647603718038532,4.040899008732881,5.072033000033116,14.154937148486992,77.26767667059889,119.05267000111053,98.160917,167.271335,0.05789473684210526,0.0
d7c2ae4e-8446-4a0b-ba29-598d58996ccf,P04,P04_S1,bottle,P04_T12,12,1,I_G,0,1,1,14.012400296000123,14.012400296000123,4.328899806001573,1.6478089629999886,6.187067241000477,1.8486242859980848,6.923,3.346,133,0,65.299866,128,85,0.6640625,0,1.00649608599997,1.0060053359993617,F:\sun\sunhan\消融实验数据\P04\P04_S1\G02_bottle\R1\I_G_d7c2ae4e-8446-4a0b-ba29-598d58996ccf_summary.json,3.1858477107375256,2.4360338745017764,5.806252291945986,3.0558714661593056,6.922647357588957,5.1963885009505235,4.842984688973458,3.7242418333537133,5.070735001936555,16.402479000680604,84.29457636062585,115.99577900051372,133.540323,170.435568,0.05823117338003503,0.0
92b1832a-f340-4b70-850d-2bb68b639be9,P04,P04_S1,bottle,P04_T10,10,1,I_H,1,0,1,14.54072695099967,14.54072695099967,6.02925896799934,1.684662315001333,4.9600102019976475,1.8667954660013493,7.934,3.391,133,94,187.423264,119,54,0.453781512605042,0,0.734995823000645,0.7308183320019452,F:\sun\sunhan\消融实验数据\P04\P04_S1\G02_bottle\R1\I_H_92b1832a-f340-4b70-850d-2bb68b639be9_summary.json,3.278651058275632,2.1716894680852943,5.600102273975828,3.005244950399318,7.93359995212817,5.8617518542899285,5.2074554979029095,4.215019914183932,5.070962000900181,13.46743380054247,74.28297192091117,131.59885900313384,121.756058,195.590266,0.055952881783761045,0.03954564577198149
6fc25b1d-7329-4200-a09a-4083be7f73ae,P04,P04_S1,bottle,P04_T11,11,1,I_H_G,1,1,1,14.372885449000023,14.372885449000023,5.70930984000006,1.5220574310005759,5.266098712996609,1.8754194650027785,7.602,3.052,132,28,66.861196,128,65,0.5078125,0,1.6702050669991877,1.6662945229982142,F:\sun\sunhan\消融实验数据\P04\P04_S1\G02_bottle\R1\I_H_G_6fc25b1d-7329-4200-a09a-4083be7f73ae_summary.json,3.187822412244426,2.036652354960858,4.970514415546167,2.3120647029926773,7.602466577590061,5.1736006227961235,6.118256527109156,4.36903491686874,5.071685998700559,11.568839599931435,78.18177941095206,120.07462000110536,104.214449,180.302535,0.05527638190954774,0.011725293132328308
363b0de6-f1c7-4bfb-983f-76e7795ab47f,P04,P04_S1,bottle,P04_T16,16,2,I,0,0,1,18.27404306199969,18.27404306199969,6.42684725700019,1.5224825730001612,8.426419487001112,1.8982937449982273,7.23,3.123,163,0,73.708952,136,64,0.47058823529411764,0,2.4610168140025053,2.4591936569995596,F:\sun\sunhan\消融实验数据\P04\P04_S1\G02_bottle\R2\I_363b0de6-f1c7-4bfb-983f-76e7795ab47f_summary.json,3.4331283555087606,1.918746704962968,2.0177308065203623,1.5503202623097412,7.229505643744715,5.204846432947509,5.68160758075948,4.145247572895553,5.0710439991235035,9.24282950181801,73.68452707192786,104.68579499865882,74.933904,186.646964,0.05555555555555555,0.0
cf116209-298b-4e91-a7bd-6eb99492a1c5,P04,P04_S1,bottle,P04_T13,13,2,I_G,0,1,1,15.821701867000229,15.821701867000229,5.536860504998913,1.5330991410010029,6.74220726799831,2.009534953002003,7.168,3.366,148,0,80.659038,109,54,0.4954128440366973,0,0.9353137889993377,0.9338825640006689,F:\sun\sunhan\消融实验数据\P04\P04_S1\G02_bottle\R2\I_G_cf116209-298b-4e91-a7bd-6eb99492a1c5_summary.json,3.487044801868791,2.6431917727246494,5.692734354119763,2.4778888900285403,7.168151697903977,5.19914604096375,5.880238930151194,4.357162281787715,5.072075997304637,15.605352698184978,82.6550229999702,118.75795099695097,87.314328,192.740458,0.05970149253731343,0.0
5f73719a-0a17-481f-8a0e-fd78d8ff6565,P04,P04_S1,bottle,P04_T15,15,2,I_H,1,0,1,14.377663081999344,14.377663081999344,5.339642427999934,1.521099804998812,5.648857685999246,1.8680631630013522,6.924,2.952,132,0,53.85107,100,43,0.43,0,1.0617599149991293,1.05875182499949,F:\sun\sunhan\消融实验数据\P04\P04_S1\G02_bottle\R2\I_H_5f73719a-0a17-481f-8a0e-fd78d8ff6565_summary.json,3.5314540627183613,2.5617701562082793,5.065011974161337,2.665055986203465,6.9237292391470495,4.562544706291505,4.280709169982271,3.6060781242666016,5.070895498647587,9.38980015180278,76.74662690096773,105.64516299928073,120.91402,158.207197,0.05504587155963303,0.0
152fc900-0751-48af-b9e4-82416a58881b,P04,P04_S1,bottle,P04_T14,14,2,I_H_G,1,1,1,14.186880637000286,14.186880637000286,4.985569872998894,1.6565404690009018,5.742895078998117,1.8018752160023723,7.235,3.057,133,12,67.10328,86,38,0.4418604651162791,0,1.2864273359991785,1.282602589999442,F:\sun\sunhan\消融实验数据\P04\P04_S1\G02_bottle\R2\I_H_G_152fc900-0751-48af-b9e4-82416a58881b_summary.json,3.0569847646627277,2.1731850854760206,5.053078137410767,2.1450940498615094,7.234638143812806,4.982193184280466,4.936689740070497,3.701749017603245,5.070721001175116,10.383420298057882,68.32887186825232,137.3157150010229,67.10328,193.307036,0.05537052456286428,0.004995836802664446
882784d5-9951-4b7f-826b-156fde74630f,P04,P04_S1,scissors,P04_T19,19,1,I,0,0,1,19.5195914299984,19.5195914299984,5.9687879599987355,2.51491591499871,8.241000617999816,2.794886937001138,6.538,3.276,169,0,199.403264,136,43,0.3161764705882353,0,0.8920154410006944,0.8879473230008443,F:\sun\sunhan\消融实验数据\P04\P04_S1\G03_scissors\R1\I_882784d5-9951-4b7f-826b-156fde74630f_summary.json,3.6186348177423735,2.38439828602425,4.341465070631168,1.7184887027017355,6.538239200782968,4.767068885651194,6.315091819144417,5.438498622310839,5.070413999419543,9.40598725082964,72.92864819810342,129.7861909988569,67.005289,157.378236,0.05423620025673941,0.0
f5653ef3-f8c0-4033-aa68-ef7a9ed9a0f0,P04,P04_S1,scissors,P04_T18,18,1,I_G,0,1,1,15.588756191002176,15.588756191002176,4.613830801001313,1.6987077929989027,7.127790231999825,2.148427365002135,6.288,3.052,139,0,70.950968,93,54,0.5806451612903226,0,0.7984322669981339,0.7974042499990901,F:\sun\sunhan\消融实验数据\P04\P04_S1\G03_scissors\R1\I_G_f5653ef3-f8c0-4033-aa68-ef7a9ed9a0f0_summary.json,3.3071921208001127,2.26453335916905,2.800203864513667,1.8045788554099809,6.287557460166849,4.716065849789727,4.991946856546902,3.985406291902498,5.071069997939048,9.913317599784735,78.63062246135073,127.22797499736771,112.334241,204.040759,0.05483234714003945,0.0
3351af37-b2e5-49cc-b677-8e2bae916125,P04,P04_S1,scissors,P04_T17,17,1,I_H,1,0,1,15.168737227002566,15.168737227002566,5.141800813002192,2.61490128999867,4.586420896001073,2.8256142280006316,6.552,2.878,120,233,86.843776,98,27,0.2755102040816326,0,0.7925554450011987,0.78857372299899,F:\sun\sunhan\消融实验数据\P04\P04_S1\G03_scissors\R1\I_H_3351af37-b2e5-49cc-b677-8e2bae916125_summary.json,3.5264122602819263,2.304434577406849,6.147481358318459,2.666104375232952,6.551717750172062,4.82532159378044,4.650423478380744,3.9285891666874875,5.070441000498249,6.789037801354391,66.66192005199274,137.28953799727606,133.652834,161.646699,0.046475600309837335,0.09024012393493416
f8f91173-e79e-48f2-b469-0ef54765f3ad,P04,P04_S1,scissors,P04_T20,20,1,I_H_G,1,1,1,15.00370833299894,15.00370833299894,5.240322804998868,1.7550922660011565,5.777344316000381,2.2309489459985343,6.634,3.046,134,227,67.413452,98,42,0.42857142857142855,0,0.8205895209976006,0.820153937998839,F:\sun\sunhan\消融实验数据\P04\P04_S1\G03_scissors\R1\I_H_G_f8f91173-e79e-48f2-b469-0ef54765f3ad_summary.json,2.8568731631683417,2.011647683755624,5.526689796303408,3.323017146265099,6.633795686430791,4.8074983118407255,4.193258791085977,3.75056672706129,5.0709805018414045,7.830226451005749,73.78408611912164,104.90001300058793,67.061824,162.466884,0.05300632911392405,0.08979430379746836
b854f74e-e35c-450a-8a42-0c2b8017c74f,P04,P04_S1,scissors,P04_T22,22,2,I,0,0,1,17.00111126000047,17.00111126000047,5.388187898002798,2.4871576519981318,6.342800408001494,2.782965301998047,6.385,3.192,142,0,134.454309,126,47,0.373015873015873,0,0.7739279140005237,0.7703216620029707,F:\sun\sunhan\消融实验数据\P04\P04_S1\G03_scissors\R2\I_b854f74e-e35c-450a-8a42-0c2b8017c74f_summary.json,3.8836387458238586,2.823458292380253,5.545338460597144,2.365944212787429,6.38518020222633,4.654794500904451,5.966217003543437,3.942000776049738,5.069801502031623,6.873004500266686,65.46107777910937,106.20080700027756,133.779753,213.86127,0.04944289693593315,0.0
ebf9f760-63f9-4486-94c6-32474e16544b,P04,P04_S1,scissors,P04_T23,23,2,I_G,0,1,1,15.776521071002207,15.776521071002207,5.013236124999821,1.774423671002296,6.84238939900024,2.1464718759998505,6.503,3.091,138,0,146.901612,82,20,0.24390243902439024,0,0.91106070800015,0.9075930289982352,F:\sun\sunhan\消融实验数据\P04\P04_S1\G03_scissors\R2\I_G_ebf9f760-63f9-4486-94c6-32474e16544b_summary.json,3.412852165063446,2.2821145063962747,4.196813851390097,2.22245992329148,6.503388195801535,4.876274716583507,5.045088221444139,4.0983110191565135,5.07148599899665,7.6307169525535095,72.19919314851721,104.66731000269647,67.159922,221.862592,0.05291411042944785,0.0
8ff8f767-07d7-410d-bf5e-eb77accbd37c,P04,P04_S1,scissors,P04_T24,24,2,I_H,1,0,1,19.358431641998322,19.358431641998322,5.240728458997182,6.641829806001624,,12.0579261089988,6.79,3.067,123,179,147.346572,152,76,0.5,0,0.7711231649991532,0.7685214719967917,F:\sun\sunhan\消融实验数据\P04\P04_S1\G03_scissors\R2\I_H_8ff8f767-07d7-410d-bf5e-eb77accbd37c_summary.json,3.5599988546572376,2.5641542934348047,3.5883828453591815,2.8870098798934363,6.790102644771158,4.834402815096393,4.348718470800272,3.506233113066795,5.071086001407821,5.758977599907665,61.034840219217514,123.44597699848237,67.090035,186.195303,0.03622974963181149,0.05272459499263623
bf02b779-93fc-4479-a936-2dc1e47d9c5c,P04,P04_S1,scissors,P04_T21,21,2,I_H_G,1,1,1,13.060387470002752,13.060387470002752,4.022469753999758,1.835280209001212,5.028919825999765,2.1737176810020173,7.109,3.35,116,320,206.788489,106,54,0.5094339622641509,0,0.8682887089998985,0.862477549999312,F:\sun\sunhan\消融实验数据\P04\P04_S1\G03_scissors\R2\I_H_G_bf02b779-93fc-4479-a936-2dc1e47d9c5c_summary.json,4.034712744483554,2.842056038788881,6.288740706547982,3.170204702805789,7.108635958835282,5.12412862796053,4.224837040852889,3.803885809991055,5.070591998446616,7.526843500272662,72.53895110061404,115.84128400136251,69.855734,291.742729,0.05119152691968226,0.1412180052956752
35593553-b384-4bac-8c0f-b83a3a339b9c,P04,P04_S2,mouse,P04_T28,28,1,I,0,0,1,16.729588459998922,16.729588459998922,6.576278884000203,1.4136966890000622,7.1056089000012435,1.6340039869974134,6.939,2.912,155,0,95.280519,168,108,0.6428571428571429,0,0.8061633549987164,0.8027782369972556,F:\sun\sunhan\消融实验数据\P04\P04_S2\G04_mouse\R1\I_35593553-b384-4bac-8c0f-b83a3a339b9c_summary.json,3.5985934415526586,2.514589422622379,4.713391467561528,2.76892798597893,6.938970711516836,4.5201692362895685,4.561082601308829,3.4784880033304653,5.070874001830816,11.357871000655038,74.24153164072764,127.17015800080844,133.524459,222.594655,0.05886821116597037,0.0
f9c2dbb7-e87d-4dd1-aea1-9e822fc6589f,P04,P04_S2,mouse,P04_T25,25,1,I_G,0,1,1,15.150634305002313,15.150634305002313,5.764204971001163,1.1038892300020962,6.6876521189988125,1.5948879850002413,7.144,3.312,149,0,117.42238,147,88,0.5986394557823129,0,1.1766526179999346,1.172545686000376,F:\sun\sunhan\消融实验数据\P04\P04_S2\G04_mouse\R1\I_G_f9c2dbb7-e87d-4dd1-aea1-9e822fc6589f_summary.json,3.947223924356297,2.7761493359180442,3.648932527424028,2.661037490754138,7.144367235879511,4.785654615994198,4.812493344099652,4.564061905025303,5.071699999461998,12.232697500621725,73.19876809924608,104.89047399823903,133.604912,190.12664,0.06066775244299674,0.0
37348138-b821-42b5-9c56-2a0f91f6eccb,P04,P04_S2,mouse,P04_T27,27,1,I_H,1,0,1,15.400236417000997,15.400236417000997,5.796939771000325,1.3045069239997247,6.6307726230006665,1.6680170990002807,6.884,3.369,148,434,67.010742,131,86,0.6564885496183206,0,0.8326488940001582,0.8294687140005408,F:\sun\sunhan\消融实验数据\P04\P04_S2\G04_mouse\R1\I_H_37348138-b821-42b5-9c56-2a0f91f6eccb_summary.json,4.039095700811262,2.809194041683212,6.088201361595772,2.7192689002099226,6.8840625145486145,4.890023213151341,6.306783853169264,5.456598484977321,5.071204499472515,17.607271699307407,71.62500955808292,104.77465800067876,88.260246,174.890056,0.0592,0.1736
c27e1cf0-d0e9-4b37-8977-9a413c112857,P04,P04_S2,mouse,P04_T26,26,1,I_H_G,1,1,1,13.172910821998812,13.172910821998812,5.408901370999956,1.2696437580016209,4.9751146439994045,1.5192510489978304,7.178,3.472,130,261,134.598985,112,60,0.5357142857142857,0,0.7297588399997039,0.7265621549995558,F:\sun\sunhan\消融实验数据\P04\P04_S2\G04_mouse\R1\I_H_G_c27e1cf0-d0e9-4b37-8977-9a413c112857_summary.json,4.396501772728877,3.404192144230232,5.813013733229706,3.8616495366667927,7.178162891660894,5.036429433261175,4.288002705546838,4.021974257025245,5.07103299969458,19.46629490048508,79.87398561999719,105.80973600008292,67.071137,157.211929,0.06193425440686041,0.12434492615531205
a66fc65e-c4b3-42b6-9549-f5db968f89e6,P04,P04_S2,mouse,P04_T29,29,2,I,0,0,1,17.942796352002915,17.942796352002915,6.712093810001534,1.331787308001367,8.331436735999887,1.5674784980001277,6.799,3.212,169,0,67.186567,177,108,0.6101694915254238,0,1.3449384809973708,1.3428531869976723,F:\sun\sunhan\消融实验数据\P04\P04_S2\G04_mouse\R2\I_a66fc65e-c4b3-42b6-9549-f5db968f89e6_summary.json,3.6226252731126967,2.543224552840123,4.334291485322453,2.315754450292158,6.798837198777249,4.698914313817449,5.914131525426648,3.9942007587441823,5.0710190007521305,18.548799199197678,78.68461708058021,140.18307800142793,112.095449,174.339197,0.06229266494655363,0.0
8fe0de1c-be6b-4338-956b-c82e00f475e8,P04,P04_S2,mouse,P04_T32,32,2,I_G,0,1,1,16.646194203996856,16.646194203996856,4.640391200999147,1.1412021949981863,9.369287726000039,1.495313081999484,7.769,3.817,167,0,66.913329,111,59,0.5315315315315315,0,0.7795852670024033,0.7755999290020554,F:\sun\sunhan\消融实验数据\P04\P04_S2\G04_mouse\R2\I_G_8fe0de1c-be6b-4338-956b-c82e00f475e8_summary.json,3.8554653115139503,2.784758584349004,3.222457099521643,2.8954260547673947,7.502758067190338,4.885461853077869,7.76892742223594,6.887770403233536,5.070646999229211,28.800272000808036,81.41790800073068,105.95205999925383,100.356718,168.23331174999984,0.06955435235318617,0.0
f624e222-0f04-4e7c-b8ba-e141839963ed,P04,P04_S2,mouse,P04_T30,30,2,I_H,1,0,1,16.186083652999514,16.186083652999514,5.7135814530010975,1.4051767429991742,7.396548292999796,1.6707771639994462,6.74,2.858,153,193,101.656695,106,49,0.46226415094339623,0,1.0747297649977554,1.071933106999495,F:\sun\sunhan\消融实验数据\P04\P04_S2\G04_mouse\R2\I_H_f624e222-0f04-4e7c-b8ba-e141839963ed_summary.json,3.9307108434466325,2.671502668025603,4.275344479352849,1.86042204171747,6.739751791700895,4.424352103680007,4.2814768878513805,2.9969282321962476,5.070987501312629,16.36026670093998,74.6767441084376,114.85982000158401,133.687272,198.196204,0.05911901081916538,0.07457496136012365
8f3480ad-aa50-44d8-8531-1219c4cdbf2a,P04,P04_S2,mouse,P04_T31,31,2,I_H_G,1,1,1,15.45229621999897,15.45229621999897,6.676816434999637,1.2766592469997704,5.829146493997541,1.6696740440020221,7.202,3.143,151,304,66.979027,111,59,0.5315315315315315,0,1.0164638679998461,1.0141935120009293,F:\sun\sunhan\消融实验数据\P04\P04_S2\G04_mouse\R2\I_H_G_8f3480ad-aa50-44d8-8531-1219c4cdbf2a_summary.json,4.252615110789027,2.778277906652828,6.317416144913178,3.1783488767936627,7.202081125534261,5.097537578290723,4.278576584876538,3.3552806543727622,5.07154799925047,23.348418600653503,86.10263797811054,108.9781420014333,90.206321,172.170742,0.0645575032064985,0.12997007268063274
b6725ea9-54a3-4912-9a10-64c2c7948979,P04,P04_S2,cup,P04_T34,34,1,I,0,0,1,16.157536082999286,16.157536082999286,5.932685521998792,1.8072980050019396,6.167792668999027,2.2497598869995272,6.354,2.995,139,0,110.509963,86,37,0.43023255813953487,0,1.253175113000907,1.2420740010020381,F:\sun\sunhan\消融实验数据\P04\P04_S2\G05_cup\R1\I_b6725ea9-54a3-4912-9a10-64c2c7948979_summary.json,4.305790957764181,2.724305482153697,2.586279620659491,1.6593137940025517,6.3537119892456895,4.596910430736183,5.557148607294046,3.9697161729447408,5.0711379990389105,9.23076820108687,71.25917572164313,116.09281699929852,110.509963,149.915281,0.05287181437809053,0.0
96982e4a-b146-4b4f-877a-ef71e26729ba,P04,P04_S2,cup,P04_T35,35,1,I_G,0,1,1,15.061525519999122,15.061525519999122,5.808251680999092,1.7176576499987277,5.537008635001257,1.9986075540000456,6.6,3.358,131,0,174.485205,77,41,0.5324675324675324,0,0.7352743830015243,0.732456504003494,F:\sun\sunhan\消融实验数据\P04\P04_S2\G05_cup\R1\I_G_96982e4a-b146-4b4f-877a-ef71e26729ba_summary.json,4.356122547224684,2.8242685036545745,5.325785515185327,3.6407295774105237,6.600282010214356,4.766367749333079,4.28296498884437,3.988177559805108,5.070777999208076,8.887230098844144,73.78258316064566,135.01132700184826,133.764409,174.485205,0.052843888664784185,0.0
e53dba01-b02e-4aac-949b-d1ef5b05b3c2,P04,P04_S2,cup,P04_T36,36,1,I_H,1,0,1,14.747382576999371,14.747382576999371,4.9165291329991305,1.604253362002055,6.248455113000091,1.9781449689980946,6.589,3.38,137,0,66.799574,64,9,0.140625,0,1.0949599700034014,1.0910755740005698,F:\sun\sunhan\消融实验数据\P04\P04_S2\G05_cup\R1\I_H_e53dba01-b02e-4aac-949b-d1ef5b05b3c2_summary.json,4.898614816037717,3.100851985207834,4.2571839139702945,3.4963081451802935,6.588931461204739,4.6215472176032355,5.189863353975012,3.5074345964559663,5.071168001450133,9.15012245004621,69.12051307113876,113.11424099767464,149.523784,149.523784,0.05419303797468354,0.0
06f66ff9-c7d6-4ec4-801d-44082da3e955,P04,P04_S2,cup,P04_T33,33,1,I_H_G,1,1,1,14.177831906999927,14.177831906999927,5.295098394999513,1.6220910480005841,5.371494539998821,1.8891479240010085,6.767,3.284,134,0,127.350045,81,37,0.4567901234567901,0,0.7919167260006361,0.7891292810018058,F:\sun\sunhan\消融实验数据\P04\P04_S2\G05_cup\R1\I_H_G_06f66ff9-c7d6-4ec4-801d-44082da3e955_summary.json,4.0800219420929515,2.4464456056496706,5.828396500581991,3.6940468374691138,6.766568676095835,4.785789506218964,5.809283820776535,4.324318539735183,5.072061499959091,10.921489499196468,75.93007344876224,119.27455499971984,139.716358,168.201275,0.056876061120543296,0.0
83b068f2-f38b-497b-8350-9b29e4c40fac,P04,P04_S2,cup,P04_T39,39,2,I,0,0,1,19.695008196002163,19.695008196002163,7.455792188000487,1.689145959000598,8.382471674001863,2.1675983749992156,7.288,3.112,172,0,66.996715,114,68,0.5964912280701754,0,1.0625762740019127,1.0592889840008866,F:\sun\sunhan\消融实验数据\P04\P04_S2\G05_cup\R2\I_83b068f2-f38b-497b-8350-9b29e4c40fac_summary.json,3.792292770876066,2.584642528314283,3.2541857891685173,2.1175701142378736,7.2882288575053416,4.6195481863464805,6.005907640496611,3.8507980547449576,5.0711369985947385,13.219297599425754,78.24786111901633,171.83114900035434,95.78564,171.759265,0.0553232550659376,0.0
6e334313-75e2-4877-841a-7d63992e8906,P04,P04_S2,cup,P04_T38,38,2,I_G,0,1,1,15.848467987998447,15.848467987998447,4.605721176998486,1.895753593002155,7.10495601099683,2.242037207000976,7.061,3.442,138,0,66.883762,56,24,0.42857142857142855,0,0.7909658579992538,0.7873456939996686,F:\sun\sunhan\消融实验数据\P04\P04_S2\G05_cup\R2\I_G_6e334313-75e2-4877-841a-7d63992e8906_summary.json,4.533934256989678,3.2794159096007154,3.5758692787446056,2.5351990076177136,7.060850363140889,4.737375060800362,5.4447733519296735,4.093654945349455,5.070975003036438,9.016419300314748,78.00265828052963,105.01023899996653,59.396014,146.363174,0.054696789536266346,0.0
18ac10bb-9ca2-45be-b218-f75bb419a0c6,P04,P04_S2,cup,P04_T37,37,2,I_H,1,0,1,14.374454011001944,14.374454011001944,4.807857186002366,1.8760819189992617,5.475884267998481,2.214630638001836,6.926,3.183,131,0,66.936857,71,29,0.4084507042253521,0,1.3167624210000213,1.3162752680000267,F:\sun\sunhan\消融实验数据\P04\P04_S2\G05_cup\R2\I_H_18ac10bb-9ca2-45be-b218-f75bb419a0c6_summary.json,3.824002109760811,2.9529772051492067,6.0991177940680625,2.9441078522389796,6.926365568195959,4.492467699000433,5.479216754327095,3.73698354502803,5.070696999609936,9.020474602584729,65.07188123876392,120.07553500006907,66.8889,153.063425,0.053622595169873104,0.0
65b12c1b-49bb-4795-a438-4abd555b4366,P04,P04_S2,cup,P04_T40,40,2,I_H_G,1,1,1,15.08590837200245,15.08590837200245,5.306823409002391,1.7996482929993363,5.853194968000025,2.126241702000698,6.189,3.048,127,0,67.197722,53,15,0.2830188679245283,0,1.4858609500006423,1.4827460260021326,F:\sun\sunhan\消融实验数据\P04\P04_S2\G05_cup\R2\I_H_G_65b12c1b-49bb-4795-a438-4abd555b4366_summary.json,3.5557098333083066,2.631117077758716,3.6905208779462244,2.6606456129222074,6.189393447860788,4.4427064646712715,4.878599784384532,3.4943634627358096,5.070373499620473,7.07252940028408,71.73466852986162,127.46078000054695,87.380451,140.739258,0.05035685963521015,0.0
b3aafcd4-8b9b-46bb-a090-812872cd87c4,P04,P04_S2,apple,P04_T41,41,1,I,0,0,1,15.853809953001473,15.853809953001473,6.717554881000979,1.1593516069988254,6.639989549999882,1.3369139150017872,7.406,2.77,163,0,158.784115,241,26,0.1078838174273859,0,2.5559081850005896,2.0182430599998042,F:\sun\sunhan\消融实验数据\P04\P04_S2\G06_apple\R1\I_b3aafcd4-8b9b-46bb-a090-812872cd87c4_summary.json,3.6670439092939855,2.279101736751726,2.776385880256592,2.385453237496373,7.405571730718368,4.819782251505972,3.4025021770153785,3.109403171963774,5.071877998489072,19.44591600113199,70.54621724819299,101.50816399982432,133.707174,180.84587230000008,0.06327639751552795,0.0
5eb72b4a-ffd4-4fd6-bd12-0894cde0ca0f,P04,P04_S2,apple,P04_T44,44,1,I_G,0,1,1,12.679655732001265,12.679655732001265,5.186368441001832,1.1456861949991435,4.984791447001044,1.3628096489992458,7.888,3.113,132,0,140.185212,189,45,0.23809523809523808,0,1.3959597499997471,1.3927281989999756,F:\sun\sunhan\消融实验数据\P04\P04_S2\G06_apple\R1\I_G_5eb72b4a-ffd4-4fd6-bd12-0894cde0ca0f_summary.json,3.526122496692909,2.2881727581057874,3.5469707355924336,2.8931565747867243,7.888143893627087,5.808266088408237,3.8003382117597937,3.206995124221429,5.072040499726427,21.176993700646555,87.59456720155866,109.18304100050591,133.726878,177.100271,0.06769230769230769,0.0
0fb5c64d-f80d-40fc-8761-acb85486b4b9,P04,P04_S2,apple,P04_T42,42,1,I_H,1,0,1,16.63908965399969,16.63908965399969,6.236426987998129,0.9981401719996938,8.212319058002322,1.192203435999545,7.78,3.072,164,0,134.279263,254,60,0.23622047244094488,0,2.542339940999227,2.0747700389983947,F:\sun\sunhan\消融实验数据\P04\P04_S2\G06_apple\R1\I_H_0fb5c64d-f80d-40fc-8761-acb85486b4b9_summary.json,2.7137674172658355,1.7593127239381976,3.8672814727057654,3.0008072229314893,7.779655282449399,5.217496860325915,3.9949085579018706,3.5317878670331337,5.071701998531353,18.766416998914792,86.51591599846142,114.28744299701066,133.693226,183.526031,0.06428851430811447,0.0
9f3a70bf-e263-4656-8cb5-e6c9d4ee23eb,P04,P04_S2,apple,P04_T43,43,1,I_H_G,1,1,1,14.112928589001967,14.112928589001967,6.075213549000182,1.1207206709987076,5.4734441630025685,1.4435502060005092,7.819,2.952,142,0,134.511146,215,39,0.1813953488372093,0,1.4452484809989983,1.4407764339994173,F:\sun\sunhan\消融实验数据\P04\P04_S2\G06_apple\R1\I_H_G_9f3a70bf-e263-4656-8cb5-e6c9d4ee23eb_summary.json,2.9155905621205847,2.0373033727335814,2.846740297138152,2.513623652345252,7.818905458444882,5.449358701584753,3.5187110522685328,3.0997251153465597,5.071357001725119,17.79479499964509,82.48618500147131,176.0230860018055,133.700609,166.033291,0.06451612903225806,0.0
5bff6983-1f28-4f77-b370-544035967525,P04,P04_S2,apple,P04_T48,48,2,I,0,0,1,17.86804652599676,17.86804652599676,5.843529847999889,1.0378510179980367,9.589512156999263,1.397153502999572,8.45,3.327,167,0,181.835643,267,72,0.2696629213483146,0,1.6308448650015634,1.5251147890012362,F:\sun\sunhan\消融实验数据\P04\P04_S2\G06_apple\R2\I_5bff6983-1f28-4f77-b370-544035967525_summary.json,3.088476860109848,2.0634040034614194,2.8643070921710088,2.373221574062753,8.450078458491923,5.557909231578317,3.0897233942273816,2.788641017609647,5.0706965012068395,14.558622449658055,72.99533534911463,171.0452000006626,133.65839,172.770095,0.058968926553672314,0.0
bff0bd35-dac9-4682-9c51-baa2ffb65588,P04,P04_S2,apple,P04_T45,45,2,I_G,0,1,1,13.532557567999902,13.532557567999902,6.093865375001769,1.028433984000003,5.182180191997759,1.228078017000371,9.376,2.921,144,0,99.215409,202,82,0.40594059405940597,0,1.5490647369988437,1.4107811139983824,F:\sun\sunhan\消融实验数据\P04\P04_S2\G06_apple\R2\I_G_bff0bd35-dac9-4682-9c51-baa2ffb65588_summary.json,9.376420951907189,2.819852025520245,4.4229271412576,3.020151425613283,7.852049475164285,5.216390020157513,3.8191510795623977,3.3287042842641625,5.071825500635896,18.842626399600686,80.25057527062025,121.41877700196346,133.724639,182.181178,0.06735266604303088,0.0
85a01b43-543e-482c-8e62-b5c75a1e82a5,P04,P04_S2,apple,P04_T47,47,2,I_H,1,0,1,13.356834227997751,13.356834227997751,5.60441833099685,0.9929054230015026,5.656215355000313,1.1032951189990854,8.49,3.203,139,0,133.85872,207,111,0.5362318840579711,0,1.2636051320005208,1.1933932510000886,F:\sun\sunhan\消融实验数据\P04\P04_S2\G06_apple\R2\I_H_85a01b43-543e-482c-8e62-b5c75a1e82a5_summary.json,3.0626229878170563,2.2650239379975634,3.0459763946099807,2.603966898712792,8.489898671606399,5.914673458545912,3.7032089735499745,3.181057415022841,5.070731000159867,14.141098499749205,73.10469040021405,103.70164000050863,133.651467,165.75518,0.06230389959659346,0.0
066c1454-a9e6-422f-a0ba-f463d09b892f,P04,P04_S2,apple,P04_T46,46,2,I_H_G,1,1,1,15.080087678001291,15.080087678001291,7.195775017000415,1.0147367940007825,5.666654267999547,1.2029215990005468,8.129,3.001,152,0,100.927235,222,96,0.43243243243243246,0,1.7730931529986265,1.6486443920002785,F:\sun\sunhan\消融实验数据\P04\P04_S2\G06_apple\R2\I_H_G_066c1454-a9e6-422f-a0ba-f463d09b892f_summary.json,3.3171620681142504,2.299618182245801,3.6444234038950283,3.1020234920744847,8.129238709289107,5.386622359159508,3.5950179736990164,3.207915236645079,5.071872998087201,22.638599598576462,83.42773560143539,115.50635700041312,133.713934,186.355216,0.06640454346876365,0.0
e2f44317-c97b-445a-9511-86c7d465bc2d,P05,P05_S1,cup,P05_T01,1,1,I,0,0,1,15.373395249000168,15.373395249000168,5.630012371999328,1.7671329750010045,5.788553225000214,2.1876966769996216,6.855,3.098,138,0,69.956628,88,62,0.7045454545454546,0,1.2283861390023958,1.2244712460014853,F:\sun\sunhan\消融实验数据\P05\P05_S1\G01_cup\R1\I_e2f44317-c97b-445a-9511-86c7d465bc2d_summary.json,3.7030194279210127,2.729611333688985,5.301747714822669,3.0686323802390696,6.85512350250394,4.6687960574803675,6.0671993516529685,3.8099268899562433,5.0714730023173615,8.790354000666412,72.05810600062263,139.03144099822384,101.782176,157.814313,0.056074766355140186,0.0
c36e15a5-60d4-4615-9487-61f926f98f41,P05,P05_S1,cup,P05_T04,4,1,I_G,0,1,1,15.047930995999195,15.047930995999195,5.5832544379991305,1.8198161000000255,5.491142286999093,2.1537181710009463,6.94,3.543,133,0,66.805953,71,37,0.5211267605633803,0,1.2889792370006035,1.2870154769989313,F:\sun\sunhan\消融实验数据\P05\P05_S1\G01_cup\R1\I_G_c36e15a5-60d4-4615-9487-61f926f98f41_summary.json,4.2761015263160855,2.938900717832315,6.84771187426222,3.996761178959361,6.939707255394272,4.7661554551353555,6.408545652743572,4.654298013384357,5.071793000752223,12.793594501272299,77.9107064691198,113.31419599810033,95.162934,163.481881,0.05560200668896321,0.0
9965c85a-43f0-4918-925c-5ebbf21e496f,P05,P05_S1,cup,P05_T02,2,1,I_H,1,0,1,13.880909823001275,13.880909823001275,4.643331491002755,1.8500331189970893,5.322405866001645,2.0651393469997856,7.596,3.015,124,21,66.93272,59,16,0.2711864406779661,0,1.535193411000364,1.53281017900008,F:\sun\sunhan\消融实验数据\P05\P05_S1\G01_cup\R1\I_H_9965c85a-43f0-4918-925c-5ebbf21e496f_summary.json,4.833677378406487,2.881736741149568,7.422200332186092,3.6353101499626175,7.595931038930804,4.505557801388867,5.5824271566799215,3.8118928384562945,5.071700001280988,7.773586998519018,64.61687499890073,156.55492799851345,147.01923,170.373681,0.05190456257848472,0.008790288823775638
077275f2-c1cc-4608-94a7-7db24400c5f6,P05,P05_S1,cup,P05_T03,3,1,I_H_G,1,1,1,14.015508667001995,14.015508667001995,3.8363342660013586,1.829617799998232,4.928048216999741,3.4215083840026637,6.855,3.214,116,0,98.612653,59,12,0.2033898305084746,0,1.1315716200006136,1.1291405810006836,F:\sun\sunhan\消融实验数据\P05\P05_S1\G01_cup\R1\I_H_G_077275f2-c1cc-4608-94a7-7db24400c5f6_summary.json,5.655518770679518,2.5942157841936435,3.5336083504791147,2.905323618745684,6.854591484141621,4.741548743159446,5.828717528840635,3.8682591046996784,5.070731000159867,6.393067898716242,67.43688565122285,118.79117599892197,98.612653,137.60172,0.04654895666131621,0.0
45dd0798-485a-4127-b89e-fff5e36993ae,P05,P05_S1,cup,P05_T08,8,2,I,0,0,1,17.609931651000807,17.609931651000807,6.972531199000514,1.793370044000767,6.682747283997742,2.161283124001784,7.186,3.154,158,0,187.114219,81,13,0.16049382716049382,0,1.433371088001877,1.4301415830013866,F:\sun\sunhan\消融实验数据\P05\P05_S1\G01_cup\R2\I_45dd0798-485a-4127-b89e-fff5e36993ae_summary.json,4.985434474998906,3.1223893453119285,3.813771617242133,2.642786348174495,7.185706135242506,4.3615838917478555,5.936109668556606,3.6765549415717897,5.071021500043571,14.153751100457146,82.0336638286608,109.98526899857097,150.590012,187.114219,0.05766423357664233,0.0
cf2ba4f2-ffe8-4e9f-81e2-8a352a70685e,P05,P05_S1,cup,P05_T05,5,2,I_G,0,1,1,13.702726070998324,13.702726070998324,4.22455769699809,1.8438456450021476,5.4808158870000625,2.1535068419980234,7.179,3.118,124,0,66.813848,53,29,0.5471698113207547,0,1.4646796280030685,1.4616340270004002,F:\sun\sunhan\消融实验数据\P05\P05_S1\G01_cup\R2\I_G_cf2ba4f2-ffe8-4e9f-81e2-8a352a70685e_summary.json,3.461190435996443,2.5566611655253766,6.302973461120646,3.1193930305189363,7.1794638783151195,4.490996991589288,6.058772052764633,3.8922019522869866,5.071225001302082,10.544585898969677,72.59782656052262,130.89241299894638,126.922344,139.470815,0.05431449846692948,0.0
4519c4db-cd0f-4e51-bcc0-4679a7a8f6c1,P05,P05_S1,cup,P05_T07,7,2,I_H,1,0,1,13.658385648999683,13.658385648999683,5.306125588998839,1.6238064770004712,4.843365311000525,1.885088271999848,6.968,3.221,121,0,95.987763,106,67,0.6320754716981132,0,1.0371142730000429,1.0341146940008912,F:\sun\sunhan\消融实验数据\P05\P05_S1\G01_cup\R2\I_H_4519c4db-cd0f-4e51-bcc0-4679a7a8f6c1_summary.json,4.01181817258735,2.9238806030792928,6.200728411341852,3.777638256783722,6.967763550969396,4.613027967457645,5.746366619156318,3.6335063663783096,5.07084449964168,9.725952099506602,66.42238084084967,110.15178399975412,75.260006,168.4917776,0.05184233076263925,0.0
53a192f0-c04f-4c71-8a90-14293722da91,P05,P05_S1,cup,P05_T06,6,2,I_H_G,1,1,1,14.392604732998734,14.392604732998734,4.445593581000139,1.944024073996843,5.757376086003205,2.2456109919985465,7.031,3.36,127,0,67.023294,74,33,0.44594594594594594,0,0.7289842499994847,0.7242886099993484,F:\sun\sunhan\消融实验数据\P05\P05_S1\G01_cup\R2\I_H_G_53a192f0-c04f-4c71-8a90-14293722da91_summary.json,3.8282570328862318,2.916156996068939,7.030919675374189,3.8604162999055194,6.617922976183512,4.545597224885571,5.802865999837133,4.219927536248108,5.071458999736933,8.141226298357639,64.72314234917582,105.84752300201217,67.023294,195.564935,0.05011838989739542,0.0
ee6b0a14-d5af-4fb4-8e6c-a2b19d8d5e74,P05,P05_S1,scissors,P05_T11,11,1,I,0,0,1,16.628327708000143,16.628327708000143,4.832914802002051,2.5328792839973175,6.4786266700029955,2.7839069519977784,6.39,3.227,136,0,208.10555,71,14,0.19718309859154928,0,0.710328142002254,0.7092828310014738,F:\sun\sunhan\消融实验数据\P05\P05_S1\G02_scissors\R1\I_ee6b0a14-d5af-4fb4-8e6c-a2b19d8d5e74_summary.json,3.742518365473965,2.5479526875080176,5.845358114215934,3.273133093589149,5.973709462034051,4.051288028511719,6.390415345921809,4.518207036102611,5.071444000350311,9.024060200317745,72.97959580042523,115.99986500004889,108.695118,164.548805,0.052127251820620925,0.0
10b1dde6-1b66-41b2-a9b3-458748f67378,P05,P05_S1,scissors,P05_T10,10,1,I_G,0,1,1,13.819320611997682,13.819320611997682,4.1177699039981235,1.8002779039998131,5.74599877700166,2.155274026998086,6.312,3.052,122,0,160.746698,66,7,0.10606060606060606,0,0.9530471309990389,0.9512488069995015,F:\sun\sunhan\消融实验数据\P05\P05_S1\G02_scissors\R1\I_G_10b1dde6-1b66-41b2-a9b3-458748f67378_summary.json,4.025333728815012,2.366966277129484,4.518341656106309,3.2529431691810022,6.312458027724411,4.511252270948849,4.653818243003648,3.3206741453841984,5.072144002042478,8.570814401900808,73.5132008776418,127.4596980001661,107.59553,200.389734,0.05265429434613725,0.0
36815b43-d3c8-4b90-8a0f-3dcbc8063e9f,P05,P05_S1,scissors,P05_T09,9,1,I_H,1,0,1,15.27834343900031,15.27834343900031,4.808441381999728,2.41347801899974,5.299155823002366,2.7572682149984757,7.02,3.44,124,296,151.259279,102,25,0.24509803921568626,0,0.9705661239968322,0.9673392959994089,F:\sun\sunhan\消融实验数据\P05\P05_S1\G02_scissors\R1\I_H_36815b43-d3c8-4b90-8a0f-3dcbc8063e9f_summary.json,4.281332864231398,2.8011724295645246,5.93691109076164,3.3898674042526484,7.020136773857485,5.078015092247665,5.480456082318624,4.023840411890557,5.070816498118802,6.344288999025584,68.12831600047501,131.8672079978569,68.062803,151.518288,0.04675716440422323,0.11161387631975868
7e2f8519-2bf3-4ccc-92b1-74d115e1324c,P05,P05_S1,scissors,P05_T12,12,1,I_H_G,1,1,1,13.608432128999993,13.608432128999993,3.904785697002808,1.4066981879986997,6.1518951850011945,2.1450530589972914,6.299,3.075,126,210,74.663197,53,7,0.1320754716981132,0,1.040715031002037,1.0364295920007862,F:\sun\sunhan\消融实验数据\P05\P05_S1\G02_scissors\R1\I_H_G_7e2f8519-2bf3-4ccc-92b1-74d115e1324c_summary.json,2.9596470613413874,1.9509580050570305,2.9557188398634215,2.1275201566685356,6.298835385462717,4.776019500371299,4.01102717683678,3.833196223561677,5.070765000709798,13.700278800388332,71.12132618058247,104.93077499995707,143.129808,186.631515,0.056782334384858045,0.0946372239747634
0a3a3452-76e2-46eb-b148-9e922bca5857,P05,P05_S1,scissors,P05_T14,14,2,I,0,0,1,18.500753192001866,18.500753192001866,3.7084124780012644,2.545125895001547,9.346006743999169,2.901208074999886,6.967,3.284,157,0,136.182762,89,35,0.39325842696629215,0,0.8519331750030688,0.8478062380017946,F:\sun\sunhan\消融实验数据\P05\P05_S1\G02_scissors\R2\I_0a3a3452-76e2-46eb-b148-9e922bca5857_summary.json,3.1618906085486684,2.2275269210032076,4.871435942739564,2.2906673519857055,6.406547149846335,4.755715251148197,6.967180037457478,4.405633961926806,5.070834999060025,9.027315250932588,77.65127794882571,117.290939000668,106.145766,142.121079,0.05311231393775372,0.0
ddd5102c-9e96-42e5-a7a4-dcd8234fb26a,P05,P05_S1,scissors,P05_T15,15,2,I_G,0,1,1,13.81731745399884,13.81731745399884,3.3914583410005434,1.7847282080001605,6.498322806997749,2.142808098000387,6.376,3.096,124,0,134.106403,130,84,0.6461538461538462,0,0.6442123580018233,0.6427253270012443,F:\sun\sunhan\消融实验数据\P05\P05_S1\G02_scissors\R2\I_G_ddd5102c-9e96-42e5-a7a4-dcd8234fb26a_summary.json,2.8908130084676382,2.1543132387873936,3.1655189046356287,2.5364229250166646,6.3755614107136145,4.526556439996427,5.832215882205769,3.7122486634567475,5.070616000011796,8.772496798337684,71.46118612145096,104.64807400057907,95.985924,164.593932,0.05361003026372676,0.0
33f17757-a140-4b81-a6cd-b40e8f813c27,P05,P05_S1,scissors,P05_T16,16,2,I_H,1,0,1,17.6462001300024,17.6462001300024,5.12494485100251,2.584629592998681,7.149026971001149,2.7875987150000583,7.811,3.36,146,694,193.493916,142,49,0.34507042253521125,0,1.4384966249999707,1.434359269002016,F:\sun\sunhan\消融实验数据\P05\P05_S1\G02_scissors\R2\I_H_33f17757-a140-4b81-a6cd-b40e8f813c27_summary.json,4.357633156740439,2.3124327666045668,7.811493491008577,6.533443185762301,6.852968336722226,4.558748008152156,2.3106381088678454,2.0579137243664105,5.071693998615956,8.433510801842232,72.88939996069531,105.09722400092869,133.778637,146.901705,0.05117420259376095,0.2432527164388363
009892ed-acf2-4a4d-9bf4-9b8974d9d4ba,P05,P05_S1,scissors,P05_T13,13,2,I_H_G,1,1,1,12.60517817499931,12.60517817499931,3.693004437998752,1.9342439330030174,4.801163611999073,2.1767661919984675,6.167,3.028,114,153,111.008046,74,26,0.35135135135135137,0,1.5765527189978457,1.5728422180000052,F:\sun\sunhan\消融实验数据\P05\P05_S1\G02_scissors\R2\I_H_G_009892ed-acf2-4a4d-9bf4-9b8974d9d4ba_summary.json,3.534972740285608,2.4338992839807783,5.022097939931775,3.2691522842976326,6.167437398230307,4.602653108159658,3.6520701254921986,3.470686603000927,5.072014002507785,8.3705794000707,69.89391007853551,116.02857699836022,73.595477,151.434748,0.05207857469164002,0.0698949291914116
34f70cef-74dd-48c7-b3d0-df19b5d19442,P05,P05_S1,bottle,P05_T20,20,1,I,0,0,1,16.761425803000748,16.761425803000748,5.232446779002203,1.6554362239985494,7.994278712998494,1.879264087001502,7.45,3.074,153,0,52.458028,94,33,0.35106382978723405,0,1.0417000640009064,1.0377582510009233,F:\sun\sunhan\消融实验数据\P05\P05_S1\G03_bottle\R1\I_34f70cef-74dd-48c7-b3d0-df19b5d19442_summary.json,3.4950823792213175,2.283145162914807,3.8996602149684723,2.649111283242851,7.449733483908011,4.701192205201323,5.756842551007095,3.154597056952605,5.07104050120688,19.051668697829502,71.73927893854852,123.936057996616,74.42944,161.292162,0.058800922367409685,0.0
ed3bfade-74dc-4e49-9fe7-d262ee4d55d7,P05,P05_S1,bottle,P05_T17,17,1,I_G,0,1,1,13.335552888001985,13.335552888001985,3.820889143000386,1.7201275460029137,5.9109430509997765,1.8835931479989085,7.11,3.046,117,0,80.256925,81,32,0.3950617283950617,0,0.8670565909997094,0.8618503700017754,F:\sun\sunhan\消融实验数据\P05\P05_S1\G03_bottle\R1\I_G_ed3bfade-74dc-4e49-9fe7-d262ee4d55d7_summary.json,2.8033593884134107,1.8637555791839786,7.101664390216699,3.3361306168546787,7.109901097280339,4.809310013725793,5.976617759309461,3.9312729948845804,5.0714409990177955,8.607027497782827,64.7094646687032,121.17894699986209,125.51344,150.452883,0.05078125,0.0
bd6acd89-0533-4a8a-ab72-bb58f9c3ee80,P05,P05_S1,bottle,P05_T19,19,1,I_H,1,0,1,13.241345752998313,13.241345752998313,4.123559348998242,1.651325729002565,5.641191579998122,1.8252690949993848,6.938,3.385,120,0,66.812617,72,25,0.3472222222222222,0,0.6390891049995844,0.6357033569984196,F:\sun\sunhan\消融实验数据\P05\P05_S1\G03_bottle\R1\I_H_bd6acd89-0533-4a8a-ab72-bb58f9c3ee80_summary.json,3.3847316053425014,2.3955653378096393,5.723633766479572,3.236445317035903,6.937937042970833,5.098303607799057,5.624779900624804,4.0469523258562194,5.071207498986041,13.167624748894095,79.7909337391684,106.08891200172366,99.319355,176.311219,0.05509641873278237,0.0
afd6701b-82d3-464b-95e7-58b700d1fd10,P05,P05_S1,bottle,P05_T18,18,1,I_H_G,1,1,1,14.309971399998176,14.309971399998176,4.237329798997962,1.5681865219994506,6.705597507003404,1.7988575719973596,7.198,3.26,128,2,124.444802,85,43,0.5058823529411764,0,0.810039339998184,0.8069901870003378,F:\sun\sunhan\消融实验数据\P05\P05_S1\G03_bottle\R1\I_H_G_afd6701b-82d3-464b-95e7-58b700d1fd10_summary.json,3.783052815424604,2.5736638250971233,5.333534092975217,2.6050454197818294,7.198489338632412,4.70830968040198,5.597135428967649,4.217588047307009,5.070958999567665,8.640027798537641,71.79077847860752,115.15519200111157,67.024158,162.119108,0.05348934391976599,0.0008357709987463436
88fa5973-dce8-4f2b-a52a-2041deb00fd3,P05,P05_S1,bottle,P05_T21,21,2,I,0,0,1,16.378407095999137,16.378407095999137,5.324171841999487,1.5405282280007668,7.678255178001564,1.8354518479973194,7.687,3.393,152,0,82.335323,88,31,0.3522727272727273,0,1.3613744120011688,1.3581518220016733,F:\sun\sunhan\消融实验数据\P05\P05_S1\G03_bottle\R2\I_88fa5973-dce8-4f2b-a52a-2041deb00fd3_summary.json,3.556075324672792,2.5007438695122945,3.930682912330339,3.1979466024784324,7.686569222510849,5.216249802034008,4.970593404260613,3.5092135659670074,5.070995501228026,18.269525550567817,78.48356294136465,104.33273200033,129.481575,156.713758,0.060126582278481014,0.0
4a53bef6-0c7e-4f4d-917f-7848388800ab,P05,P05_S1,bottle,P05_T24,24,2,I_G,0,1,1,15.832914426999196,15.832914426999196,5.756438526001148,1.6580657079975936,6.588478516001487,1.8299316769989673,6.973,3.059,147,0,134.1298,135,67,0.4962962962962963,0,1.0907747660021414,1.089927113000158,F:\sun\sunhan\消融实验数据\P05\P05_S1\G03_bottle\R2\I_G_4a53bef6-0c7e-4f4d-917f-7848388800ab_summary.json,3.2831931254610476,2.2294617933465704,3.8804437942943903,1.9186209815261537,6.973378998006669,4.958679664434176,5.310927373380797,3.402277357729206,5.071295499874395,13.808436948420413,76.92760755991937,110.52519299846608,111.050487,198.442206,0.05778301886792453,0.0
dff6d835-ecf5-45d3-9406-682a1eec7461,P05,P05_S1,bottle,P05_T22,22,2,I_H,1,0,1,13.76763355300136,13.76763355300136,3.8624736410019977,1.6590105239993136,6.363399490001029,1.8827498979990196,6.63,3.314,129,0,113.967868,78,36,0.46153846153846156,0,0.9658300189985312,0.9593038409984729,F:\sun\sunhan\消融实验数据\P05\P05_S1\G03_bottle\R2\I_H_dff6d835-ecf5-45d3-9406-682a1eec7461_summary.json,3.6163898132515007,2.376695126718106,6.084936930473127,2.7834138843845007,6.630301086622017,4.885485817002778,6.190853568830688,4.377006911178105,5.072313997516176,12.879631399846417,71.28165999907655,124.69132000114769,66.973216,162.324059,0.05725699067909454,0.0
8372cae4-56fd-4de1-92cd-cc1d7894672d,P05,P05_S1,bottle,P05_T23,23,2,I_H_G,1,1,1,14.61786261099769,14.61786261099769,4.750879578998138,1.7519649019995995,6.2487053600016225,1.8663127699983306,6.77,3.311,142,0,100.417459,102,43,0.4215686274509804,0,1.0381617970015213,1.03294096999889,F:\sun\sunhan\消融实验数据\P05\P05_S1\G03_bottle\R2\I_H_G_8372cae4-56fd-4de1-92cd-cc1d7894672d_summary.json,3.237383366597146,2.1253091493102967,5.161559672560011,3.546504310348297,6.769773667630153,4.93168078371713,5.379738692825494,3.8864691169080747,5.071865998615976,23.667109798407104,83.34108291950538,211.19332700254745,100.404403,163.888811,0.06382022471910112,0.0
4e284c98-8f7c-46bb-b433-5e4845685e32,P05,P05_S2,apple,P05_T26,26,1,I,0,0,1,15.671719907000806,15.671719907000806,6.3994848180009285,0.9436475959992094,7.029267776000779,1.2993197169998894,7.995,2.99,150,0,137.511844,235,134,0.5702127659574469,0,1.028219818999787,0.8994205449998844,F:\sun\sunhan\消融实验数据\P05\P05_S2\G04_apple\R1\I_4e284c98-8f7c-46bb-b433-5e4845685e32_summary.json,2.5460289980766326,1.7301645352497395,2.2397330449560084,1.6538252844027188,7.99495926243555,5.393924622798791,3.9753443958724333,3.314513480347293,5.072256999483216,16.989441499390523,74.29586110120005,105.57504299868015,133.677051,166.415171,0.06033789219629927,0.0
ddbba9f7-bfe1-4e90-843d-7c3f338869a7,P05,P05_S2,apple,P05_T27,27,1,I_G,0,1,1,15.30614255099863,15.30614255099863,6.88351527100167,0.9848586159969273,6.258876605999831,1.1788920580002014,7.514,2.708,162,0,134.050516,242,126,0.5206611570247934,0,3.4769748389990127,2.643707915998675,F:\sun\sunhan\消融实验数据\P05\P05_S2\G04_apple\R1\I_G_ddbba9f7-bfe1-4e90-843d-7c3f338869a7_summary.json,2.35989023620598,1.4850588954008246,2.8855691898255533,2.2165250712100377,7.514002666414531,5.37045482608584,3.6262716183968595,3.337509431821325,5.071276998933172,20.936292750047873,75.64580266011035,115.25772100139875,133.71577,172.659145,0.06644790812141099,0.0
0e6289ba-389a-415c-9923-74deea3f6b8a,P05,P05_S2,apple,P05_T28,28,1,I_H,1,0,1,20.262573279000208,20.262573279000208,8.164219866997882,1.0247649699995236,9.596996693002438,1.476591749000363,7.764,2.927,208,0,54.551597,300,138,0.46,0,4.639792737001699,3.838409990999935,F:\sun\sunhan\消融实验数据\P05\P05_S2\G04_apple\R1\I_H_0e6289ba-389a-415c-9923-74deea3f6b8a_summary.json,3.1151482384389424,1.7727991078331053,2.2984619483224185,1.9126737778296692,7.76352136382143,5.301327840460414,3.6694049240825986,3.1394593718983015,5.071397499705199,16.26712784982362,75.47976598019905,104.38805800004047,133.685506,178.59453,0.06423718344657196,0.0
71e765ea-186e-4104-bde5-98f0f7659976,P05,P05_S2,apple,P05_T25,25,1,I_H_G,1,1,1,16.554090252000606,16.554090252000606,8.116372833999776,1.2946813230009866,5.4321899189999385,1.7108461759999045,7.772,2.744,172,0,67.431474,273,61,0.22344322344322345,0,2.7654279620001034,1.2959391580006923,F:\sun\sunhan\消融实验数据\P05\P05_S2\G04_apple\R1\I_H_G_71e765ea-186e-4104-bde5-98f0f7659976_summary.json,3.658749388125203,2.296393773229018,2.759119506390899,2.4659085952210846,7.7716763602429415,5.097568741962969,3.7107692294083154,3.1042382758993265,5.071178999060066,15.711085399743657,78.2414754602361,105.90403400055948,133.652635,168.772028,0.06127538297114357,0.0
867e441f-498b-4182-bf8b-52c9a2e7e0f8,P05,P05_S2,apple,P05_T31,31,2,I,0,0,1,16.22652595600084,16.22652595600084,6.449765347999346,1.019317119000334,7.654119278999133,1.1033242100020288,8.658,3.298,161,0,182.195201,247,117,0.47368421052631576,0,1.85201452900219,1.7346057110007678,F:\sun\sunhan\消融实验数据\P05\P05_S2\G04_apple\R2\I_867e441f-498b-4182-bf8b-52c9a2e7e0f8_summary.json,6.1670643124673665,2.484316102233639,3.576441792675426,3.293495657629933,8.657941368705366,5.6559636032513945,3.608669164862651,3.2992740498381994,5.07164400187321,23.613878998730797,80.44539420079705,104.66577499755658,133.665285,177.610642,0.06650144568360182,0.0
5b6f402e-b40b-41e1-9c24-f527499256f3,P05,P05_S2,apple,P05_T30,30,2,I_G,0,1,1,16.31754561300113,16.31754561300113,6.606581422998715,1.1289299150012084,7.250555479000468,1.331478796000738,8.039,3.134,166,0,128.638283,254,187,0.7362204724409449,0,2.403883193001093,2.0954950420018577,F:\sun\sunhan\消融实验数据\P05\P05_S2\G04_apple\R2\I_G_5b6f402e-b40b-41e1-9c24-f527499256f3_summary.json,3.9115619707358054,2.3638483904913996,4.052719768113782,3.7069544657953304,8.039294759269739,5.1400580654164045,3.702338868580727,3.172803096643848,5.071431998658227,12.083331802568857,75.66146794044468,105.91982700134395,133.680903,173.363065,0.06196341918626353,0.0
f8efa6b6-1289-4116-86fe-62c07f4604c0,P05,P05_S2,apple,P05_T29,29,2,I_H,1,0,1,15.916630155999883,15.916630155999883,5.658956224997382,1.0598246330009715,7.87403493400052,1.3238143640010094,7.818,3.282,158,0,134.029369,243,126,0.5185185185185185,0,1.7760454420022143,1.6805586190021131,F:\sun\sunhan\消融实验数据\P05\P05_S2\G04_apple\R2\I_H_f8efa6b6-1289-4116-86fe-62c07f4604c0_summary.json,2.889398035609535,1.8920147249733714,2.5704275152989156,2.2495805487118443,7.818411435095792,5.5320279000565975,4.374370959680741,3.709066991491732,5.071228999440791,15.37364050163886,75.50607211902393,105.33842700169771,133.718979,170.63627,0.06272330289797538,0.0
5b31fe65-fac0-4147-98ac-2e4bff8a2583,P05,P05_S2,apple,P05_T32,32,2,I_H_G,1,1,1,17.076250797003013,17.076250797003013,6.59134976200221,0.9659035679978842,8.386357039002178,1.132640428000741,8.328,3.202,168,0,142.90375,254,153,0.6023622047244095,0,2.197533279999334,2.1950588270010485,F:\sun\sunhan\消融实验数据\P05\P05_S2\G04_apple\R2\I_H_G_5b31fe65-fac0-4147-98ac-2e4bff8a2583_summary.json,3.4745841835552693,1.7617093979920924,4.522271920622358,2.6110708922611976,8.327674409575822,5.583407588215147,4.087934398959292,3.6467825126423143,5.071537001640536,28.56499360059388,75.84251731896082,123.15201699675526,133.732409,186.651898,0.06685236768802229,0.0
f3a59448-5023-4054-8e61-7c2a94e68c65,P05,P05_S2,banana,P05_T33,33,1,I,0,0,1,17.399081990002742,17.399081990002742,5.653979369999433,1.9016400320033426,7.739947357997153,2.103515230002813,6.77,2.924,160,0,189.808576,105,8,0.0761904761904762,0,1.154221108998172,1.15309194299698,F:\sun\sunhan\消融实验数据\P05\P05_S2\G05_banana\R1\I_f3a59448-5023-4054-8e61-7c2a94e68c65_summary.json,3.3626788984587455,2.085844517246203,3.32204831611431,2.89217054050262,6.769896157113915,4.5482426060794925,6.120645932712872,3.912716891243888,5.071315998065984,13.74728979972131,80.35964886155861,119.29266800143523,86.062705,144.801341,0.05884516366311144,0.0
351bf8c2-c6f8-4b7a-ac50-0fce79e436e6,P05,P05_S2,banana,P05_T36,36,1,I_G,0,1,1,15.985055293000187,15.985055293000187,3.368283840998629,3.1996648910026124,6.076402915998187,3.340703645000758,6.89,2.616,116,0,142.939438,119,28,0.23529411764705882,0,0.8149272490009025,0.8111103960000037,F:\sun\sunhan\消融实验数据\P05\P05_S2\G05_banana\R1\I_G_351bf8c2-c6f8-4b7a-ac50-0fce79e436e6_summary.json,2.430091066420626,1.50558863944226,2.037069398421701,1.7248738077647046,6.890077272785199,4.302319539586844,4.488704857045089,3.6113071496787006,5.071183997642947,6.065047000447521,68.24272900121287,104.89913999845157,132.478486,142.863611,0.04141378079257408,0.0
de49de10-965c-4cdc-ba1f-4b5434324fef,P05,P05_S2,banana,P05_T34,34,1,I_H,1,0,1,14.98206171199854,14.98206171199854,4.955107186000532,1.8763174359992263,5.941629684999498,2.2090074049992836,7.025,2.682,130,0,133.896521,136,34,0.25,0,1.4576072310010204,1.4552270680032962,F:\sun\sunhan\消融实验数据\P05\P05_S2\G05_banana\R1\I_H_de49de10-965c-4cdc-ba1f-4b5434324fef_summary.json,3.2815717961458803,1.6910974801244538,3.38556562923422,2.7392956626151057,7.024651319701004,4.269148356495353,3.6254737447047187,3.2932269326105663,5.070996001450112,8.938797996961512,72.45513560264956,132.8111799994076,107.843172,167.646977,0.05282405526208858,0.0
046b79f5-5f50-497b-8912-9e9fd322b7f9,P05,P05_S2,banana,P05_T35,35,1,I_H_G,1,1,1,16.056813616,16.056813616,4.471876742998575,3.1960760809997737,5.052580730000045,3.336280062001606,7.062,2.718,114,0,126.680546,200,93,0.465,0,1.5721871589994407,1.5687052979992586,F:\sun\sunhan\消融实验数据\P05\P05_S2\G05_banana\R1\I_H_G_046b79f5-5f50-497b-8912-9e9fd322b7f9_summary.json,2.246635853379436,1.3542151350167329,2.2078017560305714,1.4359510286425494,7.062179065070326,5.087455211862793,6.591676026745296,4.354798788908621,5.070807997981319,5.858727003214881,61.69908040174028,120.48486200001207,67.199748,157.830908,0.04012671594508976,0.0
51efe67b-8075-488d-9bc3-4c6f64854487,P05,P05_S2,banana,P05_T40,40,2,I,0,0,1,19.2093999480021,19.2093999480021,6.194627644999855,1.8904237810020277,8.87459427900103,2.249754242999188,6.895,2.601,170,0,153.518002,125,5,0.04,0,1.3366546239994932,1.3325489189992368,F:\sun\sunhan\消融实验数据\P05\P05_S2\G05_banana\R2\I_51efe67b-8075-488d-9bc3-4c6f64854487_summary.json,2.4033081919710204,1.5199258949866088,3.2770449848558894,1.294762537898868,6.894751593761553,4.364725197752766,6.442102531897649,3.6468368282959513,5.071632502222201,11.15373475022357,72.96403497959548,139.48620000155643,66.816902,148.80480279999978,0.05595786701777485,0.0
f03039f7-003d-46d4-a1dd-34b876dd1903,P05,P05_S2,banana,P05_T37,37,2,I_G,0,1,1,19.096482853001362,19.096482853001362,4.447334543998295,3.1697165010009485,8.07152981499894,3.407901993003179,6.869,2.819,150,0,151.000458,111,19,0.17117117117117117,0,1.1929420370033768,1.1901010070032498,F:\sun\sunhan\消融实验数据\P05\P05_S2\G05_banana\R2\I_G_f03039f7-003d-46d4-a1dd-34b876dd1903_summary.json,2.9008144730896466,1.6442868623509188,2.690647973295516,1.6440567469007872,6.868534232534508,4.765986184993972,5.394332020961073,3.5438182075931923,5.070584000350209,6.349767299798254,59.67651654758773,106.167933998222,133.707644,147.555007,0.04672897196261682,0.0
02369c2e-82ec-4350-b87f-cbc987a5a629,P05,P05_S2,banana,P05_T39,39,2,I_H,1,0,1,16.060296467003354,16.060296467003354,3.8561738200005493,1.8689153650011576,8.272825259999081,2.0623820220025664,6.425,2.891,138,0,67.43239,115,46,0.4,0,1.0483640059974277,1.042509961000178,F:\sun\sunhan\消融实验数据\P05\P05_S2\G05_banana\R2\I_H_02369c2e-82ec-4350-b87f-cbc987a5a629_summary.json,2.284802157409984,1.3937630994684773,2.7869595221931514,2.1249556819980597,6.424943744181899,4.606420673101442,4.2661107103313425,3.5382566331326135,5.0707520022115204,7.68897419984569,68.89256783892041,115.87859099745401,133.670855,160.075188,0.05124396583735611,0.0
8436aecd-22e9-49df-9437-5515088878b9,P05,P05_S2,banana,P05_T38,38,2,I_H_G,1,1,1,15.694828904001042,15.694828904001042,3.5294293359984295,3.1977327070017054,5.604935254999873,3.3627316060010344,6.823,2.104,122,0,133.789875,96,6,0.0625,0,1.192351221001445,1.1819776160009496,F:\sun\sunhan\消融实验数据\P05\P05_S2\G05_banana\R2\I_H_G_8436aecd-22e9-49df-9437-5515088878b9_summary.json,2.2333936544920925,1.3901274242092696,3.286480732173812,0.8866927766866348,6.823160414560482,4.26149813018752,3.1905889446946256,2.7973153247771054,5.071236002549995,6.747977901613911,61.24936060179619,114.92312900008983,87.443741,141.452003,0.04421891989851395,0.0
c1aec791-fb07-49f4-961a-5c97a1d70550,P05,P05_S2,mouse,P05_T43,43,1,I,0,0,1,17.999347716999182,17.999347716999182,6.129703165999672,1.1777592430007644,8.93564957900162,1.756235728997126,6.856,3.572,178,0,188.598771,178,100,0.5617977528089888,0,1.1729747950012097,1.1692657450003026,F:\sun\sunhan\消融实验数据\P05\P05_S2\G06_mouse\R1\I_c1aec791-fb07-49f4-961a-5c97a1d70550_summary.json,3.727784674708877,2.588547875394705,5.047310461712467,2.9744188125376665,6.6827362323232995,4.6199629821260295,6.856297449644268,6.26037769590384,5.072474999906262,20.49366899882433,81.71355119920898,108.70949099989957,133.582327,175.621925,0.06649234217407546,0.0
2ea130e3-7aa6-4a29-b7cb-94d5942fc09a,P05,P05_S2,mouse,P05_T42,42,1,I_G,0,1,1,16.02701010400051,16.02701010400051,5.9902823390002595,1.1942668970004888,7.35341274700113,1.489048120998632,6.962,3.121,162,0,133.698631,156,65,0.4166666666666667,0,0.9094881529999839,0.9052505800027575,F:\sun\sunhan\消融实验数据\P05\P05_S2\G06_mouse\R1\I_G_2ea130e3-7aa6-4a29-b7cb-94d5942fc09a_summary.json,4.136589832025129,2.6132309927481696,3.3571570174838614,2.6767169990500355,6.962029192932683,4.675501561399335,5.1558384038155545,3.825140620985374,5.071834500995465,20.832382051230514,81.4728226198347,116.3027750008041,121.084895,164.237147,0.06601466992665037,0.0
aa17c91a-9aa6-490c-bff7-ee8300d9705f,P05,P05_S2,mouse,P05_T41,41,1,I_H,1,0,1,14.12514632300008,14.12514632300008,5.05588406500101,1.3082315489991743,6.1815077339997515,1.5795229750001454,7.96,3.552,138,492,133.672909,86,0,0.0,0,0.999231380999845,0.9957058760010113,F:\sun\sunhan\消融实验数据\P05\P05_S2\G06_mouse\R1\I_H_aa17c91a-9aa6-490c-bff7-ee8300d9705f_summary.json,3.982739614723487,2.769281568456507,7.960289633699991,5.902888308655084,7.217596686864263,5.013586202031332,6.436994846507682,3.85338300135397,5.070906498076511,18.30542405095911,69.46693126872528,139.4985920014733,133.672909,142.594101,0.05862361937128292,0.20900594732370434
f23ec829-db51-4435-b6b3-7c430499f4d9,P05,P05_S2,mouse,P05_T44,44,1,I_H_G,1,1,1,15.411986286999309,15.411986286999309,6.227980780997314,1.1922498810017714,6.377745097997831,1.6140105270023923,7.04,3.091,146,303,133.619834,169,77,0.4556213017751479,0,1.2320710009989853,1.2282429080005386,F:\sun\sunhan\消融实验数据\P05\P05_S2\G06_mouse\R1\I_H_G_f23ec829-db51-4435-b6b3-7c430499f4d9_summary.json,3.7614844684035775,2.5971826240930658,5.605897687396107,2.70284401040783,7.040478826510218,4.7650345651879835,5.995594849325453,4.1227867583157805,5.071629500889685,16.091659149242254,79.61608470021018,107.22954499942716,133.427226,161.750571,0.061499578770008424,0.12763268744734624
9996c784-bbdf-4d91-a214-c0f22e8a2c86,P05,P05_S2,mouse,P05_T46,46,2,I,0,0,1,17.56134263399872,17.56134263399872,5.838735655001074,1.2813424800006032,8.863777083999594,1.5774874149974494,6.999,3.389,166,0,134.180141,145,66,0.45517241379310347,0,0.6267698219999147,0.6223312469992379,F:\sun\sunhan\消融实验数据\P05\P05_S2\G06_mouse\R2\I_9996c784-bbdf-4d91-a214-c0f22e8a2c86_summary.json,3.613546007843828,2.3832156748660585,6.10884807656291,3.201042272278587,6.998520541182189,4.517298275652093,6.9890767838787164,6.1868604642317,5.070668001280865,18.880474399338706,80.44562791910748,115.65290599901346,67.105094,189.044667,0.06219557886849007,0.0
1ca02b6a-441e-47f8-94f8-c1c9a6d75ab3,P05,P05_S2,mouse,P05_T47,47,2,I_G,0,1,1,18.837784282997745,18.837784282997745,7.246931560999656,1.2206625859980704,8.798733027000708,1.5714571089993115,7.124,3.128,183,0,145.806261,176,64,0.36363636363636365,0,0.8947120170014387,0.8902906129987969,F:\sun\sunhan\消融实验数据\P05\P05_S2\G06_mouse\R2\I_G_1ca02b6a-441e-47f8-94f8-c1c9a6d75ab3_summary.json,3.6253020020323583,2.5054110294399052,5.102927364131029,3.626618971167507,7.123936250034992,4.416610118994422,5.862900805518872,3.36066188239792,5.0717810008791275,17.928745301105668,76.3214435496047,117.09985199922812,119.869906,188.243488,0.06271418779986292,0.0
fa8d145b-70d7-46ce-ad69-d89a8e242e26,P05,P05_S2,mouse,P05_T48,48,2,I_H,1,0,1,16.31017763699856,16.31017763699856,5.912076992000948,1.460169636997307,7.26368977400125,1.6742412339990551,6.934,3.072,154,258,67.089186,135,62,0.45925925925925926,0,1.1255342189979274,1.123603711999749,F:\sun\sunhan\消融实验数据\P05\P05_S2\G06_mouse\R2\I_H_fa8d145b-70d7-46ce-ad69-d89a8e242e26_summary.json,4.603443481214361,2.9369978358926736,3.6976727679421075,2.0092714949408133,6.934413342870067,4.747336754653416,3.5296479923670936,3.091274206381847,5.071243498605327,19.0882925007827,71.84023495065038,157.71838599903276,102.504052,177.064172,0.06025039123630673,0.10093896713615023
09f6a1db-e991-44ce-b529-63d5799f824c,P05,P05_S2,mouse,P05_T45,45,2,I_H_G,1,1,1,13.380012408997572,13.380012408997572,5.1232521919992,1.2163289229974907,5.351146701003017,1.6892845929978648,7.118,3.377,127,193,174.695191,119,54,0.453781512605042,0,0.8044097190031607,0.8037831980000192,F:\sun\sunhan\消融实验数据\P05\P05_S2\G06_mouse\R2\I_H_G_09f6a1db-e991-44ce-b529-63d5799f824c_summary.json,4.284101886581826,3.166537187545991,5.363263165144932,4.574940637570072,7.117959409508023,4.574828665136065,5.2613616203784295,3.4537400061838075,5.07156050116464,11.069880250943243,66.97280164826236,107.0236699997622,133.536043,179.817804,0.05654496883348174,0.08593054318788958
b38247f5-4fac-44a9-b4d2-f365abe9cee9,P06,P06_S1,cup,P06_T03,3,1,I,0,0,1,17.401593931019306,17.401593931019306,9.000771766004618,1.565097351995064,4.987683037004899,1.8480417760147247,6.649,3.029,165,0,67.058722,125,77,0.616,0,1.7050338039989583,1.1184485919948202,F:\sun\sunhan\消融实验数据\P06\P06_S1\G01_cup\R1\I_b38247f5-4fac-44a9-b4d2-f365abe9cee9_summary.json,4.435272330271321,2.443997115739374,5.503911207999322,3.325135193621387,6.648673603938419,4.758706837205119,6.304660088729195,4.71386932426841,5.07103449490387,13.744605558167699,77.39059599756732,174.66624599182978,67.058722,152.238653,0.05813953488372093,0.0
4a359c2e-b523-4407-8ed8-f5439dbe57a2,P06,P06_S1,cup,P06_T02,2,1,I_G,0,1,1,16.837303740001516,16.837303740001516,7.452660570997978,1.8494979990064166,5.220661609986564,2.314483560010558,6.84,3.252,153,0,201.702798,99,22,0.2222222222222222,0,1.771496692992514,1.7678584969835356,F:\sun\sunhan\消融实验数据\P06\P06_S1\G01_cup\R1\I_G_4a359c2e-b523-4407-8ed8-f5439dbe57a2_summary.json,5.435009264635443,2.9750149508851997,5.799751900060755,3.8831346101957926,6.839731636730497,4.617115486633948,5.838147641827563,4.165860112505892,5.071523497463204,16.448285944352577,70.87770034355344,193.15710398950614,97.965365,163.244562,0.05756207674943566,0.0
aba92a3c-4fc8-420b-8bd8-88ef6d227ad4,P06,P06_S1,cup,P06_T01,1,1,I_H,1,0,1,13.574604638997698,13.574604638997698,4.538743498007534,1.7427974210004322,4.946212051989278,2.346851668000454,6.419,2.993,111,0,66.718601,73,33,0.4520547945205479,0,1.444462403014768,1.4412919440073892,F:\sun\sunhan\消融实验数据\P06\P06_S1\G01_cup\R1\I_H_aba92a3c-4fc8-420b-8bd8-88ef6d227ad4_summary.json,3.786294756637351,2.3055335049475665,6.070322863654503,3.408158094273652,6.419042797558079,4.487792950527322,5.930240902647152,4.057731280254176,5.070737490314059,7.137957487429958,68.34032775077503,117.13556997710839,69.545848,209.065391,0.04772141014617369,0.0
ca0aa675-e3b9-4d84-a076-97ded53fadca,P06,P06_S1,cup,P06_T04,4,1,I_H_G,1,1,1,12.225759138993453,12.225759138993453,4.626746572001139,1.4202767179813236,4.388943249010481,1.78979260000051,6.013,3.065,112,0,133.81228,111,67,0.6036036036036037,0,1.1108986260078382,1.1053784179966897,F:\sun\sunhan\消融实验数据\P06\P06_S1\G01_cup\R1\I_H_G_ca0aa675-e3b9-4d84-a076-97ded53fadca_summary.json,4.5821501458860405,2.853787826732976,5.971864933079299,4.055520156835263,6.012962410405069,4.2963896304717855,4.739735823113631,3.571721109747046,5.071204999694601,10.651905002305284,77.08172202110266,107.2519590088632,133.66152,175.180454,0.05382027871215762,0.0
5a07bf78-276e-4e8e-9cda-fa5200c06476,P06,P06_S1,cup,P06_T06,6,2,I,0,0,1,12.874294620007277,12.874294620007277,5.147080636001192,1.6557030090189073,4.1405193519894965,1.9309916229976807,6.235,2.798,124,0,136.072458,137,81,0.5912408759124088,0,0.9004413539951202,0.8921043270092923,F:\sun\sunhan\消融实验数据\P06\P06_S1\G01_cup\R2\I_5a07bf78-276e-4e8e-9cda-fa5200c06476_summary.json,3.8661795977322946,2.7535876368438412,6.07461476183193,3.2789097620386243,6.23456507928887,3.735766238392638,5.5019115284171525,3.8056633068374732,5.072414991445839,10.912333498708904,78.49365169822707,108.88023101142608,96.443987,167.810726,0.05711653615845232,0.0
2a493575-a36f-4167-8113-0314c407fafd,P06,P06_S1,cup,P06_T07,7,2,I_G,0,1,1,13.335380724980496,13.335380724980496,4.541132780985208,1.5186187810031697,5.307748760009417,1.9678804029827006,6.273,3.138,125,0,134.309586,122,79,0.6475409836065574,0,0.5986476039979607,0.5973801230138633,F:\sun\sunhan\消融实验数据\P06\P06_S1\G01_cup\R2\I_G_2a493575-a36f-4167-8113-0314c407fafd_summary.json,4.268684066442522,2.98474678005504,5.352876855918696,2.9868754534616637,6.272632573325756,4.256585392938548,5.8017293399450836,3.9478489668254433,5.0715609977487475,11.694738765072543,71.43510099558625,112.42875500465743,92.312395,161.105189,0.05615453728661276,0.0
1d29c3ef-49d1-4269-a194-c6195c93f8d9,P06,P06_S1,cup,P06_T08,8,2,I_H,1,0,1,17.209905234980397,17.209905234980397,8.71224381600041,1.5929852209810633,5.011026113003027,1.8936500849958975,6.312,2.866,166,0,67.983059,217,138,0.6359447004608295,0,1.3001695130078588,0.9646279590087943,F:\sun\sunhan\消融实验数据\P06\P06_S1\G01_cup\R2\I_H_1d29c3ef-49d1-4269-a194-c6195c93f8d9_summary.json,4.388799212048025,2.464592758060585,6.312070475988458,3.6992920321428535,6.049312064223709,4.253276111803589,5.402746003344073,4.097335662816659,5.0714109966065735,14.621680020354688,80.03637480433102,127.62423598906025,133.690446,203.316761,0.06100698272693863,0.0
e4ceb30c-1e51-4157-892b-70d98922546d,P06,P06_S1,cup,P06_T05,5,2,I_H_G,1,1,1,10.853608100995189,10.853608100995189,3.2872668229974806,1.416634533990873,4.302518106007483,1.847188637999352,6.261,3.092,103,0,67.047232,93,57,0.6129032258064516,0,0.6557918080070522,0.6509104470023885,F:\sun\sunhan\消融实验数据\P06\P06_S1\G01_cup\R2\I_H_G_e4ceb30c-1e51-4157-892b-70d98922546d_summary.json,3.947945351399321,2.720342580385029,5.688977157933219,2.996042694084989,6.260987445454191,4.493295037462292,4.813321584675315,4.046681920859922,5.0717069825623184,12.685572901682425,77.83844672259875,118.41319600353017,103.590307,169.561718,0.055675675675675676,0.0
db240294-5d10-43bd-aaa6-3e87bf0f5a7e,P06,P06_S1,apple,P06_T12,12,1,I,0,0,1,16.082769786007702,16.082769786007702,6.271936028992059,0.9970939030172303,7.501731825992465,1.3120080280059483,7.334,3.007,161,0,84.93514,235,54,0.2297872340425532,0,1.5367050069908146,1.5326318320003338,F:\sun\sunhan\消融实验数据\P06\P06_S1\G02_apple\R1\I_db240294-5d10-43bd-aaa6-3e87bf0f5a7e_summary.json,3.7873012905072136,2.3213089538388596,3.5672710098739016,3.0826447943565425,7.334367241564686,4.767600977547876,3.3582163925025688,2.9397592135798445,5.07253801333718,21.046313812257697,80.0978659768585,105.7749750034418,133.757475,192.296642,0.06697171381031614,0.0
5686cc31-4580-4e9b-844a-9caa19d75c3d,P06,P06_S1,apple,P06_T09,9,1,I_G,0,1,1,17.532594582997262,17.532594582997262,8.127509014011594,1.213008079008432,6.787913137988653,1.4041643519885838,7.772,2.928,178,0,133.917787,269,134,0.49814126394052044,0,1.573671463993378,1.518618008994963,F:\sun\sunhan\消融实验数据\P06\P06_S1\G02_apple\R1\I_G_5686cc31-4580-4e9b-844a-9caa19d75c3d_summary.json,3.771585096330295,2.244599505814337,4.805421523047377,3.6371774687340417,7.771626065136901,4.79832124561058,3.9536020958730886,3.3287691971940414,5.072035492048599,22.01306415081491,80.51577917503886,106.85923899291083,133.699537,170.621602,0.06696764484574869,0.0
5aebba84-e34e-43a5-aa6f-a7d2fe9a700b,P06,P06_S1,apple,P06_T11,11,1,I_H,1,0,1,14.621407177997753,14.621407177997753,5.607375045976369,1.114475863025291,6.572776510991389,1.3267797580047045,6.939,2.9,149,0,87.792063,216,29,0.13425925925925927,0,0.7757747599971481,0.769349450012669,F:\sun\sunhan\消融实验数据\P06\P06_S1\G02_apple\R1\I_H_5aebba84-e34e-43a5-aa6f-a7d2fe9a700b_summary.json,2.373334766876808,1.762113946545894,2.000414300135306,1.7199127416702158,6.939061113016876,4.941024569688223,4.3487405975497015,3.5906476934257263,5.0717109988909215,19.862193599692525,78.18632377544414,160.1986050081905,133.763333,182.730544,0.06558098591549295,0.0
e16e54b9-0742-4ab8-9fd8-5cf0221353a8,P06,P06_S1,apple,P06_T10,10,1,I_H_G,1,1,1,13.714530716009904,13.714530716009904,5.8353254350076895,0.9783513639995363,5.541418004984735,1.3594359120179433,7.534,3.117,145,0,83.633313,209,41,0.19617224880382775,0,1.5067882379807997,1.5027498540002853,F:\sun\sunhan\消融实验数据\P06\P06_S1\G02_apple\R1\I_H_G_e16e54b9-0742-4ab8-9fd8-5cf0221353a8_summary.json,3.138411780548799,2.2584865294844256,3.0823281014863078,2.7319672869109035,7.534175115519792,5.263216858728146,3.9646739199782655,3.468192430633168,5.07195400132332,24.243600506451912,79.57052873825903,105.12043797643855,133.699435,175.082692,0.06951102588686481,0.0
6bf896b7-18c9-42ef-81b9-fe181ebd5cfc,P06,P06_S1,apple,P06_T13,13,2,I,0,0,1,16.29904427600559,16.29904427600559,6.073998653009767,1.0267178550129756,7.810503415996209,1.3878243519866373,7.679,3.229,169,0,134.365411,134,45,0.3358208955223881,0,1.434082040010253,1.3001367410179228,F:\sun\sunhan\消融实验数据\P06\P06_S1\G02_apple\R2\I_6bf896b7-18c9-42ef-81b9-fe181ebd5cfc_summary.json,3.5001821664754855,2.323745866124652,3.438493714118723,2.6301824678297083,7.679212573396437,5.042492158351431,3.7509346211221195,3.506257180619585,5.072687490610406,17.69034155586267,73.09069466573416,106.40045101172291,133.628288,169.085901,0.06575875486381323,0.0
193e962c-b4c7-4d65-8fb2-44719c41d002,P06,P06_S1,apple,P06_T16,16,2,I_G,0,1,1,14.695616681012325,14.695616681012325,5.373698520998005,0.9510570249985904,7.057893376011634,1.3129677590040956,6.913,2.931,152,0,223.322752,221,89,0.40271493212669685,0,1.2582549789804034,1.1558917989896145,F:\sun\sunhan\消融实验数据\P06\P06_S1\G02_apple\R2\I_G_193e962c-b4c7-4d65-8fb2-44719c41d002_summary.json,3.8409482291964356,2.232938358438057,3.7548633626710286,2.8648875474562763,6.9128412665093695,4.614685349103485,3.7112191775280343,2.9961273559926522,5.072362502687611,17.85223412007335,79.90026181767462,131.6968590253964,133.74347,180.569554,0.06672519754170325,0.0
dfbbb438-1df3-4e2f-ad79-516f56d0888d,P06,P06_S1,apple,P06_T14,14,2,I_H,1,0,1,13.794528556987643,13.794528556987643,5.556544746999862,1.00009335600771,5.981503138988046,1.2563873149920255,7.977,3.346,138,0,67.40171,103,38,0.36893203883495146,0,0.8106995059933979,0.807294482976431,F:\sun\sunhan\消融实验数据\P06\P06_S1\G02_apple\R2\I_H_dfbbb438-1df3-4e2f-ad79-516f56d0888d_summary.json,3.608557537645494,2.2678608783516525,5.100134584729845,3.48049785075581,7.976985480983276,5.39919019816349,3.748341752390985,3.3457405661985224,5.071231003967114,23.969762849446838,85.36423402343637,135.49493899336085,66.906242,165.715663,0.06546489563567362,0.0
e2dfa929-b93e-42c1-837f-db4e59b5acfb,P06,P06_S1,apple,P06_T15,15,2,I_H_G,1,1,1,13.59081541901105,13.59081541901105,6.65924410201842,1.0087467129924335,4.7082980450068135,1.2145265589933842,7.7,2.977,140,0,134.173197,162,90,0.5555555555555556,0,2.190983428998152,2.1227062010148074,F:\sun\sunhan\消融实验数据\P06\P06_S1\G02_apple\R2\I_H_G_e2dfa929-b93e-42c1-837f-db4e59b5acfb_summary.json,4.335529097921615,2.448385830785614,7.231041983478984,4.357383462254735,7.6998457684766555,5.115244167172919,3.757665652175624,3.328757773632705,5.071879015304148,16.565142589388383,77.88208764512088,106.36338300537318,132.037503,175.277602,0.06395614435815442,0.0
990547bb-0e74-467d-92f0-3c615a046e1b,P06,P06_S1,banana,P06_T18,18,1,I,0,0,1,18.461389245989267,18.461389245989267,6.215638448979007,1.8341781700146385,8.272144957998535,2.1394276689970866,6.747,2.809,171,0,66.908044,131,48,0.366412213740458,0,1.1429370800033212,1.1388931869878434,F:\sun\sunhan\消融实验数据\P06\P06_S1\G03_banana\R1\I_990547bb-0e74-467d-92f0-3c615a046e1b_summary.json,3.0570756287163454,2.217803409034098,3.6109458732860817,3.0970619737047307,6.747066610522375,3.9822359082436383,3.3164977826767488,3.1407170031894984,5.071883002528921,16.88767698506107,81.9794779078804,123.21413500467315,90.439444,169.667776,0.060211267605633806,0.0
e1ac4792-1300-407a-b06a-7a71c265e696,P06,P06_S1,banana,P06_T19,19,1,I_G,0,1,1,19.75618903900613,19.75618903900613,5.241405603999738,3.2238406169926748,7.8555393510032445,3.435403467010474,6.445,2.548,159,0,133.58828,154,4,0.025974025974025976,0,0.8401307319873013,0.8381918529921677,F:\sun\sunhan\消融实验数据\P06\P06_S1\G03_banana\R1\I_G_e1ac4792-1300-407a-b06a-7a71c265e696_summary.json,2.6403163301572494,1.6338278610088872,2.980923518059793,1.9503449706720242,6.445005418718897,4.095788411770691,3.0615254240026717,2.89999305181443,5.071085499366745,7.335806396440588,66.70117919304141,117.68582600052468,66.99262,139.33903,0.047491039426523295,0.0
7025d978-7423-452a-b767-784299187c47,P06,P06_S1,banana,P06_T20,20,1,I_H,1,0,1,15.744106294005178,15.744106294005178,6.484804618987255,1.8532984080084134,5.259692216000985,2.1463110510085244,6.561,2.814,146,0,66.764362,116,43,0.3706896551724138,0,1.1858984690043144,1.1823230230074842,F:\sun\sunhan\消融实验数据\P06\P06_S1\G03_banana\R1\I_H_7025d978-7423-452a-b767-784299187c47_summary.json,3.7418328522758206,2.0301461104422054,5.8043289009747046,4.3308465633223925,6.5614108137981875,4.361893209021994,5.107684162280239,3.1506992207198223,5.071574487374164,16.13358550821431,74.31258040160158,108.24689001310617,133.675841,159.798379,0.05802861685214626,0.0
7ba4d481-d720-48ea-b161-29a1166a6ee9,P06,P06_S1,banana,P06_T17,17,1,I_H_G,1,1,1,16.919131746981293,16.919131746981293,3.779135163000319,3.018587058992125,6.816016739991028,3.305392784997821,5.929,2.939,130,0,134.03155,101,8,0.07920792079207921,0,1.1289135639963206,1.1277909030031879,F:\sun\sunhan\消融实验数据\P06\P06_S1\G03_banana\R1\I_H_G_7ba4d481-d720-48ea-b161-29a1166a6ee9_summary.json,2.3151944404298233,1.6136008573608394,4.286954413500881,2.0550195651748497,5.929415130930141,4.429719206294029,5.838650864539949,4.223209901879273,5.071268999017775,6.9114137935684985,67.8885403735328,104.76581798866391,133.615265,170.214836,0.04521739130434783,0.0
2ae1b05b-1bfb-4ab1-a64f-9c5d5c14e302,P06,P06_S1,banana,P06_T23,23,2,I,0,0,1,17.850812488002703,17.850812488002703,4.850148110999726,1.9503840529941954,8.786244699993404,2.264035624015378,6.108,2.594,155,0,157.968699,107,14,0.1308411214953271,0,1.0968098450102843,1.0965014410030562,F:\sun\sunhan\消融实验数据\P06\P06_S1\G03_banana\R2\I_2ae1b05b-1bfb-4ab1-a64f-9c5d5c14e302_summary.json,2.501517600993327,1.8752087744651038,2.076239827622022,1.5399199589641275,6.107836126167405,3.9647275526623553,5.199083282283681,3.6627329411213254,5.07083599222824,8.37480102200061,66.8121378112117,109.8291749949567,66.857637,147.665429,0.0519959745051996,0.0
099f2ba1-0234-488c-93dd-463cbb240a0f,P06,P06_S1,banana,P06_T22,22,2,I_G,0,1,1,17.852824814995984,17.852824814995984,5.9098151180078276,3.1123841590015218,5.4924295480013825,3.338195989985252,6.363,2.315,143,0,105.391332,172,49,0.28488372093023256,0,0.771296500985045,0.7664723199850414,F:\sun\sunhan\消融实验数据\P06\P06_S1\G03_banana\R2\I_G_099f2ba1-0234-488c-93dd-463cbb240a0f_summary.json,2.5652668612372582,1.5695544429731503,2.0934873325027725,1.0483295847203005,6.362631102205462,4.18162444712282,5.162518533424304,3.6749686444093936,5.071921012131497,8.325927752593998,64.8535421307311,117.75333399418741,133.746355,167.561546,0.048376184032476316,0.0
880e27a5-8ad3-40ec-9f43-9b4543cd2a5b,P06,P06_S1,banana,P06_T21,21,2,I_H,1,0,1,15.803769625985296,15.803769625985296,7.074895793979522,1.7529851970029995,4.807034697005292,2.1688539379974827,7.655,2.607,140,0,76.657062,152,21,0.13815789473684212,0,0.9181048260070384,0.9138907800079323,F:\sun\sunhan\消融实验数据\P06\P06_S1\G03_banana\R2\I_H_880e27a5-8ad3-40ec-9f43-9b4543cd2a5b_summary.json,3.0014594663245164,1.6368332472653384,4.653312460222979,2.7185613245334537,7.654567607308976,5.1592995742187915,5.811902260185617,3.6108616148861112,5.0702970183920115,8.892701612785455,57.85585146746648,148.2234330032952,131.37503650000002,267.845352,0.0525328330206379,0.0
28d701c7-5e91-4a4c-a4ae-6849120cf214,P06,P06_S1,banana,P06_T24,24,2,I_H_G,1,1,1,18.615769294992788,18.615769294992788,4.8008634409925435,3.15352492799866,7.322250758996233,3.339130167005351,6.558,2.691,141,0,175.041595,139,33,0.23741007194244604,0,0.8976166539941914,0.8963971939811017,F:\sun\sunhan\消融实验数据\P06\P06_S1\G03_banana\R2\I_H_G_28d701c7-5e91-4a4c-a4ae-6849120cf214_summary.json,2.5166466266471086,1.6562361163926347,2.8050142484058784,2.364381835662552,6.557634002872825,4.233984749233841,5.872019184691905,3.7146377124247314,5.071455001598224,6.997417306411047,65.02398845739665,114.81157201342285,133.411507,147.358454,0.04469096671949287,0.0
5b75c440-6577-4741-bcff-585fc675b578,P06,P06_S2,mouse,P06_T25,25,1,I,0,0,1,15.548184106999543,15.548184106999543,5.753483294014586,1.322228211996844,6.896321680978872,1.5761509200092405,6.598,3.211,148,0,103.03177,127,76,0.5984251968503937,0,1.0724075990146957,1.0701609090028796,F:\sun\sunhan\消融实验数据\P06\P06_S2\G04_mouse\R1\I_5b75c440-6577-4741-bcff-585fc675b578_summary.json,3.417764286442734,2.5538478948166112,5.116994053108131,2.9713626136286044,6.597886918433687,4.742659373247427,5.286230107243947,3.9426856045980636,5.072229003417306,11.974520499643395,75.15296527417382,111.74969698186032,133.547906,195.896803,0.05934242181234964,0.0
665cade5-0b83-49df-aef4-8dec126ca6ea,P06,P06_S2,mouse,P06_T28,28,1,I_G,0,1,1,14.278195866994793,14.278195866994793,5.011524986010045,1.159870225994382,6.592831349000335,1.513969305990031,6.64,3.142,144,0,66.780161,147,88,0.5986394557823129,0,1.0534753119864035,1.050384689006023,F:\sun\sunhan\消融实验数据\P06\P06_S2\G04_mouse\R1\I_G_665cade5-0b83-49df-aef4-8dec126ca6ea_summary.json,3.9496474623404274,2.8778500663268383,3.497982188386787,2.389514749628507,6.639909115923098,4.509786505661836,4.920225680715788,3.835860151271632,5.071804000181146,19.961609512392787,76.63452245731543,104.84955899300985,133.673757,177.47864,0.06255430060816682,0.0
2e561b84-685f-45b4-b3e8-b43369f523ce,P06,P06_S2,mouse,P06_T26,26,1,I_H,1,0,1,14.532820420979988,14.532820420979988,5.746052409987897,1.334966140013421,5.750918237987207,1.700883632991463,6.771,3.388,139,292,67.172809,117,52,0.4444444444444444,0,1.019543395988876,1.018273652996868,F:\sun\sunhan\消融实验数据\P06\P06_S2\G04_mouse\R1\I_H_2e561b84-685f-45b4-b3e8-b43369f523ce_summary.json,3.683930744940102,2.6114390842401907,6.447547469793606,3.8540909191933084,6.770738772050331,5.014812300213968,5.131396600667741,4.345364025246466,5.072333995485678,18.086693197255922,79.27242095931452,123.74597898451611,113.29132,169.754132,0.060199220441749676,0.12646167171935904
c5fb6bac-581c-4449-bd7f-0cdc77cf118c,P06,P06_S2,mouse,P06_T27,27,1,I_H_G,1,1,1,13.294739100005245,13.294739100005245,5.947181270021247,1.1985114220005926,4.537100788002135,1.6119456199812703,6.52,3.009,127,165,133.742606,133,87,0.6541353383458647,0,0.7713462130050175,0.7676834820013028,F:\sun\sunhan\消融实验数据\P06\P06_S2\G04_mouse\R1\I_H_G_c5fb6bac-581c-4449-bd7f-0cdc77cf118c_summary.json,4.467824024822456,2.9307443889123106,5.158478426081638,2.647486434821712,6.520102999456905,4.739609547748825,4.302708776442362,3.9411369344163587,5.071619991213083,11.944134999066572,62.80687742517334,105.22024298552424,133.348855,165.625001,0.056269384138236594,0.07310589277802393
7a0a2963-3d56-4646-bf71-4a2966d589f5,P06,P06_S2,mouse,P06_T32,32,2,I,0,0,1,18.827031394001096,18.827031394001096,4.887898960005259,1.5057842629903462,10.576287950010737,1.8570602209947538,6.533,3.308,180,0,191.526937,110,45,0.4090909090909091,0,1.1063737060176209,1.1052155140205286,F:\sun\sunhan\消融实验数据\P06\P06_S2\G04_mouse\R2\I_7a0a2963-3d56-4646-bf71-4a2966d589f5_summary.json,3.397868741232076,2.529445933639821,4.7441280053277115,2.3374799897955456,6.532728127733091,4.6489650027253395,5.8852971165471315,3.5230135055070333,5.071549006970599,24.30342699517496,81.3180120079776,104.69449299853295,66.824012,158.269449,0.06472491909385113,0.0
55958591-e3f2-4656-a0bf-8a11d4a04c4d,P06,P06_S2,mouse,P06_T29,29,2,I_G,0,1,1,15.708521971973823,15.708521971973823,5.39719800997409,1.2180181090079714,7.427640700014308,1.6656651529774535,6.461,3.344,147,0,133.698887,139,79,0.5683453237410072,0,0.8112209200044163,0.808036931004608,F:\sun\sunhan\消融实验数据\P06\P06_S2\G04_mouse\R2\I_G_55958591-e3f2-4656-a0bf-8a11d4a04c4d_summary.json,3.9790687465435575,2.752920857437762,4.754258996544614,2.5355552779530797,6.460925603178157,4.642683647546553,6.1508452651290195,4.79373006447134,5.071677514933981,16.63958703575189,77.86662502592664,116.12768800114281,116.351962,162.096702,0.059274193548387095,0.0
9cb88807-ba9b-45d7-9e91-13acf15402d5,P06,P06_S2,mouse,P06_T31,31,2,I_H,1,0,1,16.479325977998087,16.479325977998087,5.330580498994095,1.395302940014517,8.180225099989912,1.5732174389995635,8.434,3.948,158,655,84.174403,107,52,0.48598130841121495,0,0.5070785410061944,0.5039705740055069,F:\sun\sunhan\消融实验数据\P06\P06_S2\G04_mouse\R2\I_H_9cb88807-ba9b-45d7-9e91-13acf15402d5_summary.json,3.959824940555071,2.9504469962875497,6.448339533515621,3.3558690255802652,8.027080152758275,5.340921067455644,8.434117104276764,7.339675848858611,5.071778490673751,17.655802983790405,78.17250895866889,106.2178089923691,108.836641,157.658171,0.0626984126984127,0.25992063492063494
e4c69165-4984-475e-8bb3-c321dd6d55c4,P06,P06_S2,mouse,P06_T30,30,2,I_H_G,1,1,1,13.851626185001805,13.851626185001805,4.8876471940020565,1.1488254709984176,6.1013421500101686,1.7138113699911628,6.379,3.196,132,203,67.205774,136,87,0.6397058823529411,0,0.9218284729868174,0.9208975329820532,F:\sun\sunhan\消融实验数据\P06\P06_S2\G04_mouse\R2\I_H_G_e4c69165-4984-475e-8bb3-c321dd6d55c4_summary.json,3.510506670345111,2.3905301518003017,5.665848476186978,3.416933534085601,6.379386335096916,4.518981328159966,5.512648618270553,3.9185912212765692,5.0711145013337955,10.411903589556388,76.67100285121705,133.13323000329547,67.205774,168.254617,0.058098591549295774,0.08934859154929578
59ebe21f-372c-41ff-8746-fe553c52338f,P06,P06_S2,bottle,P06_T35,35,1,I,0,0,1,15.895506063010544,15.895506063010544,3.9668463669950143,1.5788443369965535,8.422119769005803,1.9276955900131725,6.84,3.177,152,0,161.602374,89,43,0.48314606741573035,0,0.6535378659900744,0.6456510470015928,F:\sun\sunhan\消融实验数据\P06\P06_S2\G05_bottle\R1\I_59ebe21f-372c-41ff-8746-fe553c52338f_summary.json,3.270932107280267,2.375266384988129,5.365767129468201,2.9968690525709367,6.8398864384092155,4.2988105764560185,5.4307371236758675,3.9351955272888537,5.071574996691197,11.987471295287818,68.43519981252028,187.72027600789443,95.638364,144.74897299999995,0.05786067757898744,0.0
b95a12d7-42f6-4c6f-acb3-78086624fcaf,P06,P06_S2,bottle,P06_T34,34,1,I_G,0,1,1,14.792969714006176,14.792969714006176,3.7843333809869364,1.7029829700186383,7.345532293984434,1.960121069016168,6.651,3.23,133,0,75.717593,135,92,0.6814814814814815,0,0.8336521849851124,0.8314761439978611,F:\sun\sunhan\消融实验数据\P06\P06_S2\G05_bottle\R1\I_G_b95a12d7-42f6-4c6f-acb3-78086624fcaf_summary.json,3.3197394689843973,2.3871575925287325,5.3594418219821085,2.4823456406416655,6.6513703004695754,4.739100689196277,5.028636271392114,3.8936317278518713,5.071237013908103,14.163794610067177,73.35125821526165,115.8066019997932,100.669402,181.566206,0.05525550477773162,0.0
6e25cfe4-3e26-4cab-960a-b816bed3f9f2,P06,P06_S2,bottle,P06_T33,33,1,I_H,1,0,1,13.698315120011102,13.698315120011102,4.217908446007641,1.6823057119909208,5.816803719004383,1.9812972430081572,7.018,3.077,129,0,157.108721,124,72,0.5806451612903226,0,0.8040899950137828,0.8013404120283667,F:\sun\sunhan\消融实验数据\P06\P06_S2\G05_bottle\R1\I_H_6e25cfe4-3e26-4cab-960a-b816bed3f9f2_summary.json,2.973531368793548,2.2963719236380267,5.076050173743101,2.6258394128312292,7.017624133072103,4.755475985030893,5.308702663404985,3.9062259965171497,5.0728279748000205,13.589550973847508,73.13668619608505,141.899623995414,95.066534,158.918627,0.05756358768406961,0.0
aadf357a-2fad-421c-9a9c-4c759d6a7e9e,P06,P06_S2,bottle,P06_T36,36,1,I_H_G,1,1,1,12.771344187000068,12.771344187000068,4.402941503998591,1.5386485570052173,4.807490745995892,2.0222633800003678,6.591,2.806,120,0,66.899384,99,56,0.5656565656565656,0,1.1893379880057182,1.1860618109931238,F:\sun\sunhan\消融实验数据\P06\P06_S2\G05_bottle\R1\I_H_G_aadf357a-2fad-421c-9a9c-4c759d6a7e9e_summary.json,2.5098668312045658,1.7038628898742123,3.6304674493390987,2.2262160295381723,6.590602208151554,4.643748758235739,5.303909179819674,4.044457581724699,5.071708001196384,10.690065621747555,75.75952090730433,115.50037600682117,86.477242,176.988815,0.05652378709373528,0.0
e796291e-c63c-4b70-8073-20cf9fb31cec,P06,P06_S2,bottle,P06_T38,38,2,I,0,0,1,15.88048990900279,15.88048990900279,4.884826121997321,1.648540061985841,7.349436461023288,1.9976872639963403,8.676,3.313,151,0,96.177214,129,75,0.5813953488372093,0,1.3533845490019303,1.3523471450025681,F:\sun\sunhan\消融实验数据\P06\P06_S2\G05_bottle\R2\I_e796291e-c63c-4b70-8073-20cf9fb31cec_summary.json,2.840348660605394,2.0988129239899687,5.724141775165096,2.8950970365112023,8.676317794654226,5.464692686066468,6.157810858971499,3.850338044559251,5.071872990811244,17.797059199074145,74.13327275775288,103.86669400031678,133.769414,176.949504,0.060960839725474364,0.0
f265e6d4-d71f-444e-a66a-ddf8767756d6,P06,P06_S2,bottle,P06_T39,39,2,I_G,0,1,1,14.015350742993178,14.015350742993178,5.803866005997406,1.7430600610096008,4.49456292699324,1.973861748992931,7.177,2.906,133,0,93.579588,136,68,0.5,0,1.7146886709961109,1.7135364360001404,F:\sun\sunhan\消融实验数据\P06\P06_S2\G05_bottle\R2\I_G_f265e6d4-d71f-444e-a66a-ddf8767756d6_summary.json,3.1208218938888876,2.001129679848164,7.177398204071714,3.5472632695853226,6.771130317619991,4.937289928987807,4.8155456079716865,3.98790089655293,5.070946994237602,10.937446577008728,78.34788964362815,103.26929000439122,93.467713,147.55555,0.05770065075921909,0.0
f13bbb1d-025b-4150-a595-acd358dd1b8e,P06,P06_S2,bottle,P06_T40,40,2,I_H,1,0,1,11.496671269997023,11.496671269997023,2.9939611529989634,1.7769993710098788,4.760708866990171,1.9650018789980095,6.892,3.265,108,0,55.246315,83,49,0.5903614457831325,0,0.9664258559932932,0.9624133429897483,F:\sun\sunhan\消融实验数据\P06\P06_S2\G05_bottle\R2\I_H_f13bbb1d-025b-4150-a595-acd358dd1b8e_summary.json,3.8594105286207063,2.4044340480304096,6.662803212089178,3.505079999739494,6.892294581424859,4.875274724686542,5.120987782353449,4.071626349223841,5.070889019407332,8.556605149351498,72.64171593938957,138.15549600985833,82.760762,154.707864,0.0531496062992126,0.0
a50d50a2-d7b7-4a52-8475-31570307c555,P06,P06_S2,bottle,P06_T37,37,2,I_H_G,1,1,1,14.632231372001115,14.632231372001115,4.525801017007325,1.5583371910033748,6.542800469003851,2.005292694986565,6.595,3.154,139,0,72.255685,93,42,0.45161290322580644,0,1.0135563680087216,1.013082460995065,F:\sun\sunhan\消融实验数据\P06\P06_S2\G05_bottle\R2\I_H_G_a50d50a2-d7b7-4a52-8475-31570307c555_summary.json,2.759771578759641,2.0115585451059492,5.177103342590786,2.875277895696391,6.5945328807816574,4.773843672474932,4.425286365822811,3.9150595968667834,5.070876984973438,13.091588903625937,74.2400082689709,137.71202001953498,98.220003,139.120136,0.0578684429641965,0.0
9f7aefc0-4b80-4169-a3bd-488280afad7c,P06,P06_S2,scissors,P06_T44,44,1,I,0,0,1,13.625306059984723,13.625306059984723,3.936190042993985,2.4800156260025688,4.451650208997307,2.757450181990862,6.226,2.946,120,0,162.823837,140,11,0.07857142857142857,0,0.7457426809996832,0.7421570660080761,F:\sun\sunhan\消融实验数据\P06\P06_S2\G06_scissors\R1\I_9f7aefc0-4b80-4169-a3bd-488280afad7c_summary.json,4.136691850139731,2.8820906737171406,6.210458025440322,2.347441308421947,6.225678027730434,4.355550491742066,5.604818098433929,4.020796092591265,5.071093008155003,9.499274182599066,75.14912736252859,123.81549700512551,133.495563,211.349495,0.05233318796336677,0.0
6a233879-1bdf-41db-b190-95555e0993a2,P06,P06_S2,scissors,P06_T41,41,1,I_G,0,1,1,12.312467571988236,12.312467571988236,3.7590965410054196,1.8454666920006275,4.523324327979935,2.1845800110022537,6.174,3.101,109,0,136.543001,61,22,0.36065573770491804,0,0.6047087949991692,0.6008332319906913,F:\sun\sunhan\消融实验数据\P06\P06_S2\G06_scissors\R1\I_G_6a233879-1bdf-41db-b190-95555e0993a2_summary.json,3.6234278471731463,2.3564430936780516,6.174274171472518,3.981699962697866,5.603113491838702,4.153154931524572,5.306249544593666,4.140186738603385,5.072042025858536,7.9700780770508155,69.73218953760767,137.1078220254276,133.275432,145.295762,0.05095839177185601,0.0
47a3ea98-2eba-4ece-a2e0-6532c271e2a7,P06,P06_S2,scissors,P06_T43,43,1,I_H,1,0,1,13.797705601988127,13.797705601988127,3.8527451059781015,2.464648331020726,4.7087742739822716,2.7715378910070285,6.067,2.767,115,25,134.674223,191,59,0.3089005235602094,0,0.5923906730022281,0.5855799989949446,F:\sun\sunhan\消融实验数据\P06\P06_S2\G06_scissors\R1\I_H_47a3ea98-2eba-4ece-a2e0-6532c271e2a7_summary.json,3.6273617484819938,2.5467418475725294,6.06681706064154,3.042101804569495,5.530323995225909,3.9054077367911972,3.347693599440346,3.1085656051726827,5.07163698785007,7.769466412719333,67.85744993365428,117.87436698796228,133.635662,154.47742,0.04757964418700869,0.01034340091021928
d940fe0c-2140-4424-8268-18ff991df07d,P06,P06_S2,scissors,P06_T42,42,1,I_H_G,1,1,1,11.861703322996618,11.861703322996618,3.4406040769827086,1.8572710840089712,4.32474024000112,2.2390879220038187,5.907,3.003,105,78,133.755582,127,10,0.07874015748031496,0,0.9013390800100751,0.8985284920199774,F:\sun\sunhan\消融实验数据\P06\P06_S2\G06_scissors\R1\I_H_G_d940fe0c-2140-4424-8268-18ff991df07d_summary.json,3.4668356980827313,2.434714349274542,5.446196906743004,2.9340520261085468,5.906678298057041,4.499150553888776,5.86433519253987,3.7237532232101436,5.0716430123429745,8.31250726187136,73.7873517625848,106.68570201960392,128.162599,161.091775,0.05136986301369863,0.03816046966731898
d820f4b6-fdae-421f-a409-631b61abf4ac,P06,P06_S2,scissors,P06_T45,45,2,I,0,0,1,14.843122313992353,14.843122313992353,3.831478267995408,2.4534695660113357,5.7838862399803475,2.774288240005262,5.994,2.931,129,0,122.801017,105,56,0.5333333333333333,0,0.9996914539951831,0.9964155349880457,F:\sun\sunhan\消融实验数据\P06\P06_S2\G06_scissors\R2\I_d820f4b6-fdae-421f-a409-631b61abf4ac_summary.json,2.8246740917739097,1.9978109651155223,5.332164560784368,3.3949585389896164,5.994480809715437,3.9959318218124054,4.106700254239058,3.5762977471628252,5.071498482720926,8.83886678930139,68.17449396825396,141.30340999690816,133.969602,174.987839,0.0513126491646778,0.0
4fcd5465-06a4-4efd-8611-21d9e036e41f,P06,P06_S2,scissors,P06_T48,48,2,I_G,0,1,1,14.072927303990582,14.072927303990582,2.8045642790093552,1.9005421359906904,7.173574654007098,2.1942462349834386,6.69,3.42,125,0,65.322939,193,29,0.15025906735751296,0,0.6340320089948364,0.6303683779842686,F:\sun\sunhan\消融实验数据\P06\P06_S2\G06_scissors\R2\I_G_4fcd5465-06a4-4efd-8611-21d9e036e41f_summary.json,3.8607853734151703,2.4768058823712145,6.428960784634465,3.6841126983406665,6.689572006698509,4.526320978432794,5.616507487535274,3.9836012936781504,5.071499486803077,12.028878394630718,76.89856413489882,137.44181400397792,133.638191,167.504956,0.05530973451327434,0.0
ae0d2e80-364f-428a-aee5-2de39a40b661,P06,P06_S2,scissors,P06_T46,46,2,I_H,1,0,1,14.766968140989775,14.766968140989775,3.1069923269969877,2.4547269530012272,6.376296434988035,2.828952426003525,5.766,3.226,128,55,98.614633,40,8,0.2,0,0.7083929830114357,0.7046776130155195,F:\sun\sunhan\消融实验数据\P06\P06_S2\G06_scissors\R2\I_H_ae0d2e80-364f-428a-aee5-2de39a40b661_summary.json,3.4625784313118544,2.5713452480826313,4.508653224425056,2.597879749811709,5.7660310278817315,4.344029241916413,5.643714762080896,4.317684977417036,5.071348015917465,7.93012651411118,70.83539579471099,106.41711502103135,98.614633,141.125387,0.05107741420590583,0.02194732641660016
5eec838e-da15-4a39-adbf-2765a88ce4bf,P06,P06_S2,scissors,P06_T47,47,2,I_H_G,1,1,1,11.23399919300573,11.23399919300573,3.0917492790031247,1.7818235559971072,4.242123642005026,2.1183027160004713,6.922,3.169,94,289,198.906912,129,13,0.10077519379844961,0,0.5319626980053727,0.5282541319902521,F:\sun\sunhan\消融实验数据\P06\P06_S2\G06_scissors\R2\I_H_G_5eec838e-da15-4a39-adbf-2765a88ce4bf_summary.json,3.7726102266450017,2.2918446291450225,6.619193504681511,4.040874896778387,6.9224898861017135,4.7985961246720485,5.5295470887641125,4.049324209165858,5.070682993391529,7.426576994475909,64.22074329457253,158.07726699858904,133.707161,197.852661,0.046742913973147684,0.14370959721531576
cb58bf7f-54f3-415f-9d65-b16c58e11270,P07,P07_S1,cup,P07_T04,4,1,I,0,0,1,16.368702223000582,16.368702223000582,5.4367068159917835,1.573086380987661,7.538835881015984,1.8200731450051535,6.023,2.876,148,0,100.559733,115,51,0.4434782608695652,0,1.716764481010614,1.714346361986827,F:\sun\sunhan\消融实验数据\P07\P07_S1\G01_cup\R1\I_cb58bf7f-54f3-415f-9d65-b16c58e11270_summary.json,2.8471384464317246,1.888611945452698,4.365362376276249,2.664452453871248,6.022797437593495,4.20954364487134,5.349971762937063,3.965623735459188,5.070599989267066,14.970504897064568,76.09966973948758,114.72224799217656,114.829843,154.954814,0.05653170359052712,0.0
b07cf6b7-5fb7-4661-93c3-e35cc19e3789,P07,P07_S1,cup,P07_T01,1,1,I_G,0,1,1,15.469726529001491,15.469726529001491,5.127463519020239,1.436789418978151,6.922436559019843,1.9830370319832582,7.708,3.48,139,0,100.639511,104,55,0.5288461538461539,0,1.393818230018951,1.3281215089955367,F:\sun\sunhan\消融实验数据\P07\P07_S1\G01_cup\R1\I_G_b07cf6b7-5fb7-4661-93c3-e35cc19e3789_summary.json,3.4550094095499633,2.026861227321961,6.102037285698595,3.0046321630764674,7.707581913639598,4.845613739460907,7.519189895501647,6.953987331133291,5.0711900112219155,15.131828258745372,76.9719177566004,112.4129040108528,133.527915,148.632033,0.05682747342600163,0.0
682844e4-8872-4b07-9565-623ae21d0836,P07,P07_S1,cup,P07_T03,3,1,I_H,1,0,1,13.550694281002507,13.550694281002507,4.1025541219860315,1.6596712350146845,5.840467085974524,1.9480018380272668,7.022,3.316,131,0,133.757992,100,56,0.56,0,1.1766381870256737,1.1752225280215498,F:\sun\sunhan\消融实验数据\P07\P07_S1\G01_cup\R1\I_H_682844e4-8872-4b07-9565-623ae21d0836_summary.json,3.8850048436494062,2.4283773101004456,7.022094420076352,4.332522987266857,6.851061811683365,4.8272725583157365,3.9736427856944165,3.6884921847526626,5.071383508038707,15.861969981051047,72.33409721142374,104.03350798878819,133.757992,237.409252,0.05927601809954751,0.0
07981e6d-28ff-4231-8888-7b4f3be568f3,P07,P07_S1,cup,P07_T02,2,1,I_H_G,1,1,1,13.146713959984481,13.146713959984481,4.49750403597136,1.5703234350075945,5.199553740007104,1.8793327489984222,6.137,2.959,120,0,66.927596,96,46,0.4791666666666667,0,1.0352427620091476,1.0309510119841434,F:\sun\sunhan\消融实验数据\P07\P07_S1\G01_cup\R1\I_H_G_07981e6d-28ff-4231-8888-7b4f3be568f3_summary.json,2.93702736167831,2.2498332356284103,5.45138964951843,2.8507192352171744,6.1366054298265205,4.4529458856101725,4.223482756905917,3.9667208179833935,5.0714109966065735,11.594810546375665,72.92316132748991,125.12107699876651,133.681229,156.643553,0.05371530886302596,0.0
f8197f33-9d3a-4426-9b21-97f0aca89361,P07,P07_S1,cup,P07_T05,5,2,I,0,0,1,16.04886461800197,16.04886461800197,5.989004772010958,1.628009178006323,6.368566399993142,2.0632842679915484,6.422,3.182,153,0,98.446372,117,34,0.2905982905982906,0,1.2477413169981446,1.2437130800099112,F:\sun\sunhan\消融实验数据\P07\P07_S1\G01_cup\R2\I_f8197f33-9d3a-4426-9b21-97f0aca89361_summary.json,3.6607025544072034,2.4554839670249273,4.656546678604384,2.4618931393127426,6.421686148120026,4.506862909518697,6.115108987307744,4.869695306634462,5.07188998744823,15.232637312146828,78.46048263483686,106.3658140192274,67.090377,145.601106,0.059788980070339975,0.0
d56f75b0-e385-4399-9ac2-abc37e9a6398,P07,P07_S1,cup,P07_T08,8,2,I_G,0,1,1,14.611094758991385,14.611094758991385,4.763225679984316,1.5492633020039648,6.506652711017523,1.791953065985581,6.339,3.629,134,0,67.030169,133,77,0.5789473684210527,0,1.363502599997446,1.3623689179948997,F:\sun\sunhan\消融实验数据\P07\P07_S1\G01_cup\R2\I_G_d56f75b0-e385-4399-9ac2-abc37e9a6398_summary.json,4.4928405748374285,2.622593313941477,6.079118775299324,4.821013450526955,5.774016354378272,4.339607063711718,6.339121627404698,5.544636224552292,5.071272986242548,9.21355550235603,73.17185190331688,131.91137599642389,94.218045,172.416538,0.05651623787431464,0.0
7b037e40-e006-49fd-a821-94cb810eb00a,P07,P07_S1,cup,P07_T06,6,2,I_H,1,0,1,14.337419846007833,14.337419846007833,4.632390199985821,1.4891865930112544,6.3173882070113905,1.8984548459993675,5.678,3.119,136,0,133.617548,134,85,0.6343283582089553,0,0.5323368489916902,0.5289899590134155,F:\sun\sunhan\消融实验数据\P07\P07_S1\G01_cup\R2\I_H_7b037e40-e006-49fd-a821-94cb810eb00a_summary.json,3.1984337227674144,2.3140667269647723,5.371550335871063,2.6878278049985886,5.677570123614034,4.364812209988751,4.595686736428045,4.150027434387618,5.071521503850818,15.487583081994774,74.9686277343426,105.7163650111761,133.563776,161.115676,0.05970149253731343,0.0
d43139aa-ebaf-42f4-b108-70bab9b5e141,P07,P07_S1,cup,P07_T07,7,2,I_H_G,1,1,1,13.699674692004919,13.699674692004919,4.4915025959780905,1.4470305310096592,5.8821908149984665,1.8789507500187028,6.253,3.056,130,0,96.849452,99,52,0.5252525252525253,0,0.7917861159949098,0.791258935991209,F:\sun\sunhan\消融实验数据\P07\P07_S1\G01_cup\R2\I_H_G_d43139aa-ebaf-42f4-b108-70bab9b5e141_summary.json,3.4429969570044525,2.174907118511623,4.66590946340181,2.453611757787058,6.253351708458581,4.443135669074407,5.491391635612335,4.05038760923409,5.071619991213083,12.141401006374508,71.18836301378906,123.61730801058002,70.353107,193.651214,0.05649717514124294,0.0
c87ffc29-231c-4f6a-a165-63729b9a150e,P07,P07_S1,mouse,P07_T10,10,1,I,0,0,1,15.94209572399268,15.94209572399268,6.414613469998585,1.3987103039980866,6.392984784004511,1.7357871659914963,6.038,3.044,148,0,133.964283,173,120,0.6936416184971098,0,1.1099969770002645,1.107320584997069,F:\sun\sunhan\消融实验数据\P07\P07_S1\G02_mouse\R1\I_c87ffc29-231c-4f6a-a165-63729b9a150e_summary.json,3.4146362864905164,2.5959980757612535,4.204568216631852,2.5320444985364357,6.0380030164316825,4.427727008559468,5.572447992531195,4.3114723398398755,5.071756502729841,13.792258985631634,80.83999838563636,132.62378697982058,133.681971,184.008792,0.05929487179487179,0.0
344a2d82-dfa8-40ad-b979-4dbd502cd08c,P07,P07_S1,mouse,P07_T11,11,1,I_G,0,1,1,13.84679985800176,13.84679985800176,5.246296545024961,1.303398998978082,5.731939577002777,1.5651647369959392,6.216,3.112,136,0,66.999316,141,77,0.5460992907801419,0,0.9056815920048393,0.8944642980059143,F:\sun\sunhan\消融实验数据\P07\P07_S1\G02_mouse\R1\I_G_344a2d82-dfa8-40ad-b979-4dbd502cd08c_summary.json,3.886413755552265,2.7218330666330672,4.983250295881749,2.9019548731570275,6.215622335922686,4.603423487422962,4.5128535408299,4.1326758422342404,5.070956976851448,13.911712198751067,82.71862477005973,115.41618898627348,133.577001,155.685267,0.06117858749437697,0.0
0fa7b883-6884-4e6f-8e5b-0b9bb7cfcc9a,P07,P07_S1,mouse,P07_T12,12,1,I_H,1,0,1,14.394560901011573,14.394560901011573,5.022665133001283,1.4474871740094386,6.148409026995068,1.7759995670057833,6.258,3.234,136,91,67.039438,135,80,0.5925925925925926,0,0.6063412080111448,0.6048782120051328,F:\sun\sunhan\消融实验数据\P07\P07_S1\G02_mouse\R1\I_H_0fa7b883-6884-4e6f-8e5b-0b9bb7cfcc9a_summary.json,3.1418005954976405,2.4272335233219997,6.2584377479123905,3.3725524714140276,6.012759383165817,4.592765665869746,5.234121610856543,4.015407311959768,5.071371007943526,13.587208394892532,77.21628678613315,146.2094669986982,133.240515,180.789411,0.05829404200600086,0.03900557222460351
1b39ec14-d735-4c08-898b-18a03cc63f3a,P07,P07_S1,mouse,P07_T09,9,1,I_H_G,1,1,1,13.376770798000507,13.376770798000507,5.220994413975859,1.277973236021353,5.217246076994343,1.6605570710089523,6.559,3.081,128,147,66.939069,142,90,0.6338028169014085,0,0.9883570030215196,0.9847290050238371,F:\sun\sunhan\消融实验数据\P07\P07_S1\G02_mouse\R1\I_H_G_1b39ec14-d735-4c08-898b-18a03cc63f3a_summary.json,3.4664133572237157,2.5181793678128206,5.833989189091552,3.1393619375529496,6.558576539957714,4.605577096160323,5.33426575804835,4.11230938368818,5.072106985608116,13.467469817260264,67.37306700902992,114.4907500129193,133.488417,177.81392285,0.0566622399291722,0.0650730411686587
863deedf-3c5a-4110-a883-d946365fad6a,P07,P07_S1,mouse,P07_T15,15,2,I,0,0,1,17.439486396004213,17.439486396004213,6.08411533900653,1.4310226700035855,8.064678368973546,1.8596700180205517,7.272,3.77,166,0,101.817682,198,103,0.5202020202020202,0,0.8691861960105598,0.8676964950282127,F:\sun\sunhan\消融实验数据\P07\P07_S1\G02_mouse\R2\I_863deedf-3c5a-4110-a883-d946365fad6a_summary.json,3.2591821448837397,2.500000127169807,4.87848294452354,3.692504643464807,6.866691410994342,4.8877055519773975,7.272286710136803,6.725801025692088,5.071474486612715,14.658759914163873,74.01713478815523,105.11172999395058,133.384514,167.559437,0.061664190193164936,0.0
191ac19c-b69d-4d06-9932-a61e5f53abb5,P07,P07_S1,mouse,P07_T14,14,2,I_G,0,1,1,13.003381672024261,13.003381672024261,4.031638776010368,1.188191066001309,6.170046318991808,1.6135055110207759,6.416,3.13,130,0,133.959086,92,32,0.34782608695652173,0,0.7458563889958896,0.7418020140030421,F:\sun\sunhan\消融实验数据\P07\P07_S1\G02_mouse\R2\I_G_191ac19c-b69d-4d06-9932-a61e5f53abb5_summary.json,3.672109361265488,2.6300560617915876,6.109982363455162,3.5511474614433203,6.415932183384576,4.3834324234292525,6.044990871442648,3.7711455234509685,5.072056999779306,13.61328498023795,84.17466723767575,210.99511900683865,133.757574,162.197399,0.0626204238921002,0.0
e8b65a90-004f-4840-94bf-36c7d6070111,P07,P07_S1,mouse,P07_T13,13,2,I_H,1,0,1,13.947089822002454,13.947089822002454,5.463809470005799,1.3927075249957852,5.397654492000584,1.6929183350002859,6.132,2.804,136,95,133.863674,131,71,0.5419847328244275,0,0.6336223210091703,0.6279028769931756,F:\sun\sunhan\消融实验数据\P07\P07_S1\G02_mouse\R2\I_H_e8b65a90-004f-4840-94bf-36c7d6070111_summary.json,3.0921496444683405,2.2907842542838206,4.774508736384102,2.350137387956945,6.132322396805382,4.7359379147385825,4.655214685659063,3.842718334996909,5.072564003057778,18.937613605521634,79.49668435496262,116.45171698182821,133.967855,174.610957,0.06090461262875056,0.04254366323331841
008edfa9-98cf-490a-b518-b5d8eed0bff6,P07,P07_S1,mouse,P07_T16,16,2,I_H_G,1,1,1,13.565664155990817,13.565664155990817,4.5694604809978046,1.2901291039888747,6.075438699015649,1.6306358719884884,6.421,3.098,130,138,93.142518,109,49,0.44954128440366975,0,0.8041339949995745,0.8010692489915527,F:\sun\sunhan\消融实验数据\P07\P07_S1\G02_mouse\R2\I_H_G_008edfa9-98cf-490a-b518-b5d8eed0bff6_summary.json,3.7233525477620715,2.6657976383300697,3.210029867980984,2.26401304910092,6.421423161548168,4.438903119398755,4.719792261225152,3.7250182173629933,5.071204999694601,13.490379991708323,77.76644959230902,116.94299601367675,72.796302,176.965862,0.05826983415508741,0.061855670103092786
e7f241f7-fabe-418e-bed8-7691fe32e0b3,P07,P07_S1,apple,P07_T17,17,1,I,0,0,1,16.457691434014123,16.457691434014123,6.892147086007753,1.0799839470128063,7.176321139995707,1.309239260997856,7.641,2.965,160,0,67.496493,246,122,0.4959349593495935,0,1.906257166992873,1.8408192319911905,F:\sun\sunhan\消融实验数据\P07\P07_S1\G03_apple\R1\I_e7f241f7-fabe-418e-bed8-7691fe32e0b3_summary.json,2.859456828282326,1.9197686229437372,2.5085479683441916,1.8440843247017382,7.640951949555333,5.246142563144146,4.44542594730215,3.907164707424122,5.071609994047321,18.423799642187085,77.7969787537586,132.46249800431542,133.737293,179.501108,0.062063615205585725,0.0
a15b0d59-52c7-4384-a510-fea762ccc77e,P07,P07_S1,apple,P07_T20,20,1,I_G,0,1,1,13.001317530986853,13.001317530986853,5.010787289997097,1.0497381369932555,5.685782362008467,1.255009741988033,8.185,3.055,132,0,133.754386,195,103,0.5282051282051282,0,1.5241249929822516,1.5237005520029925,F:\sun\sunhan\消融实验数据\P07\P07_S1\G03_apple\R1\I_G_a15b0d59-52c7-4384-a510-fea762ccc77e_summary.json,2.7979764511578304,1.8399683025670859,3.6727002039318637,2.3971912080864763,8.18490706369385,5.5272242403495575,3.93489804314431,3.4696835963825308,5.072753003332764,16.911142197204743,78.10771906981248,115.87707500439137,133.750817,189.45308919999985,0.06270783847980997,0.0
1686ffee-beba-4f6b-be77-7b71498af1b6,P07,P07_S1,apple,P07_T18,18,1,I_H,1,0,1,14.512870014994405,14.512870014994405,5.486720465007238,1.082650736992946,6.724417921010172,1.2190808919840492,8.284,2.921,147,0,67.472025,214,108,0.5046728971962616,0,1.188867813005345,1.1385766880121082,F:\sun\sunhan\消融实验数据\P07\P07_S1\G03_apple\R1\I_H_1686ffee-beba-4f6b-be77-7b71498af1b6_summary.json,2.4157035979974735,1.742390833717587,2.1020296465156205,2.014609006215906,8.283570632317145,5.2305335516370315,3.9035180993011394,3.371097428354302,5.072211002698168,18.637755754753016,75.00468535727177,117.0995949942153,133.782483,191.27045,0.06402439024390244,0.0
0d7c192a-f91d-462d-ba55-4b4fa2eea176,P07,P07_S1,apple,P07_T19,19,1,I_H_G,1,1,1,13.896480236988282,13.896480236988282,6.292486841004575,1.1351326369913295,5.209107436996419,1.2597533219959587,7.241,2.91,141,0,134.102802,210,87,0.4142857142857143,0,1.519937172997743,1.4902358779800124,F:\sun\sunhan\消融实验数据\P07\P07_S1\G03_apple\R1\I_H_G_0d7c192a-f91d-462d-ba55-4b4fa2eea176_summary.json,3.097750534547654,2.031072083018754,3.146712133751832,2.564665457575334,7.240652007637976,5.2254121934755,3.9452920720475624,3.5689852385816856,5.072276981081814,18.399784303619526,80.69224888284215,131.72145999851637,133.770122,180.496699,0.06286223807400802,0.0
9d9ceb08-9394-45ac-b9f4-831dc5c12074,P07,P07_S1,apple,P07_T24,24,2,I,0,0,1,14.498149649007246,14.498149649007246,5.064947683014907,1.0561983749794308,7.01304701299523,1.3639565780176781,8.505,3.44,147,0,125.689019,206,116,0.5631067961165048,0,1.4859772390045691,1.4096306829887908,F:\sun\sunhan\消融实验数据\P07\P07_S1\G03_apple\R2\I_9d9ceb08-9394-45ac-b9f4-831dc5c12074_summary.json,3.700987134983642,2.218911842661459,3.4920468024632507,2.7337652440672526,8.50544416111432,5.967870228497051,3.794369820200759,3.315657903854785,5.071728985058144,12.334594267304125,73.67992263956671,106.60137599916197,132.738779,161.06459359999994,0.062340966921119595,0.0
1072b1bc-3dcf-45d0-9435-81e665e196fc,P07,P07_S1,apple,P07_T21,21,2,I_G,0,1,1,14.2734603699937,14.2734603699937,6.033553426997969,1.119699517992558,5.828846049000276,1.2913613760028966,7.926,3.091,139,0,200.413208,200,50,0.25,0,1.5435563620121684,1.5424774439889006,F:\sun\sunhan\消融实验数据\P07\P07_S1\G03_apple\R2\I_G_1072b1bc-3dcf-45d0-9435-81e665e196fc_summary.json,2.859337082032009,1.977459784633846,5.105950326663762,2.6586210737606577,7.925547296701334,5.66169274380087,4.020212307250858,3.5445214120628,5.071928986581042,16.18920958135278,82.18039937608403,106.50237099616788,133.742255,199.577267,0.061970575122603656,0.0
e1560c8b-ec31-404a-9705-92781398a5e1,P07,P07_S1,apple,P07_T23,23,2,I_H,1,0,1,14.387159941979917,14.387159941979917,5.611174064979423,1.024884511018172,6.435612251982093,1.3154891140002292,7.844,3.133,147,0,133.761661,218,84,0.3853211009174312,0,1.586912671016762,1.5833757610234898,F:\sun\sunhan\消融实验数据\P07\P07_S1\G03_apple\R2\I_H_e1560c8b-ec31-404a-9705-92781398a5e1_summary.json,2.887547443845343,1.9541726777733133,2.3559979577937744,2.0008357139966075,7.843705379107611,5.7216485323391915,3.9137408805994798,3.4840730472096304,5.072222993476316,20.064914047543418,82.28644626651625,114.3894949927926,133.729002,176.953163,0.06639566395663957,0.0
fbb27fcb-c15d-47ed-b48d-ba274110ae26,P07,P07_S1,apple,P07_T22,22,2,I_H_G,1,1,1,15.056865505990572,15.056865505990572,7.6215908720041625,1.0632008030079305,5.144226375996368,1.2278474549821112,7.776,2.771,151,0,133.765873,228,144,0.631578947368421,0,2.514884885022184,2.4460232830024324,F:\sun\sunhan\消融实验数据\P07\P07_S1\G03_apple\R2\I_H_G_fbb27fcb-c15d-47ed-b48d-ba274110ae26_summary.json,3.3572095943856306,1.886799086637366,3.003436973470879,2.7171417258538417,7.776449152791792,5.371390216688736,4.1771843305323495,3.5813976014466538,5.0716349796857685,16.622337000444475,71.50432820548305,105.3681549965404,133.758857,183.033078,0.06247414149772445,0.0
0135aa8c-4576-4e4c-82c0-59edcee41b82,P07,P07_S2,banana,P07_T27,27,1,I,0,0,1,20.512579100002768,20.512579100002768,6.394398584001465,1.827528967987746,10.018922188988654,2.271729359024903,5.713,2.542,187,0,133.870247,136,18,0.1323529411764706,0,1.0410146520007402,1.0387927370029502,F:\sun\sunhan\消融实验数据\P07\P07_S2\G04_banana\R1\I_0135aa8c-4576-4e4c-82c0-59edcee41b82_summary.json,1.676323657339743,1.1149195879929439,3.227315878410152,2.2757217127121954,5.712926291698917,3.8775966466963605,5.005343968436459,3.2947271286673843,5.072294996352866,10.295455416780854,73.1938898866061,105.93731497647241,67.191088,158.983272,0.05802047781569966,0.0
c1e5c1d6-c143-4eba-a684-d2c901cbc8a0,P07,P07_S2,banana,P07_T26,26,1,I_G,0,1,1,18.50371545398957,18.50371545398957,4.93889119499363,3.2684081080078613,6.948581231990829,3.3478349189972505,6.093,2.601,150,0,139.516732,176,52,0.29545454545454547,0,1.6503278680029325,1.6489290409954265,F:\sun\sunhan\消融实验数据\P07\P07_S2\G04_banana\R1\I_G_c1e5c1d6-c143-4eba-a684-d2c901cbc8a0_summary.json,2.3674161475332687,1.5819491886060588,3.527744798813775,1.8196486495609046,6.092519297750049,3.943532839329688,5.380597189674219,3.8386293095756874,5.071698979008943,7.768088398734106,67.75534082669776,159.4851489935536,133.604024,143.153997,0.049850448654037885,0.0
317c3f23-f60e-485d-b0d5-25ef8a61a77a,P07,P07_S2,banana,P07_T25,25,1,I_H,1,0,1,17.029369518975727,17.029369518975727,8.113101026974618,1.758066726004472,4.957669787021587,2.20053197897505,6.386,2.315,161,0,67.496008,78,0,0.0,0,1.3790077960002236,1.3683972920116503,F:\sun\sunhan\消融实验数据\P07\P07_S2\G04_banana\R1\I_H_317c3f23-f60e-485d-b0d5-25ef8a61a77a_summary.json,2.9870296157182366,2.0059143788763607,3.2159291385096247,1.9846254943982538,6.386159308986621,3.7246359071502884,5.004937098038918,3.256247608955994,5.071659485111013,12.397981740650682,74.86091880069579,130.45715299085714,125.555183,143.184965,0.058460421205519246,0.0
5344036f-0d27-42eb-92b2-d430df4633d5,P07,P07_S2,banana,P07_T28,28,1,I_H_G,1,1,1,17.67688089798321,17.67688089798321,4.796355461992789,3.1440469909866806,6.304260675999103,3.4322177690046374,5.862,2.623,134,0,150.290838,176,70,0.3977272727272727,0,2.1570693340036087,2.15579119999893,F:\sun\sunhan\消融实验数据\P07\P07_S2\G04_banana\R1\I_H_G_5344036f-0d27-42eb-92b2-d430df4633d5_summary.json,2.6753278582916624,1.5336589773703506,2.2936675091052727,1.7337463931902128,5.8619032464802565,4.132307326112472,5.266732255581333,4.070856781357268,5.07144900620915,7.09159770340193,74.71390470978807,120.97291002282873,133.821926,158.266708,0.045906132237067486,0.0
d0c8343e-d16d-4c1a-a039-563a735e5636,P07,P07_S2,banana,P07_T30,30,2,I,0,0,1,17.274984268005937,17.274984268005937,4.158986755996011,1.8491074650082737,9.07481974698021,2.1920703000214417,5.762,2.457,157,0,134.015444,96,26,0.2708333333333333,0,1.5243213749781717,1.5202340279938653,F:\sun\sunhan\消融实验数据\P07\P07_S2\G04_banana\R2\I_d0c8343e-d16d-4c1a-a039-563a735e5636_summary.json,2.1809117188015636,1.3286587784868935,1.719534431880206,1.0826494344964879,5.76229657089467,3.6851928024910663,5.6722686388767976,3.778479932737778,5.0714150129351765,11.201472388347435,70.69442194595476,104.57640598178841,67.193467,149.345577,0.05698729582577133,0.0
94424c99-dac2-44c1-a6ab-c91e01d61cd1,P07,P07_S2,banana,P07_T31,31,2,I_G,0,1,1,20.357903959986288,20.357903959986288,5.083458625013009,3.078602717985632,8.793367014004616,3.4024756029830314,5.865,2.759,163,0,133.944348,122,22,0.18032786885245902,0,1.2502209020021837,1.2488208209979348,F:\sun\sunhan\消融实验数据\P07\P07_S2\G04_banana\R2\I_G_94424c99-dac2-44c1-a6ab-c91e01d61cd1_summary.json,2.078519723252645,1.345439725457167,5.0453937514365945,2.3647841248982933,5.864744434884805,3.937732965224327,5.231949841594734,4.177515153723318,5.07142799324356,7.742285303538643,72.81442875508215,123.04840801516548,114.093659,146.874291,0.048758600059826504,0.0
1b608d6e-746d-4843-9b9a-b5d8f3670ad6,P07,P07_S2,banana,P07_T32,32,2,I_H,1,0,1,17.717502793995664,17.717502793995664,5.310731814999599,1.8622405320056714,8.302184193977155,2.2423462530132383,5.98,2.528,169,0,135.360278,91,17,0.18681318681318682,0,1.6507430459896568,1.6489388369955122,F:\sun\sunhan\消融实验数据\P07\P07_S2\G04_banana\R2\I_H_1b608d6e-746d-4843-9b9a-b5d8f3670ad6_summary.json,2.7946158792749034,1.5289440353221382,1.6132326105040913,1.1375878063443319,5.980458422040878,3.915967135893026,5.729773984731865,3.8603254176548694,5.071050021797419,13.93168031645473,71.02948491927232,105.98591499729082,66.945195,140.946993,0.06037870668095748,0.0
e80f3307-855e-41fa-9533-ff2913c7c889,P07,P07_S2,banana,P07_T29,29,2,I_H_G,1,1,1,18.879254070983734,18.879254070983734,4.74452207799186,3.148261274007382,7.573678744985955,3.4127919739985373,5.677,2.48,143,0,111.754007,116,1,0.008620689655172414,0,1.2053118399926461,1.2017225549789146,F:\sun\sunhan\消融实验数据\P07\P07_S2\G04_banana\R2\I_H_G_e80f3307-855e-41fa-9533-ff2913c7c889_summary.json,1.8240044868089027,1.2514501878879887,4.508867023298778,1.4653006543431364,5.677374157573916,3.8939574545567215,4.7790273769502,3.7545412981859614,5.070937011623755,7.271986993146129,65.09008401189931,120.23043999215588,200.406932,200.406932,0.04538241827991114,0.0
f361a736-c3aa-40ad-8552-0bcd396e6f02,P07,P07_S2,scissors,P07_T36,36,1,I,0,0,1,17.438941790984245,17.438941790984245,4.62876095197862,2.5113907140039373,7.406760058016516,2.8920300669851713,7.244,3.546,150,0,171.2549,181,14,0.07734806629834254,0,0.8860017190163489,0.8837759020098019,F:\sun\sunhan\消融实验数据\P07\P07_S2\G05_scissors\R1\I_f361a736-c3aa-40ad-8552-0bcd396e6f02_summary.json,3.4006196222143834,2.610542755997647,5.985866879692272,2.632131457470024,7.244290519514058,4.703158623493017,5.980232741301925,5.426202487186915,5.070890998467803,9.028919486445375,71.21803271496921,104.31492401403375,133.137054,188.005063,0.051759834368530024,0.0
c07f7220-a067-4353-8b22-587ddce2dcfd,P07,P07_S2,scissors,P07_T33,33,1,I_G,0,1,1,14.27210168298916,14.27210168298916,4.896261952002533,1.8031582330004312,5.470281614980195,2.102399883006001,6.002,3.2,125,0,137.181654,68,12,0.17647058823529413,0,0.7241856629843824,0.7184692479786463,F:\sun\sunhan\消融实验数据\P07\P07_S2\G05_scissors\R1\I_G_c07f7220-a067-4353-8b22-587ddce2dcfd_summary.json,3.334444663240361,2.4527717515285183,5.873333952566786,2.7933230586260596,5.994925394020789,4.582815543459607,6.00247421103165,4.455373753704215,5.0710985087789595,8.188664251065347,66.12672298797406,106.36551000061445,138.053645,158.318525,0.05152514427040396,0.0
e328fa74-220f-4ec2-9e4f-f0259612ece0,P07,P07_S2,scissors,P07_T35,35,1,I_H,1,0,1,14.335760667017894,14.335760667017894,3.4210887910157908,2.539812611998059,5.590423590998398,2.784435673005646,6.802,3.451,119,367,208.156646,164,11,0.06707317073170732,0,0.5102003939973656,0.5062161129899323,F:\sun\sunhan\消融实验数据\P07\P07_S2\G05_scissors\R1\I_H_e328fa74-220f-4ec2-9e4f-f0259612ece0_summary.json,3.8339730405646817,2.999606548032067,6.022860340514479,3.2497406648681744,6.385147271454959,4.5681455673473685,6.717620699023661,4.896427821658194,5.071200022939593,7.76355860580223,72.95636707625818,126.33826400269754,133.515431,162.005435,0.04943913585375987,0.152471956792688
5976d22f-7d16-487b-b9f6-693b61dc19ea,P07,P07_S2,scissors,P07_T34,34,1,I_H_G,1,1,1,12.939761460991576,12.939761460991576,3.8729622539831325,1.7065878870198503,5.051903701998526,2.3083076179900672,5.964,3.268,115,182,47.123378,75,33,0.44,0,0.9728928239783272,0.9693489889905322,F:\sun\sunhan\消融实验数据\P07\P07_S2\G05_scissors\R1\I_H_G_5976d22f-7d16-487b-b9f6-693b61dc19ea_summary.json,3.4285013739345414,2.3514657577388287,5.964052201355638,3.924097080901735,5.786838384907441,4.292555374445983,5.938442925084284,4.523651631360699,5.0718415004666895,8.234707498922955,72.4614072102123,128.98750198655762,101.266399,152.420562,0.05138516532618409,0.08132260947274352
f7ea3a35-5a86-4909-962b-2a6a51274a04,P07,P07_S2,scissors,P07_T37,37,2,I,0,0,1,17.444429115013918,17.444429115013918,4.259755244012922,2.4821058259985875,7.892254470003536,2.8103135749988724,7.287,3.528,143,0,116.882088,186,17,0.0913978494623656,0,1.0827141980116721,1.0812536970188376,F:\sun\sunhan\消融实验数据\P07\P07_S2\G05_scissors\R2\I_f7ea3a35-5a86-4909-962b-2a6a51274a04_summary.json,2.9005723671875874,2.0830665437348794,5.211730748182942,2.121590270040758,7.287450177586744,4.874597221956955,7.280535705829023,6.044096374134689,5.072127503808588,11.755886247556314,74.53419121302431,106.14939700462855,133.578679,174.602107,0.05300222386953299,0.0
56d7df41-5e43-441f-b7b2-b0b5f8205670,P07,P07_S2,scissors,P07_T40,40,2,I_G,0,1,1,16.36647971800994,16.36647971800994,4.617723284027306,1.8153642239922192,7.851015927997651,2.082376281992765,7.689,3.766,148,0,67.299965,172,17,0.09883720930232558,0,0.6992527620168403,0.6909890690003522,F:\sun\sunhan\消融实验数据\P07\P07_S2\G05_scissors\R2\I_G_56d7df41-5e43-441f-b7b2-b0b5f8205670_summary.json,3.8658030564271013,2.722113891418142,4.198149356373111,3.5256832309288377,7.6890628140259585,5.0275950152217685,5.875391977877356,5.484565952441889,5.071499006589875,13.826886103197491,79.20878164441093,106.66300400043838,137.734513,184.944461,0.057408844065166796,0.0
a4a3c4fa-30c0-4e74-a79b-78a6e3a3a994,P07,P07_S2,scissors,P07_T38,38,2,I_H,1,0,1,16.439476963016205,16.439476963016205,4.084273101994768,2.4393690730212256,7.18904937399202,2.726785414008191,7.69,3.29,139,450,176.467906,145,22,0.15172413793103448,0,0.7092178470047656,0.7057522329851054,F:\sun\sunhan\消融实验数据\P07\P07_S2\G05_scissors\R2\I_H_a4a3c4fa-30c0-4e74-a79b-78a6e3a3a994_summary.json,3.596769539416512,2.5557278804505175,5.3453228263267185,1.9446893751336753,6.872696777525018,4.766413712390277,7.690058244733135,5.512661204302449,5.071520514320582,8.411876233003554,76.96181002509549,192.37618197803386,139.276679,161.784579,0.050915750915750915,0.16483516483516483
1822d3e5-9ed7-44dd-9779-401bb84359dc,P07,P07_S2,scissors,P07_T39,39,2,I_H_G,1,1,1,15.799583745014388,15.799583745014388,4.888319288002094,1.705983407999156,7.053480432019569,2.151800616993569,6.044,2.891,140,112,120.112891,165,17,0.10303030303030303,0,0.9395637399866246,0.9373788639786653,F:\sun\sunhan\消融实验数据\P07\P07_S2\G05_scissors\R2\I_H_G_1822d3e5-9ed7-44dd-9779-401bb84359dc_summary.json,3.426993410783026,2.0651032843327624,3.7677716104896626,2.1650031949500397,6.043565457239091,4.4938454046373915,4.264163981346284,3.821758105400105,5.071569990832359,10.886349977226892,68.66035689832627,105.34227400785312,133.467229,160.28782004999792,0.0543267365153279,0.04346138921226232
9e14c142-8960-4e49-97f2-4ff642bd3da6,P07,P07_S2,bottle,P07_T42,42,1,I,0,0,1,14.285912197985454,14.285912197985454,4.112121365003986,1.6046061349916272,6.599254344007932,1.9699303539819084,7.175,3.279,135,0,190.426423,99,55,0.5555555555555556,0,0.9396300269872881,0.9382017879979685,F:\sun\sunhan\消融实验数据\P07\P07_S2\G06_bottle\R1\I_9e14c142-8960-4e49-97f2-4ff642bd3da6_summary.json,3.7282271650185916,2.37394144287904,3.9985934296784804,2.8718743307428327,7.175177472956817,4.81213794497014,5.790834332195545,4.26646415465996,5.072088504675776,12.940200202865492,77.82219863234786,123.9754999987781,83.848768,167.883932,0.058644656820156384,0.0
a6a5fc56-c976-4ca9-b597-ade3311d455b,P07,P07_S2,bottle,P07_T43,43,1,I_G,0,1,1,14.770609505998436,14.770609505998436,4.819852179993177,1.566988405014854,6.450682576978579,1.9330863440118264,7.272,3.22,142,0,130.093495,161,110,0.6832298136645962,0,1.6660207739914767,1.661767585988855,F:\sun\sunhan\消融实验数据\P07\P07_S2\G06_bottle\R1\I_G_a6a5fc56-c976-4ca9-b597-ade3311d455b_summary.json,3.0091220776283554,2.275406802725921,3.3182667487774036,2.4657777959089717,7.272227466788292,4.964349560972994,4.6020279587993045,3.8324082008266105,5.07185299647972,13.025691994698718,74.4103110046126,104.69631999148987,119.860898,173.77203,0.059142024156601414,0.0
6a41ec9f-a667-4f74-9400-fbdf0fd1994a,P07,P07_S2,bottle,P07_T44,44,1,I_H,1,0,1,14.830624521011487,14.830624521011487,4.49025070402422,1.6259367709863,6.772983294009464,1.941453751991503,9.391,3.712,138,123,176.394017,101,56,0.5544554455445545,0,1.1355826710059773,1.133073503995547,F:\sun\sunhan\消融实验数据\P07\P07_S2\G06_bottle\R1\I_H_6a41ec9f-a667-4f74-9400-fbdf0fd1994a_summary.json,3.9330049087513133,2.658635774816582,4.527992367813276,3.2588331757805222,8.810073993943696,5.021364289501917,9.390743024331021,6.363365707271692,5.070457991678268,12.704381806542935,78.10224906657821,115.03377300687134,72.623511,155.113212,0.057571964956195244,0.05131414267834793
f14e95d4-c990-46c2-bf6a-b6364ce41d2a,P07,P07_S2,bottle,P07_T41,41,1,I_H_G,1,1,1,12.733673866983736,12.733673866983736,4.9938231199921574,1.6233136559894774,4.205881043017143,1.9106560479849577,7.167,2.922,115,0,66.896136,110,49,0.44545454545454544,0,1.1116490520071238,1.1024014909926336,F:\sun\sunhan\消融实验数据\P07\P07_S2\G06_bottle\R1\I_H_G_f14e95d4-c990-46c2-bf6a-b6364ce41d2a_summary.json,3.643052240393754,2.3554497143333446,6.23230468829566,2.7381759891200246,7.1673657723450415,4.93575380088871,4.2082484716091395,3.7572121336716866,5.071219013188966,8.962774291285157,62.065442138409395,112.54351399838924,88.056769,155.087056,0.05203619909502263,0.0
a2a0b3a2-8998-4cd6-a89e-434811a598a7,P07,P07_S2,bottle,P07_T47,47,2,I,0,0,1,13.312562766979681,13.312562766979681,4.772910442989087,1.629323702014517,5.099163134000264,1.8111654879758134,7.351,3.226,127,0,114.972764,102,57,0.5588235294117647,0,0.7951454840076622,0.7898551299876999,F:\sun\sunhan\消融实验数据\P07\P07_S2\G06_bottle\R2\I_a2a0b3a2-8998-4cd6-a89e-434811a598a7_summary.json,3.5102675253439486,2.5943369671353147,2.6645683520414125,2.105653687875398,7.350755026788144,5.184438648057015,5.363178619031206,4.3490035917661345,5.071834995760582,15.64815775636813,78.93616549205005,119.39201800851151,84.964588,198.726563,0.05901486988847584,0.0
0d413753-7cfe-492a-930e-af66c5ab223e,P07,P07_S2,bottle,P07_T46,46,2,I_G,0,1,1,11.752298316016095,11.752298316016095,3.701158542011399,1.496804794005584,4.7098164100025315,1.8445185699965805,7.701,3.34,110,0,67.006252,86,46,0.5348837209302325,0,1.122389125986956,1.113364143006038,F:\sun\sunhan\消融实验数据\P07\P07_S2\G06_bottle\R2\I_G_0d413753-7cfe-492a-930e-af66c5ab223e_summary.json,3.773259698547855,2.4702779175563543,7.700544118265405,3.7967062131456566,7.2820092192996,5.215499742793902,5.4833384331647865,4.208561483138626,5.071894993307069,10.284328798297784,81.46288748364887,119.00005099596456,133.712051,160.021743,0.055752660922453116,0.0
c733ccfb-e765-453c-85e9-366036cb2217,P07,P07_S2,bottle,P07_T45,45,2,I_H,1,0,1,12.967813481984194,12.967813481984194,5.325459982996108,1.7037813100032508,4.037023279990535,1.9015489089943003,6.954,3.068,122,0,133.500538,54,13,0.24074074074074073,0,0.8667290520097595,0.8625756730034482,F:\sun\sunhan\消融实验数据\P07\P07_S2\G06_bottle\R2\I_H_c733ccfb-e765-453c-85e9-366036cb2217_summary.json,4.001937020993356,2.7716911517790113,6.533855120283503,3.109203594072649,6.954267810960134,4.850392422536479,4.592243593755734,3.669715313796186,5.072363012004644,11.643475020537137,79.06601914204667,105.34071401343681,133.500538,206.466306,0.05757432751297782,0.0
a6018931-c802-428e-95e0-96ab3719de13,P07,P07_S2,bottle,P07_T48,48,2,I_H_G,1,1,1,12.297247159003746,12.297247159003746,4.4128446049871854,1.6051126829988789,4.330582082999172,1.9487077880185097,7.346,3.107,109,5,102.334333,83,38,0.4578313253012048,0,1.197991455992451,1.1956842119980138,F:\sun\sunhan\消融实验数据\P07\P07_S2\G06_bottle\R2\I_H_G_a6018931-c802-428e-95e0-96ab3719de13_summary.json,4.140818209442625,2.733541384432428,6.808754048546393,3.148463919770298,7.346288557089165,5.0307122311667225,4.136074234651276,3.872473010548602,5.071360006695613,8.452888208557836,74.94978455069896,106.65786999743432,67.232932,177.205349,0.05253012048192771,0.0024096385542168677
77c1b2da-e6ef-4c1d-85e2-01facd1f4e58,P08,P08_S1,mouse,P08_T02,2,1,I,0,0,1,12.94462746399222,12.94462746399222,4.455510626983596,1.4235437879979145,5.284790350997355,1.780782698013354,6.759,2.989,128,0,133.639457,83,8,0.0963855421686747,0,0.8894370970083401,0.885702292987844,F:\sun\sunhan\消融实验数据\P08\P08_S1\G01_mouse\R1\I_77c1b2da-e6ef-4c1d-85e2-01facd1f4e58_summary.json,3.536314584704646,2.61383993576558,6.035904352728978,3.26708455219653,6.758864838438401,4.434664805894088,4.8312511012158135,3.4297811170801724,5.072903004474938,10.272898490075026,69.3187537865015,120.99092800053768,133.781598,201.218338,0.058102587380844305,0.0
a4e04958-218c-45fa-abf9-c807c6c84b18,P08,P08_S1,mouse,P08_T03,3,1,I_G,0,1,1,14.040307938994374,14.040307938994374,5.770973500009859,1.192716947000008,5.433618512994144,1.642998978990363,6.995,3.606,138,0,116.056044,135,30,0.2222222222222222,0,0.9770027339982335,0.9731411579996347,F:\sun\sunhan\消融实验数据\P08\P08_S1\G01_mouse\R1\I_G_a4e04958-218c-45fa-abf9-c807c6c84b18_summary.json,4.452957060866456,3.4937630623331177,5.82983034308265,4.2597961758136575,6.994726676991044,4.92197105403095,5.110173564274707,3.9946731108036353,5.071134990430437,16.19687301717918,77.97345353290429,106.67069599730894,100.4342,151.942665,0.0610079575596817,0.0
d079cdd4-1edf-4d4d-bd82-94ede39b3921,P08,P08_S1,mouse,P08_T04,4,1,I_H,1,0,1,13.507958211004734,13.507958211004734,4.6657114469853695,1.3504773010208737,5.815730265981983,1.6760391970165074,6.865,3.25,124,206,66.815337,99,14,0.1414141414141414,0,0.8189096790156327,0.8178990840096958,F:\sun\sunhan\消融实验数据\P08\P08_S1\G01_mouse\R1\I_H_d079cdd4-1edf-4d4d-bd82-94ede39b3921_summary.json,4.0716404410737495,3.0349129703205846,5.083099919312876,2.8047847554372978,6.864544404898525,4.761789333009112,4.70039246595686,3.9168407113165524,5.071032486739568,13.377824245253578,73.6243866485891,106.56084699439816,100.690015,159.388533,0.05472197705207414,0.09090909090909091
f293cbd9-af92-4e4e-b8d8-b4369b2440df,P08,P08_S1,mouse,P08_T01,1,1,I_H_G,1,1,1,14.304601365991402,14.304601365991402,6.772596259979764,1.1153905790124554,4.820787753997138,1.5958267730020452,6.922,3.363,145,176,106.627734,147,73,0.4965986394557823,0,0.7771219509886578,0.7735577390121762,F:\sun\sunhan\消融实验数据\P08\P08_S1\G01_mouse\R1\I_H_G_f293cbd9-af92-4e4e-b8d8-b4369b2440df_summary.json,4.287305996813162,3.121693300423961,6.30071720721078,4.0221459892630085,6.92236993332079,4.803446476738159,5.536483723597009,4.341036766527845,5.07211298099719,20.281241810880534,85.20734763238582,115.77540499274619,122.73559,175.459833,0.06575963718820861,0.07981859410430839
57fd56d0-0dd5-4681-b3af-54eeaf48316c,P08,P08_S1,mouse,P08_T07,7,2,I,0,0,1,15.291764847992454,15.291764847992454,5.467436731007183,1.3794363399792928,6.757266686006915,1.687625090999063,6.627,3.46,147,0,198.861935,126,33,0.2619047619047619,0,0.8506742010067683,0.843203630996868,F:\sun\sunhan\消融实验数据\P08\P08_S1\G01_mouse\R2\I_57fd56d0-0dd5-4681-b3af-54eeaf48316c_summary.json,3.9035114352869984,3.2328039704893925,4.890078732077621,3.4214942021118553,6.626647174160931,4.51928660199415,5.8701081520933025,4.027022857787499,5.071171501185745,18.954989200574296,77.6410355308326,117.46757102082483,67.009082,160.772694,0.061712846347607056,0.0
e92008b0-350f-4ce6-8c86-3b7535d8e2ff,P08,P08_S1,mouse,P08_T06,6,2,I_G,0,1,1,14.619605323998258,14.619605323998258,6.890767464006785,1.2138826329901349,5.024515619006706,1.490439607994631,7.117,3.157,138,0,129.637906,106,23,0.2169811320754717,0,0.8539015639980789,0.8522163679881487,F:\sun\sunhan\消融实验数据\P08\P08_S1\G01_mouse\R2\I_G_e92008b0-350f-4ce6-8c86-3b7535d8e2ff_summary.json,3.9032837211693003,2.6985268663466924,5.177397104394384,2.693544322315697,7.117324735401865,5.005116221081794,4.642470909477304,4.298535908028721,5.071908497484401,16.489039397856615,78.00510718167061,104.78845000034198,133.661205,154.833566,0.0592274678111588,0.0
01c65178-b6ab-4119-8f94-764ce1f5f38e,P08,P08_S1,mouse,P08_T05,5,2,I_H,1,0,1,13.521627851994708,13.521627851994708,4.9923912300146185,1.3256493999797385,5.4811057900078595,1.7224814319924917,6.587,3.396,134,262,188.183466,101,29,0.2871287128712871,0,0.9139149289985653,0.9130942309857346,F:\sun\sunhan\消融实验数据\P08\P08_S1\G01_mouse\R2\I_H_01c65178-b6ab-4119-8f94-764ce1f5f38e_summary.json,4.292737331512817,3.1651749811945513,5.229461200635732,3.429198934442227,6.587250826024792,4.814861089377183,5.737999567304231,4.333807320733095,5.071581501397304,14.003627697820765,72.93754996528149,105.69219698663801,85.041199,178.635974,0.06030603060306031,0.11791179117911792
b60848b9-1e3c-4fd2-bca2-fba0e1052f43,P08,P08_S1,mouse,P08_T08,8,2,I_H_G,1,1,1,14.142326364002656,14.142326364002656,5.800374838989228,1.122405633010203,5.544154859991977,1.6753910320112482,6.418,3.138,137,118,156.966363,108,23,0.21296296296296297,0,0.6011900619778316,0.5970781589858234,F:\sun\sunhan\消融实验数据\P08\P08_S1\G01_mouse\R2\I_H_G_b60848b9-1e3c-4fd2-bca2-fba0e1052f43_summary.json,3.309061805413318,2.4501044928800955,4.9197427315682605,2.374471959914973,6.418263335391575,4.771924170811149,4.71464163449898,4.5435527437496255,5.072203988675028,17.884774215053742,77.09635899402194,106.4582520048134,133.758594,157.374423,0.06124273580688422,0.05274921770227984
70677fbc-cf6f-44ce-a5d1-e44e81aaf1fc,P08,P08_S1,banana,P08_T09,9,1,I,0,0,1,17.441858130012406,17.441858130012406,5.266738638019888,1.9989577989908867,7.804120039014379,2.372041653987253,6.143,2.406,160,0,85.071679,81,0,0.0,0,1.5401856279931962,1.5376634300046135,F:\sun\sunhan\消融实验数据\P08\P08_S1\G02_banana\R1\I_70677fbc-cf6f-44ce-a5d1-e44e81aaf1fc_summary.json,1.8240228614112464,1.231138912213624,1.3956916887099242,0.951736598711406,6.143311224422869,4.037328665689873,4.134830457848927,3.054700217852305,5.071529987617396,13.585592743766028,77.78006814187393,145.50857001449913,133.90654,151.439627,0.05847953216374269,0.0
b7a153ec-be28-4928-8eff-38fde18f8928,P08,P08_S1,banana,P08_T12,12,1,I_G,0,1,1,17.5105750389921,17.5105750389921,4.213465463981265,3.0691687920188997,6.732422875997145,3.4955179069947917,5.916,2.597,134,0,134.161696,107,1,0.009345794392523364,0,1.097834904998308,1.0940469409979414,F:\sun\sunhan\消融实验数据\P08\P08_S1\G02_banana\R1\I_G_b7a153ec-be28-4928-8eff-38fde18f8928_summary.json,3.195633903371418,2.06844141982006,3.7904875828013114,2.486977924607826,5.916472412214379,3.8879650005788498,3.0777782552180883,2.734850143746053,5.0708540074992925,7.161729704239395,66.8051828868919,104.67460998916067,198.142493,198.142493,0.04565587734241908,0.0
1b0b9615-ddfb-4e5f-a3ea-c8085278bbab,P08,P08_S1,banana,P08_T10,10,1,I_H,1,0,1,17.480647869000677,17.480647869000677,5.490699610003503,1.8603656879859045,8.055826440016972,2.0737561309942976,6.144,2.45,161,0,135.245178,98,2,0.02040816326530612,0,2.2851890989986714,2.2777492819877807,F:\sun\sunhan\消融实验数据\P08\P08_S1\G02_banana\R1\I_H_1b0b9615-ddfb-4e5f-a3ea-c8085278bbab_summary.json,2.513431097559545,1.487628842158858,1.4573932024859133,1.0650677021513835,6.143734421518069,4.282058612827342,4.067385363704861,3.221376376427578,5.071847990620881,13.180196998291649,77.43427100649569,106.05858900817111,106.221582,175.41593229999972,0.058524173027989825,0.0
0225c658-c5ae-41ae-ae8e-dfbae0fe8ed1,P08,P08_S1,banana,P08_T11,11,1,I_H_G,1,1,1,19.191475102998083,19.191475102998083,5.084370800992474,3.208825462992536,7.400666322995676,3.497612516017398,5.79,2.69,151,0,135.398199,118,2,0.01694915254237288,0,1.4409530569973867,1.4389225099876057,F:\sun\sunhan\消融实验数据\P08\P08_S1\G02_banana\R1\I_H_G_0225c658-c5ae-41ae-ae8e-dfbae0fe8ed1_summary.json,2.1681762821328086,1.5579539446499793,1.7506571634333399,1.6461474302624324,5.7902432249382585,4.350182608809007,5.0398921764280695,3.942022932568115,5.070290484582074,7.091219461290164,64.87880441156439,121.45041199983098,133.721474,157.580261,0.0470404984423676,0.0
2a71d00b-f0b8-4c3f-9384-2c8774f76ae0,P08,P08_S1,banana,P08_T16,16,2,I,0,0,1,17.810067265003454,17.810067265003454,4.757593001995701,1.9745699460036121,8.901530411996646,2.1763739050074946,6.456,2.642,163,0,134.042064,120,28,0.23333333333333334,0,1.9422452290018555,1.9396241170179565,F:\sun\sunhan\消融实验数据\P08\P08_S1\G02_banana\R2\I_2a71d00b-f0b8-4c3f-9384-2c8774f76ae0_summary.json,2.1114174564062953,1.3457818879109669,1.6767029964441957,1.2643767100784329,6.456435396645287,4.154326333426009,5.334925288969398,3.2439813486993647,5.071723979199305,13.600706798024367,76.71190140303233,104.36013402068056,133.610578,146.404527,0.059122234312658686,0.0
718cf620-9e4a-466e-9dce-16a88ece3a27,P08,P08_S1,banana,P08_T13,13,2,I_G,0,1,1,18.772617429000093,18.772617429000093,4.489936392987147,3.1636557900055777,7.785312291001901,3.333712955005467,5.871,2.753,142,0,133.776965,162,27,0.16666666666666666,0,0.9835216869832948,0.9795831939845812,F:\sun\sunhan\消融实验数据\P08\P08_S1\G02_banana\R2\I_G_718cf620-9e4a-466e-9dce-16a88ece3a27_summary.json,2.9863795748178608,2.113768805277014,3.1610877156927004,2.3019073257437492,5.87090380045033,3.721625340957026,5.327215522926951,3.7740526635796487,5.070961487945169,7.382264012994702,71.25117448333211,105.62611001660116,133.797391,140.42164,0.04589528118939883,0.0
c67c6c6a-e319-4564-ab3b-e90d78a23477,P08,P08_S1,banana,P08_T15,15,2,I_H,1,0,1,17.23064860200975,17.23064860200975,6.82345101001556,1.896749846986495,6.333855058008339,2.1765926869993564,6.077,2.586,154,0,133.748299,126,37,0.29365079365079366,0,1.0874267990002409,1.0856218189874198,F:\sun\sunhan\消融实验数据\P08\P08_S1\G02_banana\R2\I_H_c67c6c6a-e319-4564-ab3b-e90d78a23477_summary.json,3.1312434829470033,2.0028158458107916,4.422876692760615,2.5432266858151493,6.07669001000898,4.147021161894151,3.1628355570026687,2.8376707684559723,5.071033985586837,10.73419171007117,72.52207855955928,106.00838300888427,77.331467,151.787743,0.05453257790368272,0.0
c08496b5-4ae7-40fa-bedc-6ed0526b4b34,P08,P08_S1,banana,P08_T14,14,2,I_H_G,1,1,1,20.800805887993192,20.800805887993192,7.251162314001704,3.3721377459878568,6.6919433920120355,3.4855624359915964,6.408,2.663,169,0,162.105735,155,0,0.0,0,1.9047032730013598,1.9032193680177443,F:\sun\sunhan\消融实验数据\P08\P08_S1\G02_banana\R2\I_H_G_c08496b5-4ae7-40fa-bedc-6ed0526b4b34_summary.json,1.9620157206735271,1.3558894058468458,5.6021315767972135,2.614554877626774,6.40841809393187,4.370006501720725,5.905171506296369,3.9625807849306725,5.070747982244939,7.586052000988275,72.42073219968013,125.94476700178348,62.559141,153.894293,0.05028265397203213,0.0
f1604808-af9e-4e0b-ad45-c7a24eeb2e27,P08,P08_S1,cup,P08_T19,19,1,I,0,0,1,13.510461039986694,13.510461039986694,4.743734074989334,1.8148736740113236,4.721227841975633,2.230625449010404,5.834,2.938,116,0,133.505587,140,97,0.6928571428571428,0,1.1653840960061643,1.161993280024035,F:\sun\sunhan\消融实验数据\P08\P08_S1\G03_cup\R1\I_f1604808-af9e-4e0b-ad45-c7a24eeb2e27_summary.json,3.471534750847701,2.399964722379528,5.834414290757963,3.372751882878221,5.673134228351857,3.949058788962298,5.467794456883966,3.953356970011925,5.07109600584954,8.626810103305626,72.84078280499666,105.19728501094505,133.647214,161.954886,0.05081033727551467,0.0
0900e0a9-bd32-4170-9b54-874242f039e8,P08,P08_S1,cup,P08_T18,18,1,I_G,0,1,1,11.432578332984122,11.432578332984122,3.9325847970030736,1.5552822199824732,4.059484727011295,1.8852265889872797,5.945,2.997,103,0,66.86834,76,38,0.5,0,0.6076673839997966,0.5428709000116214,F:\sun\sunhan\消融实验数据\P08\P08_S1\G03_cup\R1\I_G_0900e0a9-bd32-4170-9b54-874242f039e8_summary.json,4.430167362505602,2.7590554195591244,5.550044200852829,3.3372928695740898,5.945056475829141,4.3981258143858275,4.112216546856388,3.7475932843912023,5.070931976661086,8.073870616499317,72.28878698777405,131.3664350018371,88.508709,178.260071,0.05152576288144072,0.0
ed129db3-9c62-44a4-aa7f-06ab5d5846c5,P08,P08_S1,cup,P08_T17,17,1,I_H,1,0,1,11.959471656009555,11.959471656009555,3.5222396689932793,1.6005344960140064,4.843636319012148,1.9930611719901208,6.384,3.076,115,0,133.905987,84,47,0.5595238095238095,0,0.7334445580199827,0.7265837739978451,F:\sun\sunhan\消融实验数据\P08\P08_S1\G03_cup\R1\I_H_ed129db3-9c62-44a4-aa7f-06ab5d5846c5_summary.json,3.296543317637022,2.3241200610386334,5.5330522849317685,2.1883267013221084,6.383934503227126,4.566785286009234,5.106416334115956,4.306793247915593,5.072651489172131,11.395542504033074,72.76736404746786,107.29807702591643,126.678883,162.439667,0.05648330058939096,0.0
bb4c7e3d-24ad-4747-b4ae-03da39bd5761,P08,P08_S1,cup,P08_T20,20,1,I_H_G,1,1,1,11.317625627008965,11.317625627008965,3.6276572979986668,1.8469348140060902,3.6899974679981824,2.153036047006026,6.111,3.086,97,0,91.840132,97,61,0.6288659793814433,0,0.991386711015366,0.9876543570135254,F:\sun\sunhan\消融实验数据\P08\P08_S1\G03_cup\R1\I_H_G_bb4c7e3d-24ad-4747-b4ae-03da39bd5761_summary.json,4.158632497231784,2.7112683182077264,6.111404729575822,3.6021185653819074,5.883824880886501,4.343677025570284,4.151778180113903,3.739348641242317,5.070768005680293,7.452308105712266,67.81240821641406,154.6012480102945,100.354509,181.15686,0.04840319361277445,0.0
88bc8dc0-cd60-4b0a-b9f1-a63e26944e52,P08,P08_S1,cup,P08_T22,22,2,I,0,0,1,12.865227578993654,12.865227578993654,3.8226756640069652,1.7211736489844043,5.40413547900971,1.917242786992574,6.658,3.029,112,0,105.612766,73,37,0.5068493150684932,0,0.6692555010085925,0.6669768349966034,F:\sun\sunhan\消融实验数据\P08\P08_S1\G03_cup\R2\I_88bc8dc0-cd60-4b0a-b9f1-a63e26944e52_summary.json,3.612611534759055,2.5503602951891966,4.699431849679832,2.745931726458509,6.657676725074546,4.353837725274806,5.5400533466528925,4.052393682438628,5.072038009529933,7.420928006467875,68.67797699669609,126.53459000284784,119.068029,156.965564,0.050314465408805034,0.0
344ea524-6f6b-4c53-a7ac-58548d795886,P08,P08_S1,cup,P08_T23,23,2,I_G,0,1,1,11.562870830006432,11.562870830006432,3.663550019991817,1.5466646190034226,4.406438878009794,1.946217313001398,6.354,3.102,101,0,66.706432,55,13,0.23636363636363636,0,1.0263106570055243,1.0230371420038864,F:\sun\sunhan\消融实验数据\P08\P08_S1\G03_cup\R2\I_G_344ea524-6f6b-4c53-a7ac-58548d795886_summary.json,3.932567382108989,2.673864871582899,5.187932554069549,2.714190127808291,6.353519227010988,4.890968448705257,5.0267677283737555,4.213142248221844,5.071368999779224,7.221220403152978,69.00261779024737,120.74865502654575,67.031363,161.092464,0.050248756218905476,0.0
4e7cf2c4-eacd-4d5e-802e-1dcad807f8b4,P08,P08_S1,cup,P08_T24,24,2,I_H,1,0,1,13.980995784018887,13.980995784018887,5.121660134027479,1.4212787409778684,5.651126684009796,1.7869302250037435,7.059,3.377,139,0,66.961775,77,19,0.24675324675324675,0,1.8485642570012715,1.8460486140102148,F:\sun\sunhan\消融实验数据\P08\P08_S1\G03_cup\R2\I_H_4e7cf2c4-eacd-4d5e-802e-1dcad807f8b4_summary.json,5.716781676562583,2.6320126360472327,6.208265926988149,4.305978086872549,7.05852324857491,5.248563992517168,4.179811335744529,3.810478736861851,5.07131198537536,15.828685485757887,78.2007655070629,115.00537698157132,111.710152,155.873588,0.061750333185251,0.0
47a77d1f-7f4c-4e9a-bf4f-3d68933eee7a,P08,P08_S1,cup,P08_T21,21,2,I_H_G,1,1,1,12.024735862010857,12.024735862010857,4.475391496001976,1.5727302710001823,4.0648057450016495,1.9118083500070497,6.273,2.709,112,0,200.600885,63,26,0.4126984126984127,0,1.253395207982976,1.1607045169803314,F:\sun\sunhan\消融实验数据\P08\P08_S1\G03_cup\R2\I_H_G_47a77d1f-7f4c-4e9a-bf4f-3d68933eee7a_summary.json,3.1522734963246277,2.131183935071331,4.712842850490927,2.839096475688891,6.272677958426601,4.331875858783336,5.598697626433612,3.712267428524861,5.0711564981611446,11.146271746838465,76.19018349214457,124.05694299377501,139.317359,144.094907,0.05394990366088632,0.0
5ead237a-cdf8-40f1-8342-701b8b8faf1f,P08,P08_S2,apple,P08_T28,28,1,I,0,0,1,15.70994112599874,15.70994112599874,6.593601336993743,1.101311247999547,6.786148350016447,1.2288801909890026,8.054,3.141,162,0,133.332834,241,33,0.13692946058091288,0,1.2471288169908803,1.2442053520062473,F:\sun\sunhan\消融实验数据\P08\P08_S2\G04_apple\R1\I_5ead237a-cdf8-40f1-8342-701b8b8faf1f_summary.json,3.265390321771032,2.4256730814949403,3.059799134594476,2.4557253479399437,8.054167609152824,5.599844090736371,3.5467219702854234,3.0627299672755384,5.072694999398664,23.78518478944886,79.27797844516918,124.57266898127273,133.680891,173.638507,0.0696774193548387,0.0
fd802ec8-ef7b-47a8-aea4-ed3da76d16b3,P08,P08_S2,apple,P08_T25,25,1,I_G,0,1,1,14.775531324004987,14.775531324004987,7.538866686983965,1.129491351020988,4.882306500978302,1.2248667850217316,7.659,2.864,147,0,160.231409,212,89,0.419811320754717,0,1.7955840030044783,1.6594254540104885,F:\sun\sunhan\消融实验数据\P08\P08_S2\G04_apple\R1\I_G_fd802ec8-ef7b-47a8-aea4-ed3da76d16b3_summary.json,3.6496025846653866,2.4494400399481955,3.467927626475271,2.2522093449884184,7.658981955583155,5.712624181078082,3.493358249193013,3.1260641486317957,5.072075495263562,19.186230043123967,75.1397509232629,104.75779601256363,133.742872,178.510137,0.0620777027027027,0.0
cd153f68-8bd8-4dda-82da-3c6d8b3cb123,P08,P08_S2,apple,P08_T27,27,1,I_H,1,0,1,14.614488631981658,14.614488631981658,7.33735121198697,0.9603544790006708,5.144860250991769,1.1719226900022477,8.733,3.661,149,0,131.842005,218,121,0.555045871559633,0,1.1759240060055163,1.1748420400253963,F:\sun\sunhan\消融实验数据\P08\P08_S2\G04_apple\R1\I_H_cd153f68-8bd8-4dda-82da-3c6d8b3cb123_summary.json,6.821078785880147,3.4721268297983015,7.053117764737,6.668778585597194,8.732983039386626,5.849502292066326,3.35714278349936,3.0774369043620013,5.072654501418583,18.37108800536957,82.39991216250921,126.7021779785864,133.7192455,169.220683,0.06598759964570416,0.0
fa82b79f-9ad5-433e-a1b6-136a6f90edfd,P08,P08_S2,apple,P08_T26,26,1,I_H_G,1,1,1,14.705783839017386,14.705783839017386,7.955030390992761,1.1331264120235574,4.36599352399935,1.2516335120017175,8.17,2.877,152,0,133.655377,224,89,0.39732142857142855,0,1.6297208330070134,1.6263495909806807,F:\sun\sunhan\消融实验数据\P08\P08_S2\G04_apple\R1\I_H_G_fa82b79f-9ad5-433e-a1b6-136a6f90edfd_summary.json,4.388283518818227,2.412822903745328,4.2590275473120185,2.462677868038481,8.169664976322961,5.735189029967369,4.0222710052441775,3.386870534736388,5.071116000181064,19.427970802644197,73.97489244700407,120.87182002142072,133.738547,178.426431,0.06675450153711024,0.0
c417322d-3ee1-474c-921e-2f9b28ae0386,P08,P08_S2,apple,P08_T29,29,2,I,0,0,1,13.09095565599273,13.09095565599273,5.136251538991928,1.10066978802206,5.497789383982308,1.3562449449964333,8.195,3.042,131,0,129.604816,200,41,0.205,0,1.5786310890107416,1.5092805919994134,F:\sun\sunhan\消融实验数据\P08\P08_S2\G04_apple\R2\I_c417322d-3ee1-474c-921e-2f9b28ae0386_summary.json,2.6291059431960986,1.9663775784445947,4.105116705478436,2.668999427006604,8.195275000144186,5.751429570488266,3.706323788172972,3.1701493383709733,5.071267005405389,13.822886090201763,71.67163040343428,104.51742599252611,133.708983,193.6590795,0.06031307550644567,0.0
b7e9fcf5-c341-43a0-a034-864c92fcdb80,P08,P08_S2,apple,P08_T32,32,2,I_G,0,1,1,13.663941042002989,13.663941042002989,5.584089631011011,1.0867256049823482,5.834178528020857,1.1589472779887728,8.034,2.718,142,0,107.930016,207,147,0.7101449275362319,0,1.6266847010119818,1.5400261680188123,F:\sun\sunhan\消融实验数据\P08\P08_S2\G04_apple\R2\I_G_b7e9fcf5-c341-43a0-a034-864c92fcdb80_summary.json,2.6767418164835455,1.8289238597859665,3.286979149408712,2.277976284861363,8.034428737122328,4.995367018678351,3.16450260555191,2.9031223375365305,5.0726890040095896,17.876671903650205,76.31214958091728,120.96295898663811,133.676637,181.969317,0.06626224918338777,0.0
3dfc24a7-a927-46c0-8926-0c02cbac2b69,P08,P08_S2,apple,P08_T30,30,2,I_H,1,0,1,15.962405095022405,15.962405095022405,7.561887250019936,1.100169591984013,5.914747552014887,1.3856007010035682,8.236,3.035,158,0,174.726729,237,78,0.3291139240506329,0,1.5550384389935061,1.4749799800047185,F:\sun\sunhan\消融实验数据\P08\P08_S2\G04_apple\R2\I_H_3dfc24a7-a927-46c0-8926-0c02cbac2b69_summary.json,3.669447728011962,2.427765203186382,3.866821673071361,3.1090013821570346,8.236158007894481,5.324981213879001,3.241179348748153,2.965783155307797,5.071364998002537,18.081058234383736,77.68454588163847,126.48461500066333,133.668266,179.390508,0.06289808917197452,0.0
f198eaf7-71f9-4174-bb2c-9089b45fb413,P08,P08_S2,apple,P08_T31,31,2,I_H_G,1,1,1,13.09529729699716,13.09529729699716,5.373177694011247,1.0169005040079355,5.4381420699937735,1.267077028984204,8.114,3.056,135,0,134.689997,98,44,0.4489795918367347,0,1.7938077159924433,1.7900219119910616,F:\sun\sunhan\消融实验数据\P08\P08_S2\G04_apple\R2\I_H_G_f198eaf7-71f9-4174-bb2c-9089b45fb413_summary.json,2.9715083859770606,1.952921728640747,4.978037147610338,2.5721214518732185,8.113547950462335,5.7759737996831095,4.028403925366964,3.5301655762974162,5.07121899863705,15.812792611541171,74.01765350601643,107.91198900551535,133.526983,155.371168,0.06376948512045347,0.0
70d5dc9a-8522-4fb4-8789-7566ebee043a,P08,P08_S2,scissors,P08_T34,34,1,I,0,0,1,15.742459809000138,15.742459809000138,4.325810835987795,2.3873423360055313,6.23046912701102,2.798837509995792,7.569,3.628,134,0,134.29508,175,15,0.08571428571428572,0,0.6582581670081709,0.6549356440082192,F:\sun\sunhan\消融实验数据\P08\P08_S2\G05_scissors\R1\I_70d5dc9a-8522-4fb4-8789-7566ebee043a_summary.json,2.949303650657477,2.0675119676022886,5.422280891842993,2.3316335714393035,7.525184299788558,5.212724787538043,7.569401184192924,6.428202840713433,5.071314008091576,8.256912461365552,63.84447725140519,106.82761398493312,133.489811,159.494222,0.049962714392244596,0.0
b3265b90-fc50-465b-a33e-0ecaacacec6e,P08,P08_S2,scissors,P08_T35,35,1,I_G,0,1,1,13.731568482005969,13.731568482005969,4.007035513990559,1.944903997995425,5.479698609007755,2.2999303610122297,7.292,3.743,119,0,139.554036,129,6,0.046511627906976744,0,0.7896733339875937,0.7861254260060377,F:\sun\sunhan\消融实验数据\P08\P08_S2\G05_scissors\R1\I_G_b3265b90-fc50-465b-a33e-0ecaacacec6e_summary.json,3.463086187718104,2.462920245702976,5.914597727252563,3.601274300826062,7.292140315149662,4.9869756199706305,7.097373432059754,6.255899973931141,5.071595005574636,8.447788648481934,77.79029104625806,120.62865699408576,67.076588,180.625828,0.0512489233419466,0.0
bccdfdd2-697b-4c7e-b549-eff0969cc804,P08,P08_S2,scissors,P08_T36,36,1,I_H,1,0,1,15.351172641996527,15.351172641996527,4.489240841008723,2.5575793930038344,5.3680279339896515,2.9363244739943184,6.099,2.903,131,21,71.179029,198,105,0.5303030303030303,0,1.0542628709808923,1.0504348329850473,F:\sun\sunhan\消融实验数据\P08\P08_S2\G05_scissors\R1\I_H_bccdfdd2-697b-4c7e-b549-eff0969cc804_summary.json,3.1949753181671636,1.9007922461652447,6.099081156288015,3.60325058717742,5.538789195134977,4.122756761930856,3.697011101324928,3.589462770233722,5.071755993412808,8.01818124455167,73.4039647446479,130.61072200071067,133.633902,173.325,0.051251956181533644,0.008215962441314555
8c9376ae-6385-4df1-be8c-6d58dfbeb947,P08,P08_S2,scissors,P08_T33,33,1,I_H_G,1,1,1,11.819367190008052,11.819367190008052,3.1747960440116003,1.6942686589900404,4.748264251014916,2.2020382359914947,6.309,3.202,109,196,67.73621,41,7,0.17073170731707318,0,0.8784796620020643,0.8754949150024913,F:\sun\sunhan\消融实验数据\P08\P08_S2\G05_scissors\R1\I_H_G_8c9376ae-6385-4df1-be8c-6d58dfbeb947_summary.json,3.2109790684026724,2.0574596788505857,6.227475891567222,4.376163578596661,6.309044757787128,4.616833522076282,5.540475802815674,4.182154368778304,5.072121013654396,10.445719800190597,65.00430805084758,117.19092901330441,103.513577,150.248209,0.05324865657059111,0.09574987787005373
5e0badbe-8386-4a30-9445-1e7dbe30d1a8,P08,P08_S2,scissors,P08_T39,39,2,I,0,0,1,16.177550749009242,16.177550749009242,5.160493953997502,2.507791227020789,5.736181029991712,2.773084537999239,8.106,3.754,135,0,134.389318,172,4,0.023255813953488372,0,0.8516572889930103,0.8506949680158868,F:\sun\sunhan\消融实验数据\P08\P08_S2\G05_scissors\R2\I_5e0badbe-8386-4a30-9445-1e7dbe30d1a8_summary.json,3.6928641330650334,2.286133990401898,5.673046295068295,3.5700644624854507,6.599303981598499,4.452954609569117,8.105574834011632,7.201796622933296,5.070824001450092,7.6884112422703765,73.11275279062104,105.78125299070962,134.08919300000002,160.930414,0.04916241806263656,0.0
a6ea8555-f28b-4118-b8ec-1208f9bd9df9,P08,P08_S2,scissors,P08_T38,38,2,I_G,0,1,1,13.850988357007736,13.850988357007736,4.123173911997583,1.8403741700167302,5.744160500995349,2.1432797739980742,7.013,3.358,126,0,133.955798,152,17,0.1118421052631579,0,0.9788982260215562,0.9778587190085091,F:\sun\sunhan\消融实验数据\P08\P08_S2\G05_scissors\R2\I_G_a6ea8555-f28b-4118-b8ec-1208f9bd9df9_summary.json,3.1893259218740546,2.1181232188763293,3.901500302002105,1.905339666576492,6.207483942375183,4.761454161102463,7.0133524956822315,6.306528286885351,5.071079503977671,8.581672751461156,78.12607909727339,128.68561799405143,133.890957,171.760182,0.053480475382003394,0.0
b2f4fd47-e2e3-4705-99ee-1516458f6b55,P08,P08_S2,scissors,P08_T37,37,2,I_H,1,0,1,14.84156744700158,14.84156744700158,3.424308165005641,2.5153686839912552,6.102226746996166,2.7996638510085177,6.723,3.352,117,483,147.793601,152,10,0.06578947368421052,0,0.8122997090104036,0.8077817420125939,F:\sun\sunhan\消融实验数据\P08\P08_S2\G05_scissors\R2\I_H_b2f4fd47-e2e3-4705-99ee-1516458f6b55_summary.json,3.4069762672407897,1.9246624070265286,5.099137973602541,2.3649795697450946,6.722630918811319,4.798813703171246,6.031375412675037,5.0088235842276,5.0706839974736795,7.03550625621574,64.23223350429907,104.92059201351367,136.104385,221.388668,0.04455445544554455,0.18392993145468392
430c0b68-1259-48c6-8c62-075af56d3123,P08,P08_S2,scissors,P08_T40,40,2,I_H_G,1,1,1,12.030638144002296,12.030638144002296,3.4326916089921724,1.8019303230103105,4.645746566995513,2.1502696450043004,5.89,2.968,112,74,192.349698,129,9,0.06976744186046512,0,0.6726409910188522,0.6710665020218585,F:\sun\sunhan\消融实验数据\P08\P08_S2\G05_scissors\R2\I_H_G_430c0b68-1259-48c6-8c62-075af56d3123_summary.json,3.0911232216559417,1.870227949903436,5.8278523189679685,3.022974465981739,5.890140482013529,4.599771800984299,4.0422559826433195,3.8904145294916725,5.07093699707184,8.46196275088004,63.89616239030148,107.86041899700649,131.708886,173.719298,0.05263157894736842,0.03477443609022556
643d850e-c1ca-4277-b5d0-4887bd2e381c,P08,P08_S2,bottle,P08_T41,41,1,I,0,0,1,12.997351708996575,12.997351708996575,4.2985877899918705,1.5512668369919993,5.231154129025526,1.9163429529871792,6.917,3.103,123,0,66.940068,84,42,0.5,0,1.322551997989649,1.320164514996577,F:\sun\sunhan\消融实验数据\P08\P08_S2\G06_bottle\R1\I_643d850e-c1ca-4277-b5d0-4887bd2e381c_summary.json,3.1523150519574052,2.119841709244509,4.611144908093992,2.0663106355110976,6.9166498894544315,5.17864674234118,5.250837052283625,3.9274040057676034,5.071471503470093,21.667921303014683,77.54864233691485,187.97371699474752,76.120958,175.088828,0.05988315481986368,0.0
0957c4e0-e3a9-4859-92b6-4afc56975f12,P08,P08_S2,bottle,P08_T44,44,1,I_G,0,1,1,14.618406427005539,14.618406427005539,5.537474542012205,1.6629283769871108,5.496565603010822,1.9214379049954005,6.866,3.316,135,0,79.41691,84,23,0.27380952380952384,0,1.6210310320020653,1.619666802987922,F:\sun\sunhan\消融实验数据\P08\P08_S2\G06_bottle\R1\I_G_0957c4e0-e3a9-4859-92b6-4afc56975f12_summary.json,4.091529484871333,2.680169956074681,3.1478151400070002,2.596635631614249,6.8656271012452885,5.062176477810425,5.356374802358759,4.3356526873565615,5.071257997769862,11.386788188247076,75.00482101924742,105.62881900114007,66.94516,144.084042,0.055946953999171156,0.0
842f0190-4cf7-49f8-80a8-17b611772b93,P08,P08_S2,bottle,P08_T42,42,1,I_H,1,0,1,12.94784003001405,12.94784003001405,5.13060904701706,1.56265823499416,4.397974224993959,1.85659852300887,7.288,2.944,121,0,67.258555,93,40,0.43010752688172044,0,1.5396880120097194,1.5381727709900588,F:\sun\sunhan\消融实验数据\P08\P08_S2\G06_bottle\R1\I_H_842f0190-4cf7-49f8-80a8-17b611772b93_summary.json,3.0674323570127235,2.1917018246638507,6.578846825069014,3.2483550440237003,7.288214855698828,4.961517529248028,4.265734605835608,3.652020757710574,5.07170200580731,11.27372660557738,67.68841481301926,107.74141098954715,97.626906,158.932686,0.05558107487367937,0.0
ff6b7817-10f5-4330-8fc2-73f35f364e56,P08,P08_S2,bottle,P08_T43,43,1,I_H_G,1,1,1,11.431330917985179,11.431330917985179,3.8918203529901803,1.6723810190160293,3.9083640949975234,1.9587654509814456,7.589,3.189,110,22,133.780359,68,28,0.4117647058823529,0,0.8064755229861476,0.8035260959877633,F:\sun\sunhan\消融实验数据\P08\P08_S2\G06_bottle\R1\I_H_G_ff6b7817-10f5-4330-8fc2-73f35f364e56_summary.json,4.288860946897492,2.881429655463997,6.220505936987782,2.5584780444411277,7.588600591046355,5.48214562043018,4.410937521758453,3.745787312167669,5.071906984085217,11.99894361197946,73.42672758386472,165.51844199420884,133.71782,180.526461,0.056906363166063116,0.011381272633212623
60835b48-fc7e-4928-9d27-363548752ebf,P08,P08_S2,bottle,P08_T48,48,2,I,0,0,1,15.476537089998601,15.476537089998601,5.75103434198536,1.4583052890084218,6.412108082004124,1.855089377000695,7.515,3.479,146,0,66.856597,111,67,0.6036036036036037,0,0.942034279985819,0.9393836719973478,F:\sun\sunhan\消融实验数据\P08\P08_S2\G06_bottle\R2\I_60835b48-fc7e-4928-9d27-363548752ebf_summary.json,3.353416205731549,2.494069901812218,7.514516285454434,4.217128005094331,7.25844303281468,4.888789439329823,6.359171168911759,4.83285227714457,5.0709444913081825,10.99065215385051,63.115221306798034,105.9351050062105,133.625241,154.368054,0.055938697318007664,0.0
a7897fb1-8f54-4d57-8d7d-d21a7617e15a,P08,P08_S2,bottle,P08_T45,45,2,I_G,0,1,1,12.57084468298126,12.57084468298126,4.214509712997824,1.415158766991226,5.025524877011776,1.9156513259804342,6.775,3.285,124,0,161.209073,134,84,0.6268656716417911,0,0.940440339007182,0.9358684300095774,F:\sun\sunhan\消融实验数据\P08\P08_S2\G06_bottle\R2\I_G_a7897fb1-8f54-4d57-8d7d-d21a7617e15a_summary.json,3.859108056583129,2.6868995732140752,4.922766659100852,2.9017117643996415,6.774517666100276,5.147249471029626,5.762446929108855,4.2284984142598665,5.071388004580513,11.363674502354089,73.17027249722747,114.11193601088598,118.886846,172.577339,0.05722196585140748,0.0
d9d2124c-8c20-4987-9b62-0864765f45b2,P08,P08_S2,bottle,P08_T47,47,2,I_H,1,0,1,12.39744606599561,12.39744606599561,4.242443851981079,1.7289764260058291,4.481625541986432,1.9444002460222691,7.268,3.264,115,0,136.552336,84,38,0.4523809523809524,0,0.9055472579784691,0.9043367519916501,F:\sun\sunhan\消融实验数据\P08\P08_S2\G06_bottle\R2\I_H_d9d2124c-8c20-4987-9b62-0864765f45b2_summary.json,3.753415151450227,2.65537288843435,7.039601148411187,3.6122805544374814,7.268089984956287,5.274723815126722,4.953372057835091,3.6660896595305115,5.0709114875644445,13.494996745430369,69.29221661528571,114.89217900088988,67.163538,193.527192,0.054502369668246446,0.0
774d5f54-f6f5-49f6-a97b-e8393d63266e,P08,P08_S2,bottle,P08_T46,46,2,I_H_G,1,1,1,11.811765646998538,11.811765646998538,4.8153633100155275,1.613566035986878,3.5001414270082023,1.88269487398793,7.016,3.197,106,0,203.972663,104,54,0.5192307692307693,0,0.8239698940014932,0.8213458120007999,F:\sun\sunhan\消融实验数据\P08\P08_S2\G06_bottle\R2\I_H_G_774d5f54-f6f5-49f6-a97b-e8393d63266e_summary.json,3.6092683807752755,2.5447050463636183,7.016327550545613,4.482068725557322,6.7636654689227065,4.751579630576529,5.222139805221156,3.9131286176077045,5.071806983323768,8.746089995838702,72.71698059630593,105.5108770087827,67.109597,154.755873,0.052191038897095025,0.0
38da8f02-eef6-467e-a1e0-96078762489d,PILOT02,PILOT02_S1,cup,PILOT02_T03,3,1,I,0,0,1,14.002112479000061,14.002112479000061,4.968874562000565,1.6154059959990263,5.481465202999971,1.9363667180004995,6.657,3.086,128,0,171.434256,56,2,0.03571428571428571,0,1.5706249970025965,1.5681830650028132,F:\sun\sunhan\消融实验数据\PILOT01\PILOT01_S1\2\PILOT02_S1\I_38da8f02-eef6-467e-a1e0-96078762489d_summary.json,4.529602482798632,2.8637777853145567,4.906076591006686,3.058432874085525,6.657056333019476,4.517288097294691,5.602849600171022,3.9931368217778025,5.070646999229211,9.622971499084088,71.97964644929048,105.25423199942452,171.434256,174.383337,0.05456095481670929,0.0
376e470e-2bba-41e3-bed9-baadbc987b2e,PILOT02,PILOT02_S1,cup,PILOT02_T02,2,1,I_G,0,1,1,14.825986027000909,14.825986027000909,7.112859991000732,1.423640664001141,4.303071866001119,1.9864135059979162,6.287,2.836,136,0,99.219542,108,35,0.32407407407407407,0,2.423163105999265,2.3856580309984565,F:\sun\sunhan\消融实验数据\PILOT01\PILOT01_S1\2\PILOT02_S1\I_G_376e470e-2bba-41e3-bed9-baadbc987b2e_summary.json,4.4671171572185635,2.6926272679540544,4.542633078055376,3.154220223793408,6.287042073574657,4.5895010662310005,4.3993033091409846,3.2683140851718036,5.070620998594677,11.325934699561843,73.54224218062882,137.43965899993782,103.125542,161.039845,0.056314699792960665,0.0
9972fcbf-47e4-4e8b-8935-fb2f280749ba,PILOT02,PILOT02_S1,mouse,PILOT02_T05,5,1,I_G,0,1,0,,120.0,,,,,0.835,0.745,94,0,79.244181,112,112,1.0,1,,,F:\sun\sunhan\消融实验数据\PILOT01\PILOT01_S1\2\PILOT02_S1\I_G_9972fcbf-47e4-4e8b-8935-fb2f280749ba_summary.json,,,,,,,,,5.071773997769924,27.379789801488926,85.14931719852035,124.70871500045178,,,0.07648494711147275,0.0
e277862f-bd80-45a3-b320-6175f32dd6ad,PILOT02,PILOT02_S1,mouse,PILOT02_T05,5,1,I_G,0,1,0,,120.0,0.0,,,,1.012,0.814,87,0,133.749395,114,114,1.0,1,,,F:\sun\sunhan\消融实验数据\PILOT01\PILOT01_S1\2\PILOT02_S1\I_G_e277862f-bd80-45a3-b320-6175f32dd6ad_summary.json,,,1.012318441761095,0.87432391808644,,,,,5.070622501079924,11.703215498709886,57.35751968924896,116.2507419976464,,,0.05886332882273342,0.0
0e15798e-ea50-4e5c-8d69-876ccb6229dc,PILOT02,PILOT02_S1,cup,PILOT02_T01,1,1,I_H,1,0,1,14.823088966999421,14.823088966999421,6.354786338000849,1.3941079839987651,5.431040871000732,1.6431537739990745,8.673,3.001,147,5,50.269771,74,16,0.21621621621621623,0,1.783573303000594,1.7824832740006968,F:\sun\sunhan\消融实验数据\PILOT01\PILOT01_S1\2\PILOT02_S1\I_H_0e15798e-ea50-4e5c-8d69-876ccb6229dc_summary.json,8.672552851631202,3.0183420206692797,4.0560312922750335,3.3029915772314986,6.253065381147073,4.399168690893503,6.077117267009846,4.11450091181657,5.0714030003291555,18.97161319975569,76.55385099948035,122.81400200117787,50.269771,183.68749,0.0624734381640459,0.0021249468763280916
b731146b-b6de-4a28-942c-753a7f703fac,PILOT02,PILOT02_S1,cup,PILOT02_T04,4,1,I_H_G,1,1,1,11.483685649000108,11.483685649000108,4.097869264998735,1.6262763170016115,3.65014286099904,2.109397206000722,9.793,3.327,105,20,89.173744,78,32,0.41025641025641024,0,1.247916083997552,1.2461777770004119,F:\sun\sunhan\消融实验数据\PILOT01\PILOT01_S1\2\PILOT02_S1\I_H_G_b731146b-b6de-4a28-942c-753a7f703fac_summary.json,9.79329361982444,3.2486510767523713,4.765010587308532,2.992578296875635,9.217657529581247,4.870958529926809,6.126693715775425,5.067187925997706,5.070422999779112,10.928208447876088,79.60535832029566,114.69054700137349,99.520773,166.131804,0.05244755244755245,0.00999000999000999
4b62d3b4-d307-4092-8611-330db5b924a8,PILOT01,PILOT01_S1,cup,PILOT01_T01,1,1,I,0,0,0,,120.0,0.5996798109999872,0.3674618630002442,1.3844479619992853,,1.221,0.907,3000,0,144.736946,273,0,0.0,0,5.474733289000142,5.469215557000098,F:\sun\sunhan\消融实验数据\PILOT01\PILOT01_S1\I_4b62d3b4-d307-4092-8611-330db5b924a8_summary.json,0.8235312759757127,0.7932811182457168,1.1598906167926584,0.9597649281042784,1.2205273588586776,1.0291125175993439,1.1825564333698535,0.8835459562960051,5.071629000667599,24.061669000730035,73.34938300027716,128.4225230001539,133.663221,174.600787,0.9996667777407531,0.0
63d4f165-d5ab-4dae-a94e-68ad6bd63845,PILOT01,PILOT01_S1,apple,PILOT01_T07,7,1,I,0,0,1,15.022093356999903,15.022093356999903,6.727390689000458,1.0382702130000325,5.999088733999997,1.2573437209994154,7.422,2.72,2352,32,68.367083,225,13,0.057777777777777775,0,1.716035827000269,1.7145626279998396,F:\sun\sunhan\消融实验数据\PILOT01\PILOT01_S1\I_63d4f165-d5ab-4dae-a94e-68ad6bd63845_summary.json,2.81700318058021,1.9688210926644847,2.112433256695094,1.9060601043050394,7.422436958820434,4.70575141550335,3.4784354720220696,2.814379179855682,5.071399999906134,21.049315600248576,75.23872295969342,103.69462899961945,133.648376,169.283582,0.9995750106247344,0.013599660008499787
c140f745-3361-48aa-aaa3-2f948bef81f4,PILOT01,PILOT01_S1,cup,PILOT01_T01,1,1,I,0,0,1,13.943019338999875,13.943019338999875,5.509192395999889,1.5601630569999543,4.922880273999908,1.950783612000123,6.722,3.083,2111,0,134.898507,91,28,0.3076923076923077,0,2.2490375309998853,2.2469363419995716,F:\sun\sunhan\消融实验数据\PILOT01\PILOT01_S1\I_c140f745-3361-48aa-aaa3-2f948bef81f4_summary.json,4.304180877909263,2.167656657521111,4.640254115689195,3.6354036618248755,6.721844609294689,4.89819755719829,5.638275847661889,4.3049895928782345,5.071368000244547,23.110657250162884,83.09897445975352,104.51529700003448,103.464692,177.468912,0.9995265151515151,0.0
e634caf7-16ad-4c9d-8f42-b6e1cbc702c6,PILOT01,PILOT01_S1,mouse,PILOT01_T12,12,1,I,0,0,1,15.79827772599947,15.79827772599947,6.716965888000232,1.4547789899997952,5.83026702799998,1.796265819999462,5.957,2.873,2350,0,168.786842,199,73,0.36683417085427134,0,0.9343601590007893,0.9305836630001068,F:\sun\sunhan\消融实验数据\PILOT01\PILOT01_S1\I_e634caf7-16ad-4c9d-8f42-b6e1cbc702c6_summary.json,3.930086453808062,2.4764500275531285,3.876467766961974,2.8135110852583556,5.956600370837309,4.263515159281634,3.766707469310278,3.5249034696981614,5.071055999906093,24.30113350010288,86.66672749995996,103.61861700039299,133.594226,203.58727269999997,0.9995746490854955,0.0
2fe8b357-487d-42ba-93b6-000752cac9bc,PILOT01,PILOT01_S1,mouse,PILOT01_T09,9,1,I_G,0,1,1,16.08130986299966,16.08130986299966,6.619384548999733,1.223063264999837,6.653612623999834,1.5852494250002565,6.964,3.174,2466,0,154.409474,154,71,0.461038961038961,0,1.1810278969996943,1.1790156550005122,F:\sun\sunhan\消融实验数据\PILOT01\PILOT01_S1\I_G_2fe8b357-487d-42ba-93b6-000752cac9bc_summary.json,4.934018374407676,3.334133444102385,4.624925840157672,3.8288558583841676,6.963983564780949,4.269839941800561,3.3057335191667825,2.9470186565667857,5.071743999906175,21.63795370051951,76.62226415999615,105.02629799975693,131.776234,176.704899,0.9995946493717065,0.0
68029657-9878-45f5-9a77-1f575d8d5ebd,PILOT01,PILOT01_S1,apple,PILOT01_T06,6,1,I_G,0,1,1,17.54557910299991,17.54557910299991,8.22551114199996,1.0555489250000392,7.058845098000347,1.2056739379995633,7.591,2.693,2466,62,139.77756,257,11,0.042801556420233464,0,2.547998021999774,2.546834315000524,F:\sun\sunhan\消融实验数据\PILOT01\PILOT01_S1\I_G_68029657-9878-45f5-9a77-1f575d8d5ebd_summary.json,3.610265542674613,2.0273459423334494,3.1573415059648933,2.7655207467601413,7.591379510420207,4.711389425634728,3.716410717810146,3.083638229635036,5.072830000244721,29.587794199960587,78.44103912015277,104.94585200012807,133.710571,176.3273745499997,0.9995946493717065,0.02513173895419538
bee17c47-73a9-494f-badc-85e8b1b1db8c,PILOT01,PILOT01_S1,cup,PILOT01_T04,4,1,I_G,0,1,1,15.187274435999825,15.187274435999825,6.870762096999897,1.6135870050002268,4.790109807999215,1.912815526000486,6.181,2.609,2365,0,142.57259,112,53,0.4732142857142857,0,2.682247861000178,2.6787967370000842,F:\sun\sunhan\消融实验数据\PILOT01\PILOT01_S1\I_G_bee17c47-73a9-494f-badc-85e8b1b1db8c_summary.json,4.120853854617378,2.0210613281121192,4.114802002731004,3.303915143409584,6.180866059558992,4.098797567246346,5.530214843867827,3.979444650025771,5.071363500064763,18.472003500164647,73.1558327002858,103.43167999963043,95.277448,158.825106,0.9995773457311918,0.0
2030f492-f661-4c7d-b2e1-b58c491016c3,PILOT01,PILOT01_S1,apple,PILOT01_T05,5,1,I_H,1,0,1,15.56332254300014,15.56332254300014,8.251615345000573,0.9883099069993477,5.150752920000741,1.1726443709994783,7.433,2.881,2252,0,134.223446,236,36,0.15254237288135594,0,1.0358117710002261,1.031917813000291,F:\sun\sunhan\消融实验数据\PILOT01\PILOT01_S1\I_H_2030f492-f661-4c7d-b2e1-b58c491016c3_summary.json,4.1230616370328015,2.5658863856989855,4.220571174616706,3.660762478421841,7.43320910478149,4.78032052035889,3.495319128849268,2.9550404593967943,5.071624000265729,26.51425559997734,84.02871191963642,121.0189920002449,133.721731,186.571471,0.9995561473590768,0.0
56cc01ea-2008-4a5a-ac15-e520ec33b5c2,PILOT01,PILOT01_S1,mouse,PILOT01_T11,11,1,I_H,1,0,1,15.666046776999792,15.666046776999792,7.471669272999861,1.471525245000521,4.90220600199973,1.8206462569996802,6.403,2.89,2259,214,133.913393,186,82,0.44086021505376344,0,0.9089918800000305,0.9065072599996711,F:\sun\sunhan\消融实验数据\PILOT01\PILOT01_S1\I_H_56cc01ea-2008-4a5a-ac15-e520ec33b5c2_summary.json,4.091882107890523,2.6314817121477905,6.143825915668953,3.546060950847563,6.40270198148122,4.578801688882918,5.149283281616117,3.6428042676671324,5.071414999747503,28.73184390045933,79.79600367992133,105.94360600043728,133.525311,170.541373,0.9995575221238938,0.09469026548672567
fadfeb72-4f0d-4c5b-965e-dd26b0f6e7cf,PILOT01,PILOT01_S1,cup,PILOT01_T02,2,1,I_H,1,0,1,14.016939670999818,14.016939670999818,5.743878940000286,1.5728587909998168,4.669123161000243,2.031078778999472,6.505,2.871,2159,0,99.79781,108,48,0.4444444444444444,0,2.3737828789999185,2.3700668010005757,F:\sun\sunhan\消融实验数据\PILOT01\PILOT01_S1\I_H_fadfeb72-4f0d-4c5b-965e-dd26b0f6e7cf_summary.json,5.122634881067663,2.8615831685001605,4.451081493215379,2.537687021027584,6.505164221199529,4.395519877979457,5.569344378372324,3.769366470849103,5.071125499398477,21.506429900500486,73.85629208974927,137.79981799962115,133.718722,157.88551,0.999537037037037,0.0
242e683c-63b7-4c13-8c57-117dd04599b3,PILOT01,PILOT01_S1,apple,PILOT01_T08,8,1,I_H_G,1,1,1,18.064290845999494,18.064290845999494,8.856906014999367,1.0623882780000713,6.804535858000236,1.3404606949998197,7.286,2.804,2603,0,133.886473,271,59,0.2177121771217712,0,2.4816907479998918,2.479291648999606,F:\sun\sunhan\消融实验数据\PILOT01\PILOT01_S1\I_H_G_242e683c-63b7-4c13-8c57-117dd04599b3_summary.json,3.1815722968425444,2.143147633150382,2.724710862730332,2.4789678106047712,7.285520063389841,4.911332244460809,3.415192500859065,2.9927445915586715,5.071996499736997,27.484844899390733,88.16864320024172,107.16905299977952,133.779871,173.464721,0.9996159754224271,0.0
2b6f8a6c-66f5-4fc4-a995-ff3b89f52d52,PILOT01,PILOT01_S1,cup,PILOT01_T03,3,1,I_H_G,1,1,1,14.402311126999848,14.402311126999848,6.493685197000559,1.3753895919999195,4.859724315999301,1.673512022000068,6.187,2.647,2246,0,67.293504,50,20,0.4,0,3.0520013289997223,3.047078624000278,F:\sun\sunhan\消融实验数据\PILOT01\PILOT01_S1\I_H_G_2b6f8a6c-66f5-4fc4-a995-ff3b89f52d52_summary.json,5.505371878777782,1.8902360966315002,6.187343380488241,3.4059018736402393,6.139307381867176,4.53288554089561,5.84352698909976,4.6883701905682935,5.071102999863797,19.215875499958184,77.50433150007662,103.51986200021202,66.970912,137.647852,0.9995549621717846,0.0
ff25f76f-09e0-4286-bd0f-237ad810d6f8,PILOT01,PILOT01_S1,mouse,PILOT01_T10,10,1,I_H_G,1,1,1,14.893391420000626,14.893391420000626,6.262274809000701,1.2716983929994967,5.699835651000285,1.6595825670001432,6.712,3.373,2183,293,133.989432,182,92,0.5054945054945055,0,0.8930658310000581,0.8891479290005009,F:\sun\sunhan\消融实验数据\PILOT01\PILOT01_S1\I_H_G_ff25f76f-09e0-4286-bd0f-237ad810d6f8_summary.json,4.522347797219959,3.0332657122166977,6.711689926147919,5.495179180380173,6.5246443061764525,4.551737972086599,3.96932218123485,3.6119229028742637,5.071313000371447,27.386695699942646,83.43572457049972,119.09964200003742,133.617886,192.624772,0.9995421245421245,0.13415750915750915
68c1352f-cf5b-4908-beff-e36ec38e4a9f,PILOT02,PILOT02_S2,banana,PILOT02_T13,13,1,I,0,0,1,15.10342150499855,15.10342150499855,5.0153661879994615,1.7609855880000396,6.129118216998904,2.197951512000145,6.011,2.449,131,0,67.056428,166,74,0.4457831325301205,0,1.9816701039999316,1.9774729019991355,F:\sun\sunhan\消融实验数据\PILOT02\PILOT02_S2\G04_banana_R1\I_68c1352f-cf5b-4908-beff-e36ec38e4a9f_summary.json,2.9637218332651596,1.8709052203569647,1.9417166681691609,1.818286395698649,6.010661299856258,3.938678869530597,3.393297267821529,2.95609351472006,5.07094949898601,7.452252852817793,72.71058039859781,129.59097000202746,129.709438,156.848661,0.05081458494957331,0.0
b90b5a55-1302-4891-a630-005299380e41,PILOT02,PILOT02_S2,banana,PILOT02_T16,16,1,I_G,0,1,1,15.902549963000638,15.902549963000638,3.490872009002487,3.1661020329993335,5.923261559000821,3.3223143619979965,6.327,2.654,115,0,140.179357,135,60,0.4444444444444444,0,1.3284029599999485,1.3250006000016583,F:\sun\sunhan\消融实验数据\PILOT02\PILOT02_S2\G04_banana_R1\I_G_b90b5a55-1302-4891-a630-005299380e41_summary.json,2.954792216749017,2.016487933572911,2.8546778567649778,2.0837570726062866,6.327187102391779,3.9455536019227018,5.25144657190074,3.509112413263585,5.0705415014817845,5.974238051567224,66.13581190984351,106.71249699953478,139.356331,162.453835,0.040867093105899074,0.0
db44f166-f8bd-4e2b-be83-55d5f8f7572f,PILOT02,PILOT02_S2,banana,PILOT02_T14,14,1,I_H,1,0,1,13.853033391998906,13.853033391998906,4.559064736997243,1.8867472279998765,5.201107630000479,2.206113797001308,6.041,2.514,125,0,161.861604,172,70,0.4069767441860465,0,1.2873241130000679,1.2776201220003713,F:\sun\sunhan\消融实验数据\PILOT02\PILOT02_S2\G04_banana_R1\I_H_db44f166-f8bd-4e2b-be83-55d5f8f7572f_summary.json,2.7406695600914377,1.9963386570289465,2.4900826479809646,1.5639099029233436,6.040661419046116,4.297429224276969,3.258608021532774,3.0498367849453736,5.071207000582945,8.37351390073308,69.43487448232207,103.72090599776129,133.536719,171.410944,0.0519318653926049,0.0
c91ac1c8-4a6a-40c3-abdf-4a3a985804a4,PILOT02,PILOT02_S2,banana,PILOT02_T15,15,1,I_H_G,1,1,1,16.555808491997595,16.555808491997595,5.993646474998968,3.1159151809988543,4.015995497000404,3.430251338999369,5.887,2.058,119,0,83.915804,178,56,0.3146067415730337,0,3.9639448859998083,3.957207172999915,F:\sun\sunhan\消融实验数据\PILOT02\PILOT02_S2\G04_banana_R1\I_H_G_c91ac1c8-4a6a-40c3-abdf-4a3a985804a4_summary.json,3.24865663871183,1.5996612206316423,5.115605749565659,1.8747460390913515,5.887179595561522,3.8512783045606227,5.488952178925133,3.1778707058631763,5.071041499832063,6.111914849316239,64.84868307870794,114.04355199920246,74.295202,173.799422,0.04106280193236715,0.0
d6350d0f-5d79-481e-a38f-00db3748809d,PILOT02,PILOT02_S2,scissors,PILOT02_T19,19,1,I,0,0,1,18.720225050001318,18.720225050001318,6.7748348000022816,2.43779410299976,6.734469066999736,2.77312707999954,6.27,2.681,158,0,151.523738,65,7,0.1076923076923077,0,1.5445871290030482,1.5424484360009956,F:\sun\sunhan\消融实验数据\PILOT02\PILOT02_S2\G05_scissors_R1\I_d6350d0f-5d79-481e-a38f-00db3748809d_summary.json,3.838102749065022,2.1384862075747755,1.4687764195127861,1.0087722142080915,6.14351938417703,4.221689677780108,6.2494243601522905,4.022338829104843,5.07242599996971,9.90332880173807,67.61598424069221,120.4237580022891,115.315971,145.360504,0.05202502469542312,0.0
f8ace150-36b3-4f59-ba05-c7c96daef295,PILOT02,PILOT02_S2,scissors,PILOT02_T18,18,1,I_G,0,1,1,13.861969966998004,13.861969966998004,5.232105953000428,1.823550807999709,4.815210229000513,1.9911029769973538,6.54,3.065,125,0,51.575117,46,0,0.0,0,0.8963399959975504,0.8947430049993272,F:\sun\sunhan\消融实验数据\PILOT02\PILOT02_S2\G05_scissors_R1\I_G_f8ace150-36b3-4f59-ba05-c7c96daef295_summary.json,3.5121634289702626,2.676225327254853,3.452762342284074,3.1552968102707784,6.5400249332747,4.545039376808955,5.7192150617288675,3.7802580725641564,5.071479998150608,7.57112615065119,72.80892789949576,103.76249699766049,51.575117,150.89732539999915,0.051610239471511145,0.0
42af396f-192f-4a0d-942d-8592547a666f,PILOT02,PILOT02_S2,scissors,PILOT02_T17,17,1,I_H,1,0,1,20.128849431999697,20.128849431999697,6.868233529999998,2.1484783529995184,0.6297345310013043,10.482403017998877,6.303,2.248,127,106,101.013851,79,18,0.22784810126582278,0,2.11191243400026,2.1080695359996753,F:\sun\sunhan\消融实验数据\PILOT02\PILOT02_S2\G05_scissors_R1\I_H_42af396f-192f-4a0d-942d-8592547a666f_summary.json,3.382223044992266,1.9410691933848543,6.302626936379398,3.0106146743225906,5.962169526616978,3.1293517668740787,5.83510395728063,2.64571594886932,5.070712000815547,5.598553048184836,59.653031952620786,105.59420900244731,133.573741,139.691865,0.03626499143346659,0.03026841804683038
6298b12a-f76e-4b72-8b21-2d8fd390711e,PILOT02,PILOT02_S2,scissors,PILOT02_T20,20,1,I_H_G,1,1,1,14.963918028999615,14.963918028999615,6.036608532998798,1.8197091160000127,5.00858357800098,2.0990168019998237,5.993,2.437,135,146,133.617416,51,2,0.0392156862745098,0,0.6627396389994828,0.6593717609976011,F:\sun\sunhan\消融实验数据\PILOT02\PILOT02_S2\G05_scissors_R1\I_H_G_6298b12a-f76e-4b72-8b21-2d8fd390711e_summary.json,3.743173809652541,1.820067240524309,4.413825786724458,1.4010967081926613,5.893314880006788,4.053106984320409,5.992768653946608,4.180775439938722,5.071122999652289,11.985288500727467,73.60236219821674,105.69056299937074,50.087139,139.402235,0.056086414624013294,0.060656418778562524
77b53dc8-769e-49dd-879c-87595713bb8c,PILOT02,PILOT02_S2,bottle,PILOT02_T24,24,1,I,0,0,1,17.59871350600224,17.59871350600224,7.427340012000059,1.545953566001117,6.782668289000867,1.8427516390001983,6.778,2.731,161,0,134.03059,168,104,0.6190476190476191,0,0.7696059250010876,0.7682941659986682,F:\sun\sunhan\消融实验数据\PILOT02\PILOT02_S2\G06_bottle_R1\I_77b53dc8-769e-49dd-879c-87595713bb8c_summary.json,3.479861877427795,2.195741555733345,4.183450469499746,2.577366102339097,6.778406138816699,4.26005937204649,5.104544350656327,2.7866880909792124,5.07095200009644,17.226744399522424,77.15108279749968,108.81707500084303,115.280803,170.718117,0.059873558943845294,0.0
022c8003-efa6-4947-abd1-9aabdee185d1,PILOT02,PILOT02_S2,bottle,PILOT02_T21,21,1,I_G,0,1,1,13.804418813000666,13.804418813000666,5.3822015690020635,1.5880703999973775,5.037232435999613,1.7969144080016122,7.034,2.881,133,0,133.872117,159,103,0.6477987421383647,0,1.3412970560020767,1.3371257600010722,F:\sun\sunhan\消融实验数据\PILOT02\PILOT02_S2\G06_bottle_R1\I_G_022c8003-efa6-4947-abd1-9aabdee185d1_summary.json,3.8798862152575015,2.524193561288374,3.9913088761748545,2.467086088804099,7.033599523279905,4.670374405262612,4.991094109648125,3.6470154724749175,5.070995501228026,13.319546748789406,75.3808199526243,106.57451400038553,116.604558,171.04977,0.059006211180124224,0.0
44a68389-f034-4aa4-bdca-782571f2b21f,PILOT02,PILOT02_S2,bottle,PILOT02_T23,23,1,I_H,1,0,1,14.43912857900068,14.43912857900068,5.564653601002647,1.6342304469981173,5.312407550001808,1.9278369809981086,7.072,3.161,133,0,60.896141,154,114,0.7402597402597403,0,0.6931189209972217,0.6887659989988606,F:\sun\sunhan\消融实验数据\PILOT02\PILOT02_S2\G06_bottle_R1\I_H_44a68389-f034-4aa4-bdca-782571f2b21f_summary.json,3.776381186363025,1.906539216973295,6.835448122910194,5.117147269654829,7.072065723073423,4.871181951196397,5.270808616065227,3.5363460002305507,5.070908002380747,14.892420400428694,72.9200253612362,106.58496500036563,126.679068,170.7631,0.05642766228256258,0.0
6cfb3a7a-6522-492b-8158-09f135ce0f1b,PILOT02,PILOT02_S2,bottle,PILOT02_T22,22,1,I_H_G,1,1,1,12.515406491002068,12.515406491002068,4.117112392999843,1.663990824999928,4.83630063000237,1.898002642999927,7.558,3.135,117,5,133.770683,125,81,0.648,0,1.1488525409986323,1.147021398999641,F:\sun\sunhan\消融实验数据\PILOT02\PILOT02_S2\G06_bottle_R1\I_H_G_6cfb3a7a-6522-492b-8158-09f135ce0f1b_summary.json,3.8496605005555624,2.6720859126028267,7.5584518431814445,3.7398406187582838,6.80553871721349,4.761611269903106,5.587933592607136,3.6050727703053655,5.070827999588801,8.429845501814253,71.79643200066492,126.87111000195728,81.806491,169.151683,0.053817847286108556,0.0022999080036798527
